# grupo	libro_a	libro_b	veredicto	contención	jaccard
0	131	1546	IDÉNTICO	1.0	1.0
1	186	372	distinto	0.14	0.07
2	204	208	IDÉNTICO	1.0	1.0
3	226	3374	distinto	0.35	0.21
4	322	523	distinto	0.42	0.25
5	352	665	distinto	0.1	0.05
5	352	9888	distinto	0.34	0.2
5	665	9888	distinto	0.09	0.04
6	353	9881	IDÉNTICO	1.0	1.0
7	399	461	distinto	0.05	0.01
8	455	560	IDÉNTICO	0.99	0.96
9	458	9175	distinto	0.0	0.0
10	492	9801	distinto	0.25	0.14
11	525	618	IDÉNTICO	1.0	1.0
11	525	619	IDÉNTICO	1.0	1.0
11	618	619	IDÉNTICO	1.0	1.0
12	529	3462	IDÉNTICO	1.0	1.0
13	742	9880	IDÉNTICO	1.0	1.0
14	1093	9910	distinto	0.03	0.02
15	1161	10379	distinto	0.07	0.03
16	1180	3372	IDÉNTICO	1.0	0.99
17	1187	3394	distinto	0.0	0.0
18	1204	1208	distinto	0.18	0.09
19	1687	9847	distinto	0.0	0.0
20	1941	1942	IDÉNTICO	1.0	1.0
20	1941	1943	IDÉNTICO	1.0	1.0
20	1941	1944	IDÉNTICO	1.0	1.0
20	1942	1943	IDÉNTICO	1.0	1.0
20	1942	1944	IDÉNTICO	1.0	1.0
20	1943	1944	IDÉNTICO	1.0	1.0
21	1957	9812	IDÉNTICO	1.0	1.0
22	2196	2197	distinto	0.0	0.0
23	2198	2199	distinto	0.01	0.01
24	2200	2201	distinto	0.01	0.0
25	2275	2276	distinto	0.45	0.1
26	2281	2282	distinto	0.03	0.01
26	2281	2283	distinto	0.0	0.0
26	2282	2283	distinto	0.0	0.0
27	2288	2725	distinto	0.0	0.0
28	2684	2685	distinto	0.0	0.0
29	2687	2688	distinto	0.01	0.0
30	2911	2912	distinto	0.0	0.0
31	2913	2914	distinto	0.01	0.0
32	3103	3104	parecido	0.59	0.42
33	3154	3159	distinto	0.45	0.29
34	3156	3160	distinto	0.08	0.04
35	3157	3161	distinto	0.44	0.28
36	3158	3162	distinto	0.08	0.04
37	3177	3178	distinto	0.0	0.0
38	3179	3181	distinto	0.0	0.0
39	3183	3184	distinto	0.0	0.0
39	3183	3185	distinto	0.0	0.0
39	3183	3186	distinto	0.0	0.0
39	3184	3185	distinto	0.0	0.0
39	3184	3186	distinto	0.0	0.0
39	3185	3186	distinto	0.0	0.0
40	3241	3242	distinto	0.0	0.0
40	3241	3244	distinto	0.0	0.0
40	3241	3245	distinto	0.0	0.0
40	3241	3247	distinto	0.0	0.0
40	3241	3248	distinto	0.0	0.0
40	3241	3249	distinto	0.0	0.0
40	3241	3250	distinto	0.0	0.0
40	3241	3251	distinto	0.0	0.0
40	3241	3252	distinto	0.0	0.0
40	3241	3253	distinto	0.0	0.0
40	3241	3254	distinto	0.0	0.0
40	3242	3244	distinto	0.0	0.0
40	3242	3245	distinto	0.0	0.0
40	3242	3247	distinto	0.0	0.0
40	3242	3248	distinto	0.01	0.0
40	3242	3249	distinto	0.0	0.0
40	3242	3250	distinto	0.0	0.0
40	3242	3251	distinto	0.0	0.0
40	3242	3252	distinto	0.0	0.0
40	3242	3253	distinto	0.0	0.0
40	3242	3254	distinto	0.0	0.0
40	3244	3245	distinto	0.0	0.0
40	3244	3247	distinto	0.0	0.0
40	3244	3248	distinto	0.01	0.0
40	3244	3249	distinto	0.0	0.0
40	3244	3250	distinto	0.0	0.0
40	3244	3251	distinto	0.0	0.0
40	3244	3252	distinto	0.0	0.0
40	3244	3253	distinto	0.0	0.0
40	3244	3254	distinto	0.0	0.0
40	3245	3247	distinto	0.0	0.0
40	3245	3248	distinto	0.0	0.0
40	3245	3249	distinto	0.0	0.0
40	3245	3250	distinto	0.0	0.0
40	3245	3251	distinto	0.0	0.0
40	3245	3252	distinto	0.0	0.0
40	3245	3253	distinto	0.0	0.0
40	3245	3254	distinto	0.0	0.0
40	3247	3248	distinto	0.01	0.0
40	3247	3249	distinto	0.0	0.0
40	3247	3250	distinto	0.0	0.0
40	3247	3251	distinto	0.0	0.0
40	3247	3252	distinto	0.0	0.0
40	3247	3253	distinto	0.0	0.0
40	3247	3254	distinto	0.0	0.0
40	3248	3249	distinto	0.01	0.0
40	3248	3250	distinto	0.0	0.0
40	3248	3251	distinto	0.0	0.0
40	3248	3252	distinto	0.01	0.0
40	3248	3253	distinto	0.0	0.0
40	3248	3254	distinto	0.01	0.0
40	3249	3250	distinto	0.0	0.0
40	3249	3251	distinto	0.0	0.0
40	3249	3252	distinto	0.02	0.0
40	3249	3253	distinto	0.0	0.0
40	3249	3254	distinto	0.0	0.0
40	3250	3251	distinto	0.0	0.0
40	3250	3252	distinto	0.0	0.0
40	3250	3253	distinto	0.0	0.0
40	3250	3254	distinto	0.0	0.0
40	3251	3252	distinto	0.0	0.0
40	3251	3253	distinto	0.0	0.0
40	3251	3254	distinto	0.0	0.0
40	3252	3253	distinto	0.0	0.0
40	3252	3254	distinto	0.0	0.0
40	3253	3254	distinto	0.0	0.0
41	3379	3393	distinto	0.16	0.06
42	3554	3555	distinto	0.15	0.08
43	3578	3580	distinto	0.46	0.21
44	3707	3710	distinto	0.37	0.17
45	3708	3709	distinto	0.41	0.18
46	3714	3715	distinto	0.0	0.0
47	3717	3718	distinto	0.0	0.0
47	3717	3719	distinto	0.0	0.0
47	3718	3719	distinto	0.0	0.0
48	3738	3739	distinto	0.01	0.0
49	3808	3809	distinto	0.0	0.0
50	3813	3814	distinto	0.0	0.0
51	3839	3840	distinto	0.03	0.01
52	3915	3916	CONTENIDO (uno incluye al otro)	1.0	0.4
53	3942	3943	distinto	0.01	0.0
54	3945	3947	distinto	0.02	0.01
55	4043	4044	distinto	0.0	0.0
56	4047	4052	distinto	0.0	0.0
57	4264	4377	distinto	0.0	0.0
58	4265	8529	IDÉNTICO	1.0	1.0
59	4318	4319	distinto	0.0	0.0
59	4318	4320	distinto	0.0	0.0
59	4318	4321	distinto	0.0	0.0
59	4319	4320	distinto	0.0	0.0
59	4319	4321	distinto	0.0	0.0
59	4320	4321	distinto	0.0	0.0
60	4331	4344	distinto	0.02	0.01
61	4526	4527	distinto	0.01	0.0
62	4529	4530	distinto	0.01	0.0
62	4529	4531	distinto	0.01	0.0
62	4530	4531	distinto	0.01	0.0
63	8664	8683	distinto	0.01	0.0
64	8676	8678	distinto	0.18	0.1
65	8723	8725	distinto	0.07	0.03
65	8723	8726	distinto	0.04	0.02
65	8723	8727	distinto	0.06	0.03
65	8723	8728	distinto	0.08	0.01
65	8723	8729	distinto	0.08	0.03
65	8723	8730	distinto	0.12	0.04
65	8723	8731	distinto	0.11	0.03
65	8723	8732	distinto	0.15	0.03
65	8723	8733	distinto	0.09	0.03
65	8723	8734	distinto	0.06	0.02
65	8723	8735	distinto	0.06	0.02
65	8723	8736	distinto	0.05	0.02
65	8723	8737	distinto	0.12	0.03
65	8725	8726	distinto	0.06	0.03
65	8725	8727	distinto	0.05	0.02
65	8725	8728	distinto	0.03	0.01
65	8725	8729	distinto	0.26	0.07
65	8725	8730	distinto	0.1	0.02
65	8725	8731	distinto	0.11	0.02
65	8725	8732	distinto	0.14	0.02
65	8725	8733	distinto	0.09	0.02
65	8725	8734	distinto	0.06	0.02
65	8725	8735	distinto	0.06	0.02
65	8725	8736	distinto	0.05	0.02
65	8725	8737	distinto	0.11	0.02
65	8726	8727	distinto	0.04	0.02
65	8726	8728	distinto	0.03	0.01
65	8726	8729	distinto	0.1	0.03
65	8726	8730	distinto	0.09	0.02
65	8726	8731	distinto	0.1	0.03
65	8726	8732	distinto	0.14	0.03
65	8726	8733	distinto	0.08	0.02
65	8726	8734	distinto	0.06	0.02
65	8726	8735	distinto	0.06	0.02
65	8726	8736	distinto	0.05	0.02
65	8726	8737	distinto	0.11	0.02
65	8727	8728	distinto	0.07	0.01
65	8727	8729	distinto	0.08	0.03
65	8727	8730	distinto	0.11	0.03
65	8727	8731	distinto	0.1	0.03
65	8727	8732	distinto	0.15	0.03
65	8727	8733	distinto	0.08	0.03
65	8727	8734	distinto	0.06	0.02
65	8727	8735	distinto	0.06	0.02
65	8727	8736	distinto	0.05	0.02
65	8727	8737	distinto	0.11	0.03
65	8728	8729	distinto	0.08	0.01
65	8728	8730	distinto	0.1	0.01
65	8728	8731	distinto	0.11	0.01
65	8728	8732	distinto	0.15	0.01
65	8728	8733	distinto	0.09	0.01
65	8728	8734	distinto	0.05	0.01
65	8728	8735	distinto	0.07	0.01
65	8728	8736	distinto	0.05	0.01
65	8728	8737	distinto	0.11	0.01
65	8729	8730	distinto	0.09	0.04
65	8729	8731	distinto	0.1	0.04
65	8729	8732	distinto	0.15	0.06
65	8729	8733	distinto	0.08	0.04
65	8729	8734	distinto	0.07	0.03
65	8729	8735	distinto	0.08	0.03
65	8729	8736	distinto	0.08	0.03
65	8729	8737	distinto	0.11	0.05
65	8730	8731	distinto	0.14	0.08
65	8730	8732	distinto	0.14	0.06
65	8730	8733	distinto	0.1	0.05
65	8730	8734	distinto	0.1	0.04
65	8730	8735	distinto	0.09	0.04
65	8730	8736	distinto	0.09	0.03
65	8730	8737	distinto	0.11	0.05
65	8731	8732	distinto	0.2	0.08
65	8731	8733	distinto	0.12	0.06
65	8731	8734	distinto	0.11	0.04
65	8731	8735	distinto	0.1	0.04
65	8731	8736	distinto	0.09	0.03
65	8731	8737	distinto	0.11	0.05
65	8732	8733	distinto	0.18	0.07
65	8732	8734	distinto	0.17	0.05
65	8732	8735	distinto	0.14	0.04
65	8732	8736	distinto	0.14	0.04
65	8732	8737	distinto	0.14	0.06
65	8733	8734	distinto	0.1	0.04
65	8733	8735	distinto	0.08	0.03
65	8733	8736	distinto	0.08	0.03
65	8733	8737	distinto	0.11	0.05
65	8734	8735	distinto	0.06	0.03
65	8734	8736	distinto	0.05	0.03
65	8734	8737	distinto	0.11	0.04
65	8735	8736	distinto	0.07	0.03
65	8735	8737	distinto	0.13	0.05
65	8736	8737	distinto	0.2	0.07
66	8776	8780	distinto	0.0	0.0
67	8777	8782	distinto	0.12	0.05
68	8789	8790	distinto	0.0	0.0
69	8836	8837	distinto	0.03	0.01
69	8836	8838	distinto	0.0	0.0
69	8837	8838	distinto	0.01	0.0
70	9043	9044	distinto	0.31	0.12
71	9057	9058	distinto	0.04	0.02
71	9057	9061	distinto	0.0	0.0
71	9058	9061	distinto	0.0	0.0
72	9109	9110	distinto	0.0	0.0
73	9114	9116	distinto	0.0	0.0
74	9156	9161	distinto	0.11	0.06
75	9220	9222	distinto	0.0	0.0
76	9612	9616	distinto	0.01	0.0
77	9813	9815	distinto	0.0	0.0
78	9850	9853	distinto	0.09	0.04
