80	Bernardo, Bernardi Carriello/Las crisis bancarias paises emergentes caso latinoamerica (80)	Bernardo, Bernardi Carriello/Las crisis bancarias paises emergentes caso Latinoamerica (80)
249	Readiris/Webb r distribucion del ingreso en el peru (249)	Readiris/Webb r distribucion del ingreso en el Peru (249)
258	Francisco, Verdera/La pobreza en el peru pucp (258)	Francisco, Verdera/La pobreza en el Peru pucp (258)
452	Carlos, Contreras/La desigualdad de la distribucion de ingresos en el peru (452)	Carlos, Contreras/La desigualdad de la distribucion de ingresos en el Peru (452)
490	Congreso de la Republica/Constitucion politica del peru 1993 (490)	Congreso de la Republica/Constitucion politica del Peru 1993 (490)
497	Efrain, Gonzales de Olarte/Descentralizacion divergencia y desarrollo regional en el peru del 2010 (497)	Efrain, Gonzales de Olarte/Descentralizacion divergencia y desarrollo regional en el Peru del 2010 (497)
725	Michael, Parkin/Microeconomia. version para latinoamerica (725)	Michael, Parkin/Microeconomia. version para Latinoamerica (725)
744	Michael, Parkin/Macroeconomia.version para latinoamerica (744)	Michael, Parkin/Macroeconomia.version para Latinoamerica (744)
858	Renzo, Rossini/Entorno dolarizacion financiera caso peru 1996 2006 (858)	Renzo, Rossini/Entorno dolarizacion financiera caso Peru 1996 2006 (858)
943	Eduardo, Galeano/Las venas abiertas de america latina (943)	Eduardo, Galeano/Las venas abiertas de America latina (943)
1146	Giovanna, Aguilar Andia/Microcredito y crecimiento regional en el peru (1146)	Giovanna, Aguilar Andia/Microcredito y crecimiento regional en el Peru (1146)
1148	Cecilia, Garavito Masalias/La ley de okun en el peru lima metropolitana 1971 2016 (1148)	Cecilia, Garavito Masalias/La ley de okun en el Peru lima metropolitana 1971 2016 (1148)
1150	Jose, Oscategui A_/Politicas de estabilizacion vs politicas de crecimiento en peru 2011 2018 (1150)	Jose, Oscategui A_/Politicas de estabilizacion vs politicas de crecimiento en Peru 2011 2018 (1150)
1156	Rodolfo, Cermeno/Que hubiera pasado en 2014 2016 si un modelo macroeconometrico para el peru (1156)	Rodolfo, Cermeno/Que hubiera pasado en 2014 2016 si un modelo macroeconometrico para el Peru (1156)
1157	Felix, Jimenez/Crecimiento y desindustrializacion prematura en peru un analisis kaldoriano (1157)	Felix, Jimenez/Crecimiento y desindustrializacion prematura en Peru un analisis kaldoriano (1157)
1159	Oscar, Dancourt/Intervencion cambiaria y politica monetaria en el peru (1159)	Oscar, Dancourt/Intervencion cambiaria y politica monetaria en el Peru (1159)
1185	Richard, Roca/Lineamientos de politica economica para el peru 2001 2006 (1185)	Richard, Roca/Lineamientos de politica economica para el Peru 2001 2006 (1185)
1186	Richard, Roca/Lineamientos de politica economica para el peru 2006 2011 (1186)	Richard, Roca/Lineamientos de politica economica para el Peru 2006 2011 (1186)
1400	Carlos, Aquino Rodriguez/Importancia de la participacion del peru en el focalae (1400)	Carlos, Aquino Rodriguez/Importancia de la participacion del Peru en el focalae (1400)
1746	Julio, Velarde/Efectos crisis financiera internacional en peru (1746)	Julio, Velarde/Efectos crisis financiera internacional en Peru (1746)
1776	Nikita, Cespedes/Productividad en el peru medicion determinantes e implicancias (1776)	Nikita, Cespedes/Productividad en el Peru medicion determinantes e implicancias (1776)
2008	Andrew, Morrison/La participacion laboral de las mujeres en el peru 10 mensajes clave y 06 recomendaciones de po (2008)	Andrew, Morrison/La participacion laboral de las mujeres en el Peru 10 mensajes clave y 06 recomendaciones de po (2008)
2456	Miguel, Priale Ugas/Introduccion a la esp la inversion publica en america latina (2456)	Miguel, Priale Ugas/Introduccion a la esp la inversion publica en America latina (2456)
3337	Mario, Mesia/El costo del credito en peru revision de la evolucion reciente (3337)	Mario, Mesia/El costo del credito en Peru revision de la evolucion reciente (3337)
4034	CONFIEP/Agenda nacional de reformas economicas en peru (4034)	CONFIEP/Agenda nacional de reformas economicas en Peru (4034)
4194	Jesus, Tong/Costo de capital en peru ii (4194)	Jesus, Tong/Costo de capital en Peru ii (4194)
4195	Jesus, Tong/Costo de capital en peru i (4195)	Jesus, Tong/Costo de capital en Peru i (4195)
4384	Omar, Zambrano/Perspectivas par america latina en la turbulencia global (4384)	Omar, Zambrano/Perspectivas par America latina en la turbulencia global (4384)
8527	Jose Maria, Pacori Cari/Manual procedimiento administrativo general peru (8527)	Jose Maria, Pacori Cari/Manual procedimiento administrativo general Peru (8527)
8573	Eddy, Bekkers/Las politicas exitosas de ied en america latina y elcaribe (8573)	Eddy, Bekkers/Las politicas exitosas de ied en America latina y elcaribe (8573)
8816	Juan Enrique, Sierra Contreras/Analisis y perspectivas de las finanzas publicas en el peru (8816)	Juan Enrique, Sierra Contreras/Analisis y perspectivas de las finanzas publicas en el Peru (8816)
8957	Richard, Roca/Metas de inflacion y efectividad de la politica monetaria en el peru (8957)	Richard, Roca/Metas de inflacion y efectividad de la politica monetaria en el Peru (8957)
8959	Renzo, Rossini/Intervencion cambiaria en el peru 2007 a 2013 (8959)	Renzo, Rossini/Intervencion cambiaria en el Peru 2007 a 2013 (8959)
8961	Renzo, Rossini/Flujo de capitales politica monetaria e intervencion cambiaria en el peru (8961)	Renzo, Rossini/Flujo de capitales politica monetaria e intervencion cambiaria en el Peru (8961)
8964	Zenon, Quispe Misaico/La crisis global 2007 - 2009 y la politica monetaria del banco central de reserva del peru (8964)	Zenon, Quispe Misaico/La crisis global 2007 - 2009 y la politica monetaria del banco central de reserva del Peru (8964)
8967	Alberto, Pasco Font/Politicas de estabilizacion y reformas estructurales_ peru (8967)	Alberto, Pasco Font/Politicas de estabilizacion y reformas estructurales_ Peru (8967)
8970	Oscar, Dancourt/Reformas estructurales politica macroeconomica peru_ 1990-96 (8970)	Oscar, Dancourt/Reformas estructurales politica macroeconomica Peru_ 1990-96 (8970)
8982	Organizacion Internacional del Trabajo/Panorama laboral 2019 america latina y el caribe (8982)	Organizacion Internacional del Trabajo/Panorama laboral 2019 America latina y el caribe (8982)
8993	Cecilia, Garavito Masalias/La ley de okun en el peru_ 1970-2000 (8993)	Cecilia, Garavito Masalias/La ley de okun en el Peru_ 1970-2000 (8993)
9084	Enrique, Gonzalez Paucarhuanca/_Puede el internet potenciar el aprendizaje en america latina_ (9084)	Enrique, Gonzalez Paucarhuanca/_Puede el internet potenciar el aprendizaje en America latina_ (9084)
9091	Edison, Achalma Mendoza/Politica fiscal y deuda publica en peru (9091)	Edison, Achalma Mendoza/Politica fiscal y deuda publica en Peru (9091)
