80	Bernardo, Bernardi Carriello/Las crisis bancarias paises emergentes caso latinoamerica (80)/Las crisis bancarias paises emergentes cas - Bernardo, Bernardi Carriello.pdf	Bernardo, Bernardi Carriello/Las crisis bancarias paises emergentes caso Latinoamerica (80)/Las crisis bancarias paises emergentes cas - Bernardo, Bernardi Carriello.pdf
249	Readiris/Webb r distribucion del ingreso en el peru (249)/Webb r distribucion del ingreso en el peru - Readiris.pdf	Readiris/Webb r distribucion del ingreso en el Peru (249)/Webb r distribucion del ingreso en el Peru - Readiris.pdf
258	Francisco, Verdera/La pobreza en el peru pucp (258)/La pobreza en el peru pucp - Francisco, Verdera.pdf	Francisco, Verdera/La pobreza en el Peru pucp (258)/La pobreza en el Peru pucp - Francisco, Verdera.pdf
452	Carlos, Contreras/La desigualdad de la distribucion de ingresos en el peru (452)/La desigualdad de la distribucion de ingre - Carlos, Contreras.pdf	Carlos, Contreras/La desigualdad de la distribucion de ingresos en el Peru (452)/La desigualdad de la distribucion de ingre - Carlos, Contreras.pdf
490	Congreso de la Republica/Constitucion politica del peru 1993 (490)/Constitucion politica del peru 1993 - Congreso de la Republica.pdf	Congreso de la Republica/Constitucion politica del Peru 1993 (490)/Constitucion politica del Peru 1993 - Congreso de la Republica.pdf
497	Efrain, Gonzales de Olarte/Descentralizacion divergencia y desarrollo regional en el peru del 2010 (497)/Descentralizacion divergencia y desarrollo - Efrain, Gonzales de Olarte.pdf	Efrain, Gonzales de Olarte/Descentralizacion divergencia y desarrollo regional en el Peru del 2010 (497)/Descentralizacion divergencia y desarrollo - Efrain, Gonzales de Olarte.pdf
725	Michael, Parkin/Microeconomia. version para latinoamerica (725)/Microeconomia. version para latinoamerica - Michael, Parkin.pdf	Michael, Parkin/Microeconomia. version para Latinoamerica (725)/Microeconomia. version para Latinoamerica - Michael, Parkin.pdf
744	Michael, Parkin/Macroeconomia.version para latinoamerica (744)/Macroeconomia.version para latinoamerica - Michael, Parkin.pdf	Michael, Parkin/Macroeconomia.version para Latinoamerica (744)/Macroeconomia.version para Latinoamerica - Michael, Parkin.pdf
858	Renzo, Rossini/Entorno dolarizacion financiera caso peru 1996 2006 (858)/Entorno dolarizacion financiera caso peru - Renzo, Rossini.pdf	Renzo, Rossini/Entorno dolarizacion financiera caso Peru 1996 2006 (858)/Entorno dolarizacion financiera caso Peru - Renzo, Rossini.pdf
943	Eduardo, Galeano/Las venas abiertas de america latina (943)/Las venas abiertas de america latina - Eduardo, Galeano.pdf	Eduardo, Galeano/Las venas abiertas de America latina (943)/Las venas abiertas de America latina - Eduardo, Galeano.pdf
1146	Giovanna, Aguilar Andia/Microcredito y crecimiento regional en el peru (1146)/Microcredito y crecimiento regional en el - Giovanna, Aguilar Andia.pdf	Giovanna, Aguilar Andia/Microcredito y crecimiento regional en el Peru (1146)/Microcredito y crecimiento regional en el - Giovanna, Aguilar Andia.pdf
1148	Cecilia, Garavito Masalias/La ley de okun en el peru lima metropolitana 1971 2016 (1148)/La ley de okun en el peru lima metropolita - Cecilia, Garavito Masalias.pdf	Cecilia, Garavito Masalias/La ley de okun en el Peru lima metropolitana 1971 2016 (1148)/La ley de okun en el Peru lima metropolita - Cecilia, Garavito Masalias.pdf
1150	Jose, Oscategui A_/Politicas de estabilizacion vs politicas de crecimiento en peru 2011 2018 (1150)/Politicas de estabilizacion vs politicas d - Jose, Oscategui A_.pdf	Jose, Oscategui A_/Politicas de estabilizacion vs politicas de crecimiento en Peru 2011 2018 (1150)/Politicas de estabilizacion vs politicas d - Jose, Oscategui A_.pdf
1156	Rodolfo, Cermeno/Que hubiera pasado en 2014 2016 si un modelo macroeconometrico para el peru (1156)/Que hubiera pasado en 2014 2016 si un mode - Rodolfo, Cermeno.pdf	Rodolfo, Cermeno/Que hubiera pasado en 2014 2016 si un modelo macroeconometrico para el Peru (1156)/Que hubiera pasado en 2014 2016 si un mode - Rodolfo, Cermeno.pdf
1157	Felix, Jimenez/Crecimiento y desindustrializacion prematura en peru un analisis kaldoriano (1157)/Crecimiento y desindustrializacion prematu - Felix, Jimenez.pdf	Felix, Jimenez/Crecimiento y desindustrializacion prematura en Peru un analisis kaldoriano (1157)/Crecimiento y desindustrializacion prematu - Felix, Jimenez.pdf
1159	Oscar, Dancourt/Intervencion cambiaria y politica monetaria en el peru (1159)/Intervencion cambiaria y politica monetari - Oscar, Dancourt.pdf	Oscar, Dancourt/Intervencion cambiaria y politica monetaria en el Peru (1159)/Intervencion cambiaria y politica monetari - Oscar, Dancourt.pdf
1185	Richard, Roca/Lineamientos de politica economica para el peru 2001 2006 (1185)/Lineamientos de politica economica para el - Richard, Roca.pdf	Richard, Roca/Lineamientos de politica economica para el Peru 2001 2006 (1185)/Lineamientos de politica economica para el - Richard, Roca.pdf
1186	Richard, Roca/Lineamientos de politica economica para el peru 2006 2011 (1186)/Lineamientos de politica economica para el - Richard, Roca.pdf	Richard, Roca/Lineamientos de politica economica para el Peru 2006 2011 (1186)/Lineamientos de politica economica para el - Richard, Roca.pdf
1400	Carlos, Aquino Rodriguez/Importancia de la participacion del peru en el focalae (1400)/Importancia de la participacion del peru e - Carlos, Aquino Rodriguez.pdf	Carlos, Aquino Rodriguez/Importancia de la participacion del Peru en el focalae (1400)/Importancia de la participacion del Peru e - Carlos, Aquino Rodriguez.pdf
1746	Julio, Velarde/Efectos crisis financiera internacional en peru (1746)/Efectos crisis financiera internacional en - Julio, Velarde.pdf	Julio, Velarde/Efectos crisis financiera internacional en Peru (1746)/Efectos crisis financiera internacional en - Julio, Velarde.pdf
1776	Nikita, Cespedes/Productividad en el peru medicion determinantes e implicancias (1776)/Productividad en el peru medicion determin - Nikita, Cespedes.pdf	Nikita, Cespedes/Productividad en el Peru medicion determinantes e implicancias (1776)/Productividad en el Peru medicion determin - Nikita, Cespedes.pdf
2008	Andrew, Morrison/La participacion laboral de las mujeres en el peru 10 mensajes clave y 06 recomendaciones de po (2008)/La participacion laboral de las mujeres en - Andrew, Morrison.pdf	Andrew, Morrison/La participacion laboral de las mujeres en el Peru 10 mensajes clave y 06 recomendaciones de po (2008)/La participacion laboral de las mujeres en - Andrew, Morrison.pdf
2456	Miguel, Priale Ugas/Introduccion a la esp la inversion publica en america latina (2456)/Introduccion a la esp la inversion publica - Miguel, Priale Ugas.pdf	Miguel, Priale Ugas/Introduccion a la esp la inversion publica en America latina (2456)/Introduccion a la esp la inversion publica - Miguel, Priale Ugas.pdf
3337	Mario, Mesia/El costo del credito en peru revision de la evolucion reciente (3337)/El costo del credito en peru revision de l - Mario, Mesia.pdf	Mario, Mesia/El costo del credito en Peru revision de la evolucion reciente (3337)/El costo del credito en Peru revision de l - Mario, Mesia.pdf
4034	CONFIEP/Agenda nacional de reformas economicas en peru (4034)/Agenda nacional de reformas economicas en - CONFIEP.pdf	CONFIEP/Agenda nacional de reformas economicas en Peru (4034)/Agenda nacional de reformas economicas en - CONFIEP.pdf
4194	Jesus, Tong/Costo de capital en peru ii (4194)/Costo de capital en peru ii - Jesus, Tong.pdf	Jesus, Tong/Costo de capital en Peru ii (4194)/Costo de capital en Peru ii - Jesus, Tong.pdf
4195	Jesus, Tong/Costo de capital en peru i (4195)/Costo de capital en peru i - Jesus, Tong.pdf	Jesus, Tong/Costo de capital en Peru i (4195)/Costo de capital en Peru i - Jesus, Tong.pdf
4384	Omar, Zambrano/Perspectivas par america latina en la turbulencia global (4384)/Perspectivas par america latina en la turb - Omar, Zambrano.pdf	Omar, Zambrano/Perspectivas par America latina en la turbulencia global (4384)/Perspectivas par America latina en la turb - Omar, Zambrano.pdf
8527	Jose Maria, Pacori Cari/Manual procedimiento administrativo general peru (8527)/Manual procedimiento administrativo genera - Jose Maria, Pacori Cari.pdf	Jose Maria, Pacori Cari/Manual procedimiento administrativo general Peru (8527)/Manual procedimiento administrativo genera - Jose Maria, Pacori Cari.pdf
8573	Eddy, Bekkers/Las politicas exitosas de ied en america latina y elcaribe (8573)/Las politicas exitosas de ied en america l - Eddy, Bekkers.pdf	Eddy, Bekkers/Las politicas exitosas de ied en America latina y elcaribe (8573)/Las politicas exitosas de ied en America l - Eddy, Bekkers.pdf
8816	Juan Enrique, Sierra Contreras/Analisis y perspectivas de las finanzas publicas en el peru (8816)/Analisis y perspectivas de las finanzas pu - Juan Enrique, Sierra Contreras.pdf	Juan Enrique, Sierra Contreras/Analisis y perspectivas de las finanzas publicas en el Peru (8816)/Analisis y perspectivas de las finanzas pu - Juan Enrique, Sierra Contreras.pdf
8957	Richard, Roca/Metas de inflacion y efectividad de la politica monetaria en el peru (8957)/Metas de inflacion y efectividad de la pol - Richard, Roca.pdf	Richard, Roca/Metas de inflacion y efectividad de la politica monetaria en el Peru (8957)/Metas de inflacion y efectividad de la pol - Richard, Roca.pdf
8959	Renzo, Rossini/Intervencion cambiaria en el peru 2007 a 2013 (8959)/Intervencion cambiaria en el peru 2007 a 2 - Renzo, Rossini.pdf	Renzo, Rossini/Intervencion cambiaria en el Peru 2007 a 2013 (8959)/Intervencion cambiaria en el Peru 2007 a 2 - Renzo, Rossini.pdf
8961	Renzo, Rossini/Flujo de capitales politica monetaria e intervencion cambiaria en el peru (8961)/Flujo de capitales politica monetaria e in - Renzo, Rossini.pdf	Renzo, Rossini/Flujo de capitales politica monetaria e intervencion cambiaria en el Peru (8961)/Flujo de capitales politica monetaria e in - Renzo, Rossini.pdf
8964	Zenon, Quispe Misaico/La crisis global 2007 - 2009 y la politica monetaria del banco central de reserva del peru (8964)/La crisis global 2007 - 2009 y la politica - Zenon, Quispe Misaico.pdf	Zenon, Quispe Misaico/La crisis global 2007 - 2009 y la politica monetaria del banco central de reserva del Peru (8964)/La crisis global 2007 - 2009 y la politica - Zenon, Quispe Misaico.pdf
8967	Alberto, Pasco Font/Politicas de estabilizacion y reformas estructurales_ peru (8967)/Politicas de estabilizacion y reformas est - Alberto, Pasco Font.pdf	Alberto, Pasco Font/Politicas de estabilizacion y reformas estructurales_ Peru (8967)/Politicas de estabilizacion y reformas est - Alberto, Pasco Font.pdf
8970	Oscar, Dancourt/Reformas estructurales politica macroeconomica peru_ 1990-96 (8970)/Reformas estructurales politica macroecono - Oscar, Dancourt.pdf	Oscar, Dancourt/Reformas estructurales politica macroeconomica Peru_ 1990-96 (8970)/Reformas estructurales politica macroecono - Oscar, Dancourt.pdf
8982	Organizacion Internacional del Trabajo/Panorama laboral 2019 america latina y el caribe (8982)/Panorama laboral 2019 america latina y el - Organizacion Internacional del Trabajo.pdf	Organizacion Internacional del Trabajo/Panorama laboral 2019 America latina y el caribe (8982)/Panorama laboral 2019 America latina y el - Organizacion Internacional del Trabajo.pdf
8993	Cecilia, Garavito Masalias/La ley de okun en el peru_ 1970-2000 (8993)/La ley de okun en el peru_ 1970-2000 - Cecilia, Garavito Masalias.pdf	Cecilia, Garavito Masalias/La ley de okun en el Peru_ 1970-2000 (8993)/La ley de okun en el Peru_ 1970-2000 - Cecilia, Garavito Masalias.pdf
9084	Enrique, Gonzalez Paucarhuanca/_Puede el internet potenciar el aprendizaje en america latina_ (9084)/_Puede el internet potenciar el aprendizaj - Enrique, Gonzalez Paucarhuanca.pdf	Enrique, Gonzalez Paucarhuanca/_Puede el internet potenciar el aprendizaje en America latina_ (9084)/_Puede el internet potenciar el aprendizaj - Enrique, Gonzalez Paucarhuanca.pdf
9091	Edison, Achalma Mendoza/Politica fiscal y deuda publica en peru (9091)/Politica fiscal y deuda publica en peru - Edison, Achalma Mendoza.pdf	Edison, Achalma Mendoza/Politica fiscal y deuda publica en Peru (9091)/Politica fiscal y deuda publica en Peru - Edison, Achalma Mendoza.pdf
