carpeta	449		John, Petroff/Comparacion entre el modelo clasico y el de Keynes (449)
carpeta	3326		Unknown/Informacion incompleta_ juegos dinamicos o de senalizacion (3326)
carpeta	3330		Unknown/Analisis en forma estrategica_ juegos estaticos II (3330)
carpeta	3332		Unknown/Analisis en forma estrategica_ juegos estaticos I (3332)
carpeta	9693		Vicerrectorado Academico/Por que y como debemos combatir el plagio (9693)
formato	449	PDF	John, Petroff/Comparacion entre el modelo clasico y el de Keynes (449)/Comparacion entre el modelo clasico y el d - John, Petroff.pdf
formato	3326	PDF	Unknown/Informacion incompleta_ juegos dinamicos o de senalizacion (3326)/Informacion incompleta_ juegos dinamicos o - Unknown.pdf
formato	3330	PDF	Unknown/Analisis en forma estrategica_ juegos estaticos II (3330)/Analisis en forma estrategica_ juegos esta - Unknown.pdf
formato	3332	PDF	Unknown/Analisis en forma estrategica_ juegos estaticos I (3332)/Analisis en forma estrategica_ juegos esta - Unknown.pdf
formato	9693	PDF	Vicerrectorado Academico/Por que y como debemos combatir el plagio (9693)/Por que y como debemos combatir el plagio - Vicerrectorado Academico.pdf
