# libro	idioma viejo	idioma nuevo	motivo: texto del PDF en ese idioma (T5)
1153	spa	eng	portada leída con biblioteca.py texto
2104	spa	eng	portada leída con biblioteca.py texto
8610	spa	eng	portada leída con biblioteca.py texto
8909	spa	eng	portada leída con biblioteca.py texto
9011	spa	eng	portada leída con biblioteca.py texto
776	spa	eng	portada leída con biblioteca.py texto
255	spa	eng	portada leída con biblioteca.py texto
239	spa	eng	portada leída con biblioteca.py texto
9165	spa	eng	portada leída con biblioteca.py texto
10255	spa	eng	portada leída con biblioteca.py texto
10262	spa	eng	portada leída con biblioteca.py texto
10292	spa	eng	portada leída con biblioteca.py texto
10302	spa	eng	portada leída con biblioteca.py texto
10303	spa	eng	portada leída con biblioteca.py texto
10304	spa	eng	portada leída con biblioteca.py texto
10306	spa	eng	portada leída con biblioteca.py texto
10307	spa	eng	portada leída con biblioteca.py texto
10416	spa	eng	portada leída con biblioteca.py texto
10421	spa	eng	portada leída con biblioteca.py texto
10422	spa	eng	portada leída con biblioteca.py texto
9142	spa	por	portada leída con biblioteca.py texto
