libro	género	etiqueta que gana
9859	Matematicas	matematicas
9842	Matematicas	matematicas
9843	Matematicas	matematicas
9821	Economia	economia
9865	Politica	politica_y_gobierno
9863	Politica	politica_y_gobierno
9864	Politica	politica_y_gobierno
9861	Politica	politica_y_gobierno
9862	Politica	politica_y_gobierno
9860	Religion	religion
9823	Economia	economia
9815	Economia	economia
9816	Economia	economia
9811	Economia	economia
9812	Economia	economia
9813	Economia	economia
9814	Economia	economia
9805	Economia	economia
9806	Economia	economia
9807	Economia	economia
9771	Ciencias	ciencias_naturales
9772	Ciencias	ciencias_naturales
9764	Historia	historia
9761	Historia	historia
9762	Historia	historia
9820	Economia	economia
3074	Matematicas	matematicas
3075	Matematicas	matematicas
3076	Matematicas	matematicas
3081	Matematicas	matematicas
3082	Matematicas	matematicas
3084	Matematicas	matematicas
3077	Matematicas	matematicas
3080	Matematicas	matematicas
3	Ciencias Sociales	ciencias_sociales
4	Economia	economia
5	Ciencias Sociales	ciencias_sociales
9	Economia	economia
17	Literatura	literatura
18	Historia	historia
20	Literatura	literatura
26	Estadistica	estadistica
28	Literatura	literatura
29	Economia	economia
32	Economia	economia
33	Economia	economia
35	Historia	historia
37	Politica	politica_y_gobierno
38	Economia	economia
39	Literatura	literatura
41	Estadistica	estadistica
42	Finanzas	finanzas
48	Historia	historia
49	Economia	economia
50	Economia	economia
52	Economia	economia
53	Economia	economia
54	Economia	economia
55	Estadistica	estadistica
56	Estadistica	estadistica
58	Economia	economia
59	Economia	economia
66	Economia	economia
67	Economia	economia
70	Economia	economia
75	Economia	economia
78	Finanzas	finanzas
80	Economia	economia
82	Economia	economia
86	Economia	economia
89	Economia	economia
91	Economia	economia
94	Economia	economia
95	Economia	economia
97	Economia	economia
98	Economia	economia
99	Economia	economia
101	Economia	economia
103	Economia	economia
104	Economia	economia
106	Economia	economia
108	Economia	economia
112	Economia	economia
115	Economia	economia
120	Economia	economia
122	Economia	economia
123	Economia	economia
129	Economia	economia
130	Economia	economia
132	Finanzas	finanzas
136	Economia	economia
139	Economia	economia
141	Economia	economia
143	Economia	economia
146	Economia	economia
147	Economia	economia
150	Economia	economia
151	Economia	economia
154	Economia	economia
158	Economia	economia
159	Economia	economia
160	Economia	economia
165	Economia	economia
166	Economia	economia
167	Economia	economia
170	Economia	economia
171	Economia	economia
177	Economia	economia
178	Economia	economia
179	Economia	economia
182	Economia	economia
183	Economia	economia
184	Economia	economia
186	Economia	economia
190	Economia	economia
193	Economia	economia
200	Economia	economia
201	Economia	economia
204	Economia	economia
205	Economia	economia
206	Economia	economia
210	Economia	economia
211	Economia	economia
212	Economia	economia
213	Politica	politica_y_gobierno
215	Economia	economia
219	Economia	economia
220	Economia	economia
221	Economia	economia
222	Economia	economia
223	Economia	economia
224	Economia	economia
226	Economia	economia
227	Economia	economia
230	Economia	economia
232	Economia	economia
233	Economia	economia
236	Economia	economia
237	Economia	economia
241	Economia	economia
242	Estadistica	estadistica
246	Filosofia	filosofia
247	Economia	economia
251	Estadistica	estadistica
253	Economia	economia
254	Economia	economia
256	Economia	economia
261	Economia	economia
262	Economia	economia
263	Economia	economia
264	Estadistica	estadistica
273	Economia	economia
283	Economia	economia
292	Estadistica	estadistica
297	Historia	historia
298	Historia	historia
299	Historia	historia
300	Historia	historia
301	Historia	historia
302	Historia	historia
303	Historia	historia
304	Economia	economia
305	Ciencias Sociales	ciencias_sociales
310	Ciencias de la Computación	informatica
312	Ciencias de la Computación	informatica
317	Economia	economia
318	Estadistica	estadistica
319	Estadistica	estadistica
320	Estadistica	estadistica
322	Economia	economia
324	Economia	economia
325	Economia	economia
326	Economia	economia
328	Filosofia	filosofia
334	Ciencias Sociales	ciencias_sociales
336	Economia	economia
340	Estadistica	estadistica
345	Ciencias Sociales	ciencias_sociales
346	Ciencias Sociales	ciencias_sociales
347	Ciencias Sociales	ciencias_sociales
348	Ciencias Sociales	ciencias_sociales
351	Economia	economia
355	Estadistica	estadistica
357	Estadistica	estadistica
358	Economia	economia
363	Economia	economia
366	Economia	economia
367	Economia	economia
369	Literatura	literatura
372	Economia	economia
374	Economia	economia
377	Economia	economia
378	Economia	economia
389	Economia	economia
390	Economia	economia
391	Economia	economia
392	Estadistica	estadistica
393	Economia	economia
407	Economia	economia
408	Economia	economia
412	Economia	economia
416	Economia	economia
419	Estadistica	estadistica
423	Estadistica	estadistica
424	Economia	economia
425	Estadistica	estadistica
426	Estadistica	estadistica
432	Economia	economia
434	Estadistica	estadistica
436	Historia	historia
439	Estadistica	estadistica
440	Finanzas	finanzas
441	Estadistica	estadistica
444	Economia	economia
446	Economia	economia
447	Finanzas	finanzas
449	Historia	historia
455	Estadistica	estadistica
457	Estadistica	estadistica
458	Economia	economia
460	Estadistica	estadistica
476	Estadistica	estadistica
481	Economia	economia
483	Economia	economia
486	Economia	economia
487	Estadistica	estadistica
489	Politica	politica_y_gobierno
490	Politica	politica_y_gobierno
492	Estadistica	estadistica
493	Politica	politica_y_gobierno
494	Politica	politica_y_gobierno
495	Politica	politica_y_gobierno
501	Estadistica	estadistica
506	Economia	economia
513	Estadistica	estadistica
523	Economia	economia
525	Economia	economia
526	Estadistica	estadistica
529	Economia	economia
530	Economia	economia
535	Estadistica	estadistica
536	Ciencias de la Computación	informatica
543	Economia	economia
546	Ciencias de la Computación	informatica
558	Ciencias Sociales	ciencias_sociales
559	Economia	economia
562	Economia	economia
563	Economia	economia
564	Economia	economia
566	Economia	economia
568	Matematicas	matematicas
569	Economia	economia
570	Estadistica	estadistica
571	Estadistica	estadistica
572	Economia	economia
574	Economia	economia
577	Estadistica	estadistica
578	Estadistica	estadistica
579	Economia	economia
582	Estadistica	estadistica
583	Economia	economia
589	Economia	economia
591	Economia	economia
592	Economia	economia
594	Economia	economia
598	Estadistica	estadistica
600	Economia	economia
602	Estadistica	estadistica
609	Economia	economia
611	Economia	economia
612	Economia	economia
643	Economia	economia
644	Economia	economia
645	Economia	economia
646	Economia	economia
650	Economia	economia
657	Economia	economia
658	Economia	economia
659	Economia	economia
669	Ciencias de la Computación	informatica
672	Ciencias de la Computación	informatica
674	Estadistica	estadistica
677	Estadistica	estadistica
678	Estadistica	estadistica
687	Economia	economia
689	Estadistica	estadistica
693	Economia	economia
699	Estadistica	estadistica
700	Estadistica	estadistica
702	Estadistica	estadistica
703	Economia	economia
707	Finanzas	finanzas
713	Estadistica	estadistica
721	Politica	politica_y_gobierno
724	Economia	economia
725	Economia	economia
726	Estadistica	estadistica
727	Economia	economia
728	Estadistica	estadistica
744	Economia	economia
745	Estadistica	estadistica
748	Estadistica	estadistica
762	Economia	economia
763	Economia	economia
765	Ciencias Sociales	ciencias_sociales
769	Economia	economia
776	Estadistica	estadistica
778	Economia	economia
780	Finanzas	finanzas
781	Estadistica	estadistica
782	Estadistica	estadistica
784	Economia	economia
785	Estadistica	estadistica
786	Estadistica	estadistica
794	Economia	economia
795	Ciencias Sociales	ciencias_sociales
801	Estadistica	estadistica
811	Estadistica	estadistica
812	Economia	economia
822	Economia	economia
824	Economia	economia
826	Economia	economia
830	Economia	economia
831	Economia	economia
851	Economia	economia
852	Economia	economia
855	Economia	economia
865	Estadistica	estadistica
866	Estadistica	estadistica
877	Filosofia	filosofia
885	Estadistica	estadistica
886	Economia	economia
887	Economia	economia
888	Economia	economia
889	Economia	economia
891	Economia	economia
892	Ciencias Sociales	ciencias_sociales
894	Economia	economia
895	Economia	economia
909	Filosofia	filosofia
910	Filosofia	filosofia
915	Filosofia	filosofia
921	Filosofia	filosofia
923	Filosofia	filosofia
926	Filosofia	filosofia
927	Filosofia	filosofia
928	Filosofia	filosofia
929	Filosofia	filosofia
955	Estadistica	estadistica
956	Estadistica	estadistica
957	Estadistica	estadistica
960	Economia	economia
963	Economia	economia
994	Economia	economia
995	Economia	economia
997	Economia	economia
998	Economia	economia
999	Economia	economia
1000	Economia	economia
1002	Economia	economia
1003	Economia	economia
1030	Economia	economia
1031	Economia	economia
1032	Economia	economia
1033	Economia	economia
1034	Economia	economia
1035	Economia	economia
1036	Economia	economia
1037	Economia	economia
1038	Economia	economia
1039	Economia	economia
1040	Economia	economia
1041	Economia	economia
1042	Economia	economia
1043	Economia	economia
1044	Economia	economia
1045	Ciencias Sociales	ciencias_sociales
1046	Ciencias Sociales	ciencias_sociales
1047	Ciencias Sociales	ciencias_sociales
1048	Ciencias Sociales	ciencias_sociales
1049	Ciencias Sociales	ciencias_sociales
1050	Ciencias Sociales	ciencias_sociales
1052	Economia	economia
1056	Economia	economia
1057	Economia	economia
1058	Economia	economia
1060	Economia	economia
1061	Economia	economia
1062	Economia	economia
1063	Economia	economia
1066	Economia	economia
1072	Economia	economia
1075	Economia	economia
1076	Economia	economia
1092	Estadistica	estadistica
1093	Economia	economia
1094	Economia	economia
1095	Economia	economia
1096	Economia	economia
1097	Economia	economia
1098	Estadistica	estadistica
1137	Economia	economia
1139	Economia	economia
1141	Economia	economia
1143	Estadistica	estadistica
1156	Estadistica	estadistica
1159	Economia	economia
1160	Economia	economia
1161	Economia	economia
1163	Economia	economia
1164	Economia	economia
1165	Economia	economia
1168	Economia	economia
1169	Economia	economia
1170	Economia	economia
1171	Economia	economia
1172	Economia	economia
1173	Economia	economia
1174	Economia	economia
1175	Economia	economia
1176	Economia	economia
1177	Economia	economia
1178	Economia	economia
1179	Economia	economia
1181	Economia	economia
1183	Economia	economia
1184	Economia	economia
1185	Economia	economia
1186	Economia	economia
1187	Economia	economia
1188	Economia	economia
1189	Economia	economia
1190	Economia	economia
1191	Economia	economia
1192	Economia	economia
1193	Economia	economia
1194	Economia	economia
1195	Economia	economia
1196	Economia	economia
1197	Economia	economia
1198	Economia	economia
1199	Economia	economia
1200	Ciencias Sociales	ciencias_sociales
1201	Ciencias Sociales	ciencias_sociales
1202	Ciencias Sociales	ciencias_sociales
1203	Estadistica	estadistica
1204	Estadistica	estadistica
1208	Estadistica	estadistica
1209	Estadistica	estadistica
1210	Estadistica	estadistica
1218	Economia	economia
1263	Economia	economia
1265	Economia	economia
1266	Economia	economia
1267	Economia	economia
1268	Economia	economia
1269	Filosofia	filosofia
1271	Economia	economia
1285	Estadistica	estadistica
1293	Ciencias Sociales	ciencias_sociales
1369	Ciencias Sociales	ciencias_sociales
1370	Ciencias Sociales	ciencias_sociales
1419	Politica	politica_y_gobierno
1430	Economia	economia
1464	Estadistica	estadistica
1493	Finanzas	finanzas
1501	Politica	politica_y_gobierno
1525	Finanzas	finanzas
1531	Estadistica	estadistica
1532	Economia	economia
1541	Economia	economia
1542	Economia	economia
1544	Estadistica	estadistica
1553	Economia	economia
1556	Economia	economia
1557	Economia	economia
1561	Economia	economia
1569	Economia	economia
1574	Economia	economia
1581	Economia	economia
1582	Economia	economia
1584	Economia	economia
1587	Economia	economia
1588	Economia	economia
1590	Economia	economia
1594	Economia	economia
1599	Economia	economia
1613	Economia	economia
1616	Economia	economia
1624	Estadistica	estadistica
1625	Estadistica	estadistica
1626	Economia	economia
1627	Economia	economia
1628	Literatura	literatura
1634	Economia	economia
1635	Estadistica	estadistica
1640	Ciencias Sociales	ciencias_sociales
1644	Economia	economia
1647	Economia	economia
1649	Economia	economia
1651	Economia	economia
1653	Economia	economia
1654	Economia	economia
1658	Economia	economia
1659	Ciencias de la Computación	informatica
1660	Finanzas	finanzas
1662	Economia	economia
1674	Estadistica	estadistica
1675	Estadistica	estadistica
1676	Estadistica	estadistica
1682	Economia	economia
1683	Economia	economia
1688	Politica	politica_y_gobierno
1689	Politica	politica_y_gobierno
1691	Politica	politica_y_gobierno
1692	Politica	politica_y_gobierno
1693	Politica	politica_y_gobierno
1694	Politica	politica_y_gobierno
1695	Politica	politica_y_gobierno
1696	Politica	politica_y_gobierno
1697	Politica	politica_y_gobierno
1698	Politica	politica_y_gobierno
1699	Politica	politica_y_gobierno
1700	Politica	politica_y_gobierno
1701	Politica	politica_y_gobierno
1702	Politica	politica_y_gobierno
1703	Politica	politica_y_gobierno
1704	Politica	politica_y_gobierno
1705	Politica	politica_y_gobierno
1708	Economia	economia
1717	Economia	economia
1719	Economia	economia
1722	Economia	economia
1727	Economia	economia
1730	Estadistica	estadistica
1731	Economia	economia
1734	Estadistica	estadistica
1737	Economia	economia
1746	Economia	economia
1748	Economia	economia
1750	Estadistica	estadistica
1763	Economia	economia
1764	Economia	economia
1765	Economia	economia
1766	Economia	economia
1767	Estadistica	estadistica
1770	Economia	economia
1771	Economia	economia
1773	Finanzas	finanzas
1774	Politica	politica_y_gobierno
1775	Ciencias Sociales	ciencias_sociales
1777	Estadistica	estadistica
1778	Ciencias Sociales	ciencias_sociales
1779	Ciencias Sociales	ciencias_sociales
1780	Ciencias Sociales	ciencias_sociales
1781	Ciencias Sociales	ciencias_sociales
1785	Estadistica	estadistica
1881	Economia	economia
1883	Economia	economia
1933	Economia	economia
1934	Economia	economia
1937	Economia	economia
1941	Estadistica	estadistica
1942	Estadistica	estadistica
1943	Estadistica	estadistica
1944	Estadistica	estadistica
1952	Ciencias de la Computación	informatica
1953	Economia	economia
1954	Economia	economia
1955	Economia	economia
1956	Economia	economia
1958	Economia	economia
1959	Economia	economia
1960	Economia	economia
1961	Economia	economia
1962	Economia	economia
1963	Economia	economia
1964	Finanzas	finanzas
1966	Finanzas	finanzas
1967	Finanzas	finanzas
1969	Finanzas	finanzas
1970	Finanzas	finanzas
1971	Finanzas	finanzas
1972	Finanzas	finanzas
1973	Finanzas	finanzas
1974	Finanzas	finanzas
1990	Economia	economia
1998	Economia	economia
1999	Economia	economia
2000	Economia	economia
2001	Economia	economia
2002	Economia	economia
2003	Economia	economia
2004	Economia	economia
2010	Economia	economia
2021	Economia	economia
2031	Filosofia	filosofia
2032	Filosofia	filosofia
2038	Ciencias Sociales	ciencias_sociales
2039	Ciencias Sociales	ciencias_sociales
2053	Economia	economia
2055	Economia	economia
2057	Ciencias de la Computación	informatica
2065	Economia	economia
2085	Estadistica	estadistica
2087	Estadistica	estadistica
2088	Estadistica	estadistica
2089	Estadistica	estadistica
2090	Estadistica	estadistica
2091	Estadistica	estadistica
2092	Estadistica	estadistica
2094	Estadistica	estadistica
2095	Economia	economia
2096	Economia	economia
2097	Economia	economia
2098	Economia	economia
2099	Economia	economia
2100	Economia	economia
2101	Economia	economia
2102	Economia	economia
2103	Economia	economia
2104	Economia	economia
2105	Literatura	literatura
2106	Literatura	literatura
2108	Economia	economia
2122	Economia	economia
2129	Economia	economia
2130	Economia	economia
2131	Economia	economia
2132	Economia	economia
2133	Economia	economia
2134	Economia	economia
2135	Economia	economia
2136	Economia	economia
2137	Economia	economia
2138	Economia	economia
2139	Economia	economia
2140	Economia	economia
2141	Economia	economia
2142	Economia	economia
2143	Economia	economia
2148	Economia	economia
2149	Economia	economia
2150	Economia	economia
2151	Economia	economia
2152	Economia	economia
2153	Economia	economia
2154	Economia	economia
2155	Economia	economia
2156	Economia	economia
2157	Economia	economia
2158	Economia	economia
2159	Economia	economia
2160	Economia	economia
2162	Economia	economia
2163	Economia	economia
2189	Estadistica	estadistica
2190	Estadistica	estadistica
2191	Estadistica	estadistica
2192	Estadistica	estadistica
2193	Estadistica	estadistica
2194	Estadistica	estadistica
2195	Estadistica	estadistica
2196	Estadistica	estadistica
2197	Estadistica	estadistica
2198	Estadistica	estadistica
2199	Estadistica	estadistica
2200	Estadistica	estadistica
2201	Estadistica	estadistica
2203	Estadistica	estadistica
2204	Estadistica	estadistica
2232	Estadistica	estadistica
2233	Estadistica	estadistica
2234	Estadistica	estadistica
2235	Estadistica	estadistica
2236	Estadistica	estadistica
2237	Estadistica	estadistica
2238	Estadistica	estadistica
2239	Estadistica	estadistica
2240	Estadistica	estadistica
2241	Estadistica	estadistica
2242	Estadistica	estadistica
2243	Estadistica	estadistica
2244	Estadistica	estadistica
2246	Estadistica	estadistica
2247	Estadistica	estadistica
2275	Ciencias de la Computación	informatica
2276	Ciencias de la Computación	informatica
2277	Ciencias de la Computación	informatica
2278	Ciencias de la Computación	informatica
2279	Ciencias de la Computación	informatica
2280	Ciencias de la Computación	informatica
2281	Ciencias de la Computación	informatica
2282	Ciencias de la Computación	informatica
2283	Ciencias de la Computación	informatica
2284	Ciencias de la Computación	informatica
2285	Ciencias de la Computación	informatica
2286	Ciencias de la Computación	informatica
2288	Ciencias de la Computación	informatica
2302	Economia	economia
2303	Economia	economia
2304	Economia	economia
2305	Economia	economia
2306	Economia	economia
2307	Economia	economia
2308	Economia	economia
2309	Economia	economia
2310	Economia	economia
2311	Economia	economia
2312	Economia	economia
2313	Economia	economia
2314	Economia	economia
2316	Economia	economia
2318	Economia	economia
2329	Economia	economia
2330	Economia	economia
2331	Economia	economia
2332	Economia	economia
2333	Economia	economia
2334	Economia	economia
2335	Economia	economia
2336	Economia	economia
2339	Economia	economia
2340	Economia	economia
2341	Economia	economia
2343	Economia	economia
2344	Economia	economia
2370	Economia	economia
2374	Economia	economia
2375	Economia	economia
2376	Economia	economia
2377	Economia	economia
2378	Economia	economia
2379	Economia	economia
2380	Economia	economia
2381	Economia	economia
2382	Economia	economia
2383	Economia	economia
2384	Economia	economia
2385	Economia	economia
2387	Economia	economia
2388	Economia	economia
2414	Politica	politica_y_gobierno
2415	Politica	politica_y_gobierno
2416	Politica	politica_y_gobierno
2417	Politica	politica_y_gobierno
2418	Politica	politica_y_gobierno
2419	Politica	politica_y_gobierno
2420	Politica	politica_y_gobierno
2421	Politica	politica_y_gobierno
2422	Politica	politica_y_gobierno
2423	Politica	politica_y_gobierno
2424	Politica	politica_y_gobierno
2425	Politica	politica_y_gobierno
2426	Politica	politica_y_gobierno
2428	Politica	politica_y_gobierno
2429	Politica	politica_y_gobierno
2442	Economia	economia
2443	Economia	economia
2444	Economia	economia
2445	Economia	economia
2446	Economia	economia
2447	Economia	economia
2448	Economia	economia
2449	Economia	economia
2450	Economia	economia
2451	Economia	economia
2452	Economia	economia
2453	Economia	economia
2454	Economia	economia
2456	Economia	economia
2458	Economia	economia
2506	Finanzas	finanzas
2507	Finanzas	finanzas
2508	Finanzas	finanzas
2509	Finanzas	finanzas
2510	Finanzas	finanzas
2511	Finanzas	finanzas
2512	Finanzas	finanzas
2513	Finanzas	finanzas
2514	Finanzas	finanzas
2515	Finanzas	finanzas
2516	Finanzas	finanzas
2517	Finanzas	finanzas
2518	Finanzas	finanzas
2519	Finanzas	finanzas
2520	Finanzas	finanzas
2521	Finanzas	finanzas
2522	Finanzas	finanzas
2523	Finanzas	finanzas
2525	Finanzas	finanzas
2526	Finanzas	finanzas
2544	Finanzas	finanzas
2545	Finanzas	finanzas
2546	Finanzas	finanzas
2547	Finanzas	finanzas
2548	Finanzas	finanzas
2549	Finanzas	finanzas
2550	Finanzas	finanzas
2551	Finanzas	finanzas
2552	Finanzas	finanzas
2553	Finanzas	finanzas
2554	Finanzas	finanzas
2555	Finanzas	finanzas
2556	Finanzas	finanzas
2557	Finanzas	finanzas
2558	Finanzas	finanzas
2571	Finanzas	finanzas
2572	Finanzas	finanzas
2573	Finanzas	finanzas
2574	Finanzas	finanzas
2575	Finanzas	finanzas
2576	Finanzas	finanzas
2577	Finanzas	finanzas
2578	Finanzas	finanzas
2579	Finanzas	finanzas
2580	Finanzas	finanzas
2581	Finanzas	finanzas
2582	Finanzas	finanzas
2583	Finanzas	finanzas
2584	Finanzas	finanzas
2585	Finanzas	finanzas
2606	Finanzas	finanzas
2607	Finanzas	finanzas
2608	Finanzas	finanzas
2609	Economia	economia
2610	Economia	economia
2611	Economia	economia
2612	Economia	economia
2613	Economia	economia
2614	Economia	economia
2615	Economia	economia
2616	Economia	economia
2617	Economia	economia
2618	Economia	economia
2619	Economia	economia
2620	Economia	economia
2621	Economia	economia
2622	Economia	economia
2623	Economia	economia
2650	Economia	economia
2651	Economia	economia
2652	Economia	economia
2653	Economia	economia
2654	Economia	economia
2655	Economia	economia
2656	Economia	economia
2657	Economia	economia
2658	Economia	economia
2659	Economia	economia
2660	Economia	economia
2661	Economia	economia
2662	Economia	economia
2663	Economia	economia
2664	Economia	economia
2677	Economia	economia
2678	Economia	economia
2679	Economia	economia
2680	Economia	economia
2681	Economia	economia
2682	Economia	economia
2683	Economia	economia
2684	Economia	economia
2685	Economia	economia
2686	Economia	economia
2687	Economia	economia
2688	Economia	economia
2689	Economia	economia
2690	Economia	economia
2691	Economia	economia
2694	Economia	economia
2714	Economia	economia
2715	Economia	economia
2716	Economia	economia
2717	Economia	economia
2718	Economia	economia
2719	Economia	economia
2720	Economia	economia
2721	Economia	economia
2722	Economia	economia
2723	Economia	economia
2724	Economia	economia
2725	Economia	economia
2746	Matematicas	matematicas
2747	Matematicas	matematicas
2748	Matematicas	matematicas
2749	Matematicas	matematicas
2750	Matematicas	matematicas
2751	Matematicas	matematicas
2752	Matematicas	matematicas
2753	Matematicas	matematicas
2754	Matematicas	matematicas
2755	Matematicas	matematicas
2756	Matematicas	matematicas
2757	Matematicas	matematicas
2758	Matematicas	matematicas
2759	Matematicas	matematicas
2760	Matematicas	matematicas
2776	Matematicas	matematicas
2777	Matematicas	matematicas
2778	Matematicas	matematicas
2779	Matematicas	matematicas
2780	Matematicas	matematicas
2781	Matematicas	matematicas
2782	Matematicas	matematicas
2783	Matematicas	matematicas
2784	Matematicas	matematicas
2785	Matematicas	matematicas
2786	Matematicas	matematicas
2788	Matematicas	matematicas
2789	Matematicas	matematicas
2790	Matematicas	matematicas
2791	Matematicas	matematicas
2819	Matematicas	matematicas
2820	Matematicas	matematicas
2821	Matematicas	matematicas
2822	Matematicas	matematicas
2823	Matematicas	matematicas
2824	Matematicas	matematicas
2825	Matematicas	matematicas
2826	Matematicas	matematicas
2827	Matematicas	matematicas
2828	Matematicas	matematicas
2829	Matematicas	matematicas
2830	Matematicas	matematicas
2831	Matematicas	matematicas
2832	Matematicas	matematicas
2833	Matematicas	matematicas
2862	Estadistica	estadistica
2863	Estadistica	estadistica
2864	Estadistica	estadistica
2865	Estadistica	estadistica
2866	Estadistica	estadistica
2867	Estadistica	estadistica
2868	Estadistica	estadistica
2869	Estadistica	estadistica
2870	Estadistica	estadistica
2871	Estadistica	estadistica
2872	Estadistica	estadistica
2873	Estadistica	estadistica
2874	Estadistica	estadistica
2875	Estadistica	estadistica
2876	Estadistica	estadistica
2877	Estadistica	estadistica
2878	Estadistica	estadistica
2907	Economia	economia
2908	Economia	economia
2909	Economia	economia
2910	Economia	economia
2911	Economia	economia
2912	Economia	economia
2913	Economia	economia
2914	Economia	economia
2915	Economia	economia
2916	Economia	economia
2917	Economia	economia
2918	Economia	economia
2919	Economia	economia
2920	Economia	economia
2921	Economia	economia
2950	Economia	economia
2951	Economia	economia
2952	Economia	economia
2953	Economia	economia
2954	Economia	economia
2955	Economia	economia
2956	Economia	economia
2957	Economia	economia
2958	Economia	economia
2959	Economia	economia
2960	Economia	economia
2961	Economia	economia
2962	Economia	economia
2963	Economia	economia
2964	Economia	economia
2965	Economia	economia
2994	Economia	economia
2995	Economia	economia
2996	Economia	economia
2997	Economia	economia
2998	Economia	economia
2999	Economia	economia
3000	Economia	economia
3001	Economia	economia
3002	Economia	economia
3003	Economia	economia
3004	Economia	economia
3005	Economia	economia
3006	Economia	economia
3007	Economia	economia
3008	Economia	economia
3048	Ciencias de la Computación	informatica
3050	Economia	economia
3051	Economia	economia
3052	Economia	economia
3053	Economia	economia
3054	Economia	economia
3055	Economia	economia
3056	Economia	economia
3057	Economia	economia
3058	Historia	historia
3059	Filosofia	filosofia
3060	Historia	historia
3061	Historia	historia
3062	Historia	historia
3063	Historia	historia
3064	Economia	economia
3065	Historia	historia
3066	Historia	historia
3067	Historia	historia
3068	Historia	historia
3069	Historia	historia
3070	Historia	historia
3071	Historia	historia
3072	Historia	historia
3073	Historia	historia
3101	Ciencias Sociales	ciencias_sociales
3107	Estadistica	estadistica
3110	Ciencias de la Computación	informatica
3135	Estadistica	estadistica
3136	Estadistica	estadistica
3137	Estadistica	estadistica
3138	Estadistica	estadistica
3139	Estadistica	estadistica
3140	Estadistica	estadistica
3141	Estadistica	estadistica
3142	Estadistica	estadistica
3143	Estadistica	estadistica
3144	Estadistica	estadistica
3145	Estadistica	estadistica
3153	Estadistica	estadistica
3155	Economia	economia
3159	Economia	economia
3160	Economia	economia
3161	Economia	economia
3162	Economia	economia
3164	Economia	economia
3165	Economia	economia
3166	Economia	economia
3169	Economia	economia
3170	Economia	economia
3182	Estadistica	estadistica
3183	Estadistica	estadistica
3184	Estadistica	estadistica
3185	Estadistica	estadistica
3186	Estadistica	estadistica
3196	Economia	economia
3197	Economia	economia
3198	Economia	economia
3199	Estadistica	estadistica
3200	Estadistica	estadistica
3201	Estadistica	estadistica
3202	Economia	economia
3241	Economia	economia
3242	Economia	economia
3243	Economia	economia
3244	Economia	economia
3245	Economia	economia
3246	Economia	economia
3247	Economia	economia
3248	Economia	economia
3249	Economia	economia
3250	Economia	economia
3251	Economia	economia
3252	Economia	economia
3253	Economia	economia
3254	Economia	economia
3255	Ciencias	ciencias_naturales
3256	Ciencias	ciencias_naturales
3257	Ciencias	ciencias_naturales
3258	Ciencias	ciencias_naturales
3259	Economia	economia
3260	Economia	economia
3261	Economia	economia
3262	Economia	economia
3263	Economia	economia
3264	Economia	economia
3265	Economia	economia
3266	Economia	economia
3267	Finanzas	finanzas
3268	Finanzas	finanzas
3269	Finanzas	finanzas
3270	Finanzas	finanzas
3271	Finanzas	finanzas
3272	Finanzas	finanzas
3273	Finanzas	finanzas
3274	Finanzas	finanzas
3275	Finanzas	finanzas
3276	Finanzas	finanzas
3277	Finanzas	finanzas
3278	Finanzas	finanzas
3279	Finanzas	finanzas
3280	Finanzas	finanzas
3281	Finanzas	finanzas
3282	Finanzas	finanzas
3283	Finanzas	finanzas
3284	Finanzas	finanzas
3285	Finanzas	finanzas
3286	Finanzas	finanzas
3287	Finanzas	finanzas
3288	Finanzas	finanzas
3289	Finanzas	finanzas
3290	Finanzas	finanzas
3291	Finanzas	finanzas
3292	Finanzas	finanzas
3293	Finanzas	finanzas
3294	Finanzas	finanzas
3295	Finanzas	finanzas
3296	Finanzas	finanzas
3297	Finanzas	finanzas
3298	Finanzas	finanzas
3299	Finanzas	finanzas
3300	Finanzas	finanzas
3301	Finanzas	finanzas
3302	Finanzas	finanzas
3303	Finanzas	finanzas
3304	Finanzas	finanzas
3305	Finanzas	finanzas
3306	Finanzas	finanzas
3307	Finanzas	finanzas
3308	Finanzas	finanzas
3309	Finanzas	finanzas
3311	Economia	economia
3312	Economia	economia
3313	Economia	economia
3314	Economia	economia
3315	Economia	economia
3316	Economia	economia
3317	Economia	economia
3318	Economia	economia
3319	Economia	economia
3320	Economia	economia
3321	Economia	economia
3322	Economia	economia
3323	Economia	economia
3324	Economia	economia
3325	Economia	economia
3326	Economia	economia
3327	Economia	economia
3328	Economia	economia
3329	Economia	economia
3330	Economia	economia
3331	Economia	economia
3332	Economia	economia
3333	Finanzas	finanzas
3334	Finanzas	finanzas
3335	Finanzas	finanzas
3336	Finanzas	finanzas
3337	Economia	economia
3338	Economia	economia
3339	Economia	economia
3340	Economia	economia
3341	Economia	economia
3342	Economia	economia
3343	Economia	economia
3344	Economia	economia
3345	Economia	economia
3346	Economia	economia
3347	Economia	economia
3348	Economia	economia
3349	Economia	economia
3350	Economia	economia
3351	Economia	economia
3352	Economia	economia
3353	Economia	economia
3354	Economia	economia
3355	Economia	economia
3356	Economia	economia
3357	Economia	economia
3358	Economia	economia
3359	Economia	economia
3360	Economia	economia
3361	Economia	economia
3362	Economia	economia
3363	Economia	economia
3364	Economia	economia
3365	Economia	economia
3366	Economia	economia
3367	Economia	economia
3368	Economia	economia
3369	Economia	economia
3370	Economia	economia
3371	Economia	economia
3372	Economia	economia
3373	Economia	economia
3374	Economia	economia
3375	Economia	economia
3376	Economia	economia
3377	Economia	economia
3378	Economia	economia
3379	Economia	economia
3380	Economia	economia
3381	Economia	economia
3382	Economia	economia
3384	Economia	economia
3385	Economia	economia
3386	Economia	economia
3387	Economia	economia
3388	Economia	economia
3389	Economia	economia
3390	Economia	economia
3391	Economia	economia
3392	Economia	economia
3393	Economia	economia
3394	Economia	economia
3395	Economia	economia
3396	Economia	economia
3397	Economia	economia
3398	Economia	economia
3399	Economia	economia
3400	Economia	economia
3401	Economia	economia
3402	Economia	economia
3403	Economia	economia
3404	Economia	economia
3430	Literatura	literatura
3431	Literatura	literatura
3432	Literatura	literatura
3433	Literatura	literatura
3434	Literatura	literatura
3435	Literatura	literatura
3436	Literatura	literatura
3437	Literatura	literatura
3438	Literatura	literatura
3451	Economia	economia
3452	Economia	economia
3453	Economia	economia
3454	Economia	economia
3455	Economia	economia
3456	Economia	economia
3457	Economia	economia
3458	Economia	economia
3459	Economia	economia
3460	Economia	economia
3461	Economia	economia
3463	Economia	economia
3464	Economia	economia
3495	Economia	economia
3496	Economia	economia
3497	Economia	economia
3498	Economia	economia
3499	Economia	economia
3500	Economia	economia
3501	Economia	economia
3502	Economia	economia
3503	Economia	economia
3504	Economia	economia
3505	Economia	economia
3506	Economia	economia
3507	Economia	economia
3508	Economia	economia
3509	Economia	economia
3510	Economia	economia
3512	Estadistica	estadistica
3515	Estadistica	estadistica
3517	Estadistica	estadistica
3521	Estadistica	estadistica
3522	Estadistica	estadistica
3524	Estadistica	estadistica
3525	Estadistica	estadistica
3526	Estadistica	estadistica
3527	Estadistica	estadistica
3528	Estadistica	estadistica
3529	Estadistica	estadistica
3530	Estadistica	estadistica
3531	Estadistica	estadistica
3532	Estadistica	estadistica
3533	Estadistica	estadistica
3534	Estadistica	estadistica
3535	Estadistica	estadistica
3536	Estadistica	estadistica
3537	Estadistica	estadistica
3538	Estadistica	estadistica
3539	Estadistica	estadistica
3540	Estadistica	estadistica
3541	Estadistica	estadistica
3542	Estadistica	estadistica
3543	Estadistica	estadistica
3544	Estadistica	estadistica
3545	Estadistica	estadistica
3546	Estadistica	estadistica
3547	Estadistica	estadistica
3548	Estadistica	estadistica
3549	Estadistica	estadistica
3550	Estadistica	estadistica
3551	Estadistica	estadistica
3552	Estadistica	estadistica
3553	Estadistica	estadistica
3554	Estadistica	estadistica
3555	Estadistica	estadistica
3557	Estadistica	estadistica
3567	Estadistica	estadistica
3568	Estadistica	estadistica
3569	Estadistica	estadistica
3570	Estadistica	estadistica
3571	Economia	economia
3572	Economia	economia
3573	Economia	economia
3574	Economia	economia
3575	Economia	economia
3576	Economia	economia
3577	Economia	economia
3578	Economia	economia
3579	Economia	economia
3581	Economia	economia
3582	Economia	economia
3583	Economia	economia
3584	Estadistica	estadistica
3585	Economia	economia
3586	Economia	economia
3587	Estadistica	estadistica
3588	Estadistica	estadistica
3589	Finanzas	finanzas
3590	Finanzas	finanzas
3592	Finanzas	finanzas
3593	Finanzas	finanzas
3594	Finanzas	finanzas
3595	Finanzas	finanzas
3596	Finanzas	finanzas
3597	Finanzas	finanzas
3598	Finanzas	finanzas
3599	Finanzas	finanzas
3600	Finanzas	finanzas
3601	Finanzas	finanzas
3602	Finanzas	finanzas
3603	Finanzas	finanzas
3605	Finanzas	finanzas
3606	Finanzas	finanzas
3607	Finanzas	finanzas
3608	Finanzas	finanzas
3609	Finanzas	finanzas
3612	Finanzas	finanzas
3613	Finanzas	finanzas
3614	Finanzas	finanzas
3615	Finanzas	finanzas
3616	Finanzas	finanzas
3617	Finanzas	finanzas
3618	Finanzas	finanzas
3619	Finanzas	finanzas
3620	Finanzas	finanzas
3621	Finanzas	finanzas
3622	Finanzas	finanzas
3623	Finanzas	finanzas
3624	Finanzas	finanzas
3625	Finanzas	finanzas
3626	Finanzas	finanzas
3627	Finanzas	finanzas
3628	Finanzas	finanzas
3629	Finanzas	finanzas
3630	Finanzas	finanzas
3631	Finanzas	finanzas
3632	Finanzas	finanzas
3633	Finanzas	finanzas
3640	Economia	economia
3668	Ciencias de la Computación	informatica
3669	Ciencias de la Computación	informatica
3670	Ciencias de la Computación	informatica
3671	Ciencias de la Computación	informatica
3672	Ciencias de la Computación	informatica
3673	Ciencias de la Computación	informatica
3674	Ciencias de la Computación	informatica
3675	Ciencias de la Computación	informatica
3676	Ciencias de la Computación	informatica
3677	Ciencias de la Computación	informatica
3678	Ciencias de la Computación	informatica
3679	Ciencias de la Computación	informatica
3680	Ciencias de la Computación	informatica
3681	Ciencias de la Computación	informatica
3682	Ciencias de la Computación	informatica
3683	Ciencias de la Computación	informatica
3684	Ciencias de la Computación	informatica
3685	Ciencias de la Computación	informatica
3686	Ciencias de la Computación	informatica
3687	Ciencias de la Computación	informatica
3688	Ciencias de la Computación	informatica
3689	Ciencias de la Computación	informatica
3690	Ciencias de la Computación	informatica
3691	Ciencias de la Computación	informatica
3692	Ciencias de la Computación	informatica
3693	Ciencias de la Computación	informatica
3694	Economia	economia
3695	Economia	economia
3696	Economia	economia
3697	Economia	economia
3698	Economia	economia
3699	Economia	economia
3700	Economia	economia
3701	Economia	economia
3702	Economia	economia
3703	Economia	economia
3704	Economia	economia
3705	Economia	economia
3706	Economia	economia
3707	Economia	economia
3708	Economia	economia
3709	Economia	economia
3710	Economia	economia
3711	Economia	economia
3712	Economia	economia
3713	Economia	economia
3714	Economia	economia
3715	Economia	economia
3717	Economia	economia
3718	Economia	economia
3719	Economia	economia
3723	Economia	economia
3725	Economia	economia
3727	Economia	economia
3729	Economia	economia
3731	Economia	economia
3732	Ciencias de la Computación	informatica
3733	Ciencias de la Computación	informatica
3734	Ciencias de la Computación	informatica
3735	Ciencias de la Computación	informatica
3736	Ciencias de la Computación	informatica
3737	Ciencias de la Computación	informatica
3738	Ciencias de la Computación	informatica
3739	Ciencias de la Computación	informatica
3797	Economia	economia
3798	Economia	economia
3799	Economia	economia
3800	Economia	economia
3801	Economia	economia
3803	Economia	economia
3804	Economia	economia
3805	Economia	economia
3806	Economia	economia
3807	Economia	economia
3808	Economia	economia
3809	Economia	economia
3810	Economia	economia
3811	Economia	economia
3812	Economia	economia
3813	Economia	economia
3814	Economia	economia
3815	Economia	economia
3816	Economia	economia
3817	Economia	economia
3818	Economia	economia
3819	Economia	economia
3824	Estadistica	estadistica
3825	Estadistica	estadistica
3826	Estadistica	estadistica
3827	Estadistica	estadistica
3828	Estadistica	estadistica
3829	Estadistica	estadistica
3830	Estadistica	estadistica
3831	Estadistica	estadistica
3832	Estadistica	estadistica
3833	Estadistica	estadistica
3834	Estadistica	estadistica
3835	Estadistica	estadistica
3836	Estadistica	estadistica
3837	Estadistica	estadistica
3838	Estadistica	estadistica
3839	Estadistica	estadistica
3840	Estadistica	estadistica
3841	Estadistica	estadistica
3842	Estadistica	estadistica
3843	Estadistica	estadistica
3844	Estadistica	estadistica
3845	Estadistica	estadistica
3846	Estadistica	estadistica
3847	Estadistica	estadistica
3848	Estadistica	estadistica
3849	Estadistica	estadistica
3850	Estadistica	estadistica
3851	Estadistica	estadistica
3853	Estadistica	estadistica
3854	Estadistica	estadistica
3855	Estadistica	estadistica
3856	Estadistica	estadistica
3857	Estadistica	estadistica
3858	Estadistica	estadistica
3859	Estadistica	estadistica
3883	Finanzas	finanzas
3904	Finanzas	finanzas
3905	Finanzas	finanzas
3906	Finanzas	finanzas
3908	Finanzas	finanzas
3912	Derecho	derecho
3913	Finanzas	finanzas
3914	Finanzas	finanzas
3915	Finanzas	finanzas
3917	Finanzas	finanzas
3918	Finanzas	finanzas
3919	Finanzas	finanzas
3920	Finanzas	finanzas
3921	Finanzas	finanzas
3922	Finanzas	finanzas
3923	Finanzas	finanzas
3924	Finanzas	finanzas
3925	Finanzas	finanzas
3926	Economia	economia
3927	Economia	economia
3928	Economia	economia
3929	Economia	economia
3931	Economia	economia
3933	Economia	economia
3935	Estadistica	estadistica
3936	Estadistica	estadistica
3937	Estadistica	estadistica
3938	Estadistica	estadistica
3939	Estadistica	estadistica
3940	Estadistica	estadistica
3941	Estadistica	estadistica
3942	Estadistica	estadistica
3943	Estadistica	estadistica
3944	Estadistica	estadistica
3945	Estadistica	estadistica
3946	Estadistica	estadistica
3947	Estadistica	estadistica
3948	Economia	economia
3949	Economia	economia
3954	Economia	economia
3955	Economia	economia
3956	Economia	economia
3958	Economia	economia
3979	Economia	economia
3985	Economia	economia
3986	Economia	economia
3989	Economia	economia
4000	Economia	economia
4005	Economia	economia
4012	Economia	economia
4013	Economia	economia
4016	Historia	historia
4023	Economia	economia
4024	Economia	economia
4025	Economia	economia
4027	Economia	economia
4028	Economia	economia
4029	Economia	economia
4032	Economia	economia
4034	Economia	economia
4037	Economia	economia
4039	Economia	economia
4043	Economia	economia
4044	Economia	economia
4046	Economia	economia
4047	Economia	economia
4049	Economia	economia
4050	Economia	economia
4051	Economia	economia
4052	Economia	economia
4053	Economia	economia
4054	Economia	economia
4055	Economia	economia
4056	Filosofia	filosofia
4118	Economia	economia
4119	Economia	economia
4120	Economia	economia
4121	Economia	economia
4122	Economia	economia
4128	Economia	economia
4129	Economia	economia
4130	Economia	economia
4138	Economia	economia
4139	Economia	economia
4140	Economia	economia
4142	Economia	economia
4143	Economia	economia
4144	Economia	economia
4145	Economia	economia
4146	Economia	economia
4147	Economia	economia
4148	Economia	economia
4149	Economia	economia
4150	Economia	economia
4153	Economia	economia
4154	Economia	economia
4155	Economia	economia
4156	Economia	economia
4157	Economia	economia
4158	Economia	economia
4159	Economia	economia
4160	Economia	economia
4165	Economia	economia
4167	Economia	economia
4168	Economia	economia
4169	Economia	economia
4170	Economia	economia
4171	Economia	economia
4172	Economia	economia
4173	Economia	economia
4174	Economia	economia
4175	Economia	economia
4176	Economia	economia
4177	Economia	economia
4178	Economia	economia
4179	Economia	economia
4180	Economia	economia
4181	Economia	economia
4182	Economia	economia
4183	Economia	economia
4184	Economia	economia
4185	Economia	economia
4186	Economia	economia
4187	Economia	economia
4188	Economia	economia
4189	Economia	economia
4190	Economia	economia
4191	Economia	economia
4192	Economia	economia
4193	Economia	economia
4194	Economia	economia
4195	Economia	economia
4196	Economia	economia
4197	Economia	economia
4198	Economia	economia
4199	Economia	economia
4200	Economia	economia
4201	Economia	economia
4202	Economia	economia
4203	Economia	economia
4204	Economia	economia
4206	Economia	economia
4207	Economia	economia
4208	Economia	economia
4209	Economia	economia
4210	Economia	economia
4211	Economia	economia
4214	Economia	economia
4215	Economia	economia
4216	Economia	economia
4217	Economia	economia
4261	Economia	economia
4264	Economia	economia
4265	Economia	economia
4270	Economia	economia
4300	Economia	economia
4312	Economia	economia
4313	Economia	economia
4314	Economia	economia
4315	Economia	economia
4316	Economia	economia
4317	Economia	economia
4318	Ciencias Sociales	ciencias_sociales
4319	Ciencias Sociales	ciencias_sociales
4320	Ciencias Sociales	ciencias_sociales
4321	Ciencias Sociales	ciencias_sociales
4328	Economia	economia
4329	Economia	economia
4330	Economia	economia
4331	Economia	economia
4336	Economia	economia
4337	Economia	economia
4338	Economia	economia
4339	Economia	economia
4340	Economia	economia
4341	Economia	economia
4342	Economia	economia
4343	Economia	economia
4344	Economia	economia
4347	Economia	economia
4348	Economia	economia
4349	Economia	economia
4350	Economia	economia
4351	Economia	economia
4352	Economia	economia
4353	Economia	economia
4354	Economia	economia
4357	Economia	economia
4358	Economia	economia
4361	Economia	economia
4365	Economia	economia
4366	Economia	economia
4367	Economia	economia
4368	Economia	economia
4369	Economia	economia
4371	Economia	economia
4372	Economia	economia
4376	Economia	economia
4377	Economia	economia
4378	Economia	economia
4379	Economia	economia
4380	Economia	economia
4381	Economia	economia
4382	Economia	economia
4383	Economia	economia
4384	Economia	economia
4385	Economia	economia
4387	Economia	economia
4388	Economia	economia
4389	Economia	economia
4391	Economia	economia
4392	Economia	economia
4393	Economia	economia
4394	Economia	economia
4395	Economia	economia
4396	Economia	economia
4397	Estadistica	estadistica
4398	Economia	economia
4399	Economia	economia
4400	Economia	economia
4401	Economia	economia
4402	Economia	economia
4403	Economia	economia
4404	Economia	economia
4405	Economia	economia
4406	Economia	economia
4407	Economia	economia
4408	Economia	economia
4409	Economia	economia
4410	Economia	economia
4411	Economia	economia
4412	Economia	economia
4413	Economia	economia
4414	Economia	economia
4415	Economia	economia
4416	Economia	economia
4417	Economia	economia
4418	Economia	economia
4419	Economia	economia
4420	Finanzas	finanzas
4421	Finanzas	finanzas
4422	Finanzas	finanzas
4423	Finanzas	finanzas
4424	Finanzas	finanzas
4425	Finanzas	finanzas
4426	Finanzas	finanzas
4427	Finanzas	finanzas
4428	Finanzas	finanzas
4430	Economia	economia
4431	Economia	economia
4432	Economia	economia
4433	Economia	economia
4434	Economia	economia
4435	Economia	economia
4436	Economia	economia
4437	Economia	economia
4438	Economia	economia
4439	Economia	economia
4440	Economia	economia
4460	Politica	politica_y_gobierno
4461	Politica	politica_y_gobierno
4462	Politica	politica_y_gobierno
4463	Politica	politica_y_gobierno
4465	Politica	politica_y_gobierno
4466	Politica	politica_y_gobierno
4499	Politica	politica_y_gobierno
4506	Economia	economia
4507	Economia	economia
4508	Economia	economia
4509	Economia	economia
4510	Economia	economia
4519	Economia	economia
4520	Economia	economia
4521	Economia	economia
4522	Economia	economia
4523	Estadistica	estadistica
4524	Estadistica	estadistica
4525	Estadistica	estadistica
4526	Estadistica	estadistica
4527	Estadistica	estadistica
4528	Estadistica	estadistica
4529	Estadistica	estadistica
4530	Estadistica	estadistica
4531	Estadistica	estadistica
4532	Estadistica	estadistica
4533	Estadistica	estadistica
4534	Ciencias de la Computación	informatica
4535	Ciencias de la Computación	informatica
4536	Ciencias de la Computación	informatica
4537	Ciencias de la Computación	informatica
4538	Ciencias de la Computación	informatica
4539	Ciencias de la Computación	informatica
4540	Ciencias de la Computación	informatica
4541	Ciencias de la Computación	informatica
4542	Finanzas	finanzas
4547	Finanzas	finanzas
4548	Finanzas	finanzas
4549	Finanzas	finanzas
4554	Finanzas	finanzas
4555	Finanzas	finanzas
4556	Finanzas	finanzas
4557	Finanzas	finanzas
4558	Finanzas	finanzas
4559	Finanzas	finanzas
4561	Finanzas	finanzas
4562	Finanzas	finanzas
4565	Matematicas	matematicas
4566	Matematicas	matematicas
4567	Matematicas	matematicas
4568	Matematicas	matematicas
4569	Matematicas	matematicas
4570	Matematicas	matematicas
4571	Matematicas	matematicas
4572	Matematicas	matematicas
4574	Matematicas	matematicas
4575	Matematicas	matematicas
4576	Matematicas	matematicas
4577	Matematicas	matematicas
4578	Matematicas	matematicas
4580	Finanzas	finanzas
4581	Finanzas	finanzas
8516	Literatura	literatura
8517	Literatura	literatura
8518	Estadistica	estadistica
8519	Estadistica	estadistica
8520	Estadistica	estadistica
8521	Estadistica	estadistica
8522	Estadistica	estadistica
8523	Estadistica	estadistica
8524	Estadistica	estadistica
8526	Estadistica	estadistica
8528	Estadistica	estadistica
8530	Economia	economia
8533	Economia	economia
8537	Economia	economia
8539	Economia	economia
8540	Economia	economia
8541	Economia	economia
8542	Economia	economia
8543	Economia	economia
8544	Economia	economia
8545	Economia	economia
8546	Economia	economia
8547	Economia	economia
8548	Economia	economia
8549	Economia	economia
8550	Economia	economia
8551	Economia	economia
8575	Estadistica	estadistica
8576	Estadistica	estadistica
8577	Estadistica	estadistica
8578	Estadistica	estadistica
8579	Estadistica	estadistica
8580	Ciencias de la Computación	informatica
8581	Ciencias de la Computación	informatica
8582	Ciencias de la Computación	informatica
8583	Ciencias de la Computación	informatica
8584	Ciencias de la Computación	informatica
8585	Ciencias de la Computación	informatica
8586	Ciencias de la Computación	informatica
8587	Ciencias de la Computación	informatica
8588	Economia	economia
8589	Economia	economia
8590	Economia	economia
8591	Economia	economia
8592	Economia	economia
8593	Economia	economia
8594	Economia	economia
8595	Economia	economia
8596	Economia	economia
8597	Economia	economia
8598	Economia	economia
8599	Economia	economia
8600	Economia	economia
8601	Ciencias de la Computación	informatica
8602	Ciencias de la Computación	informatica
8603	Ciencias de la Computación	informatica
8604	Ciencias de la Computación	informatica
8605	Ciencias de la Computación	informatica
8606	Ciencias de la Computación	informatica
8607	Ciencias de la Computación	informatica
8608	Ciencias de la Computación	informatica
8609	Ciencias de la Computación	informatica
8610	Ciencias de la Computación	informatica
8611	Estadistica	estadistica
8612	Estadistica	estadistica
8613	Estadistica	estadistica
8614	Estadistica	estadistica
8615	Estadistica	estadistica
8616	Estadistica	estadistica
8617	Estadistica	estadistica
8618	Estadistica	estadistica
8619	Estadistica	estadistica
8620	Estadistica	estadistica
8621	Estadistica	estadistica
8622	Estadistica	estadistica
8623	Estadistica	estadistica
8634	Estadistica	estadistica
8635	Estadistica	estadistica
8636	Estadistica	estadistica
8649	Economia	economia
8660	Economia	economia
8661	Economia	economia
8662	Economia	economia
8663	Economia	economia
8664	Economia	economia
8676	Economia	economia
8677	Economia	economia
8678	Economia	economia
8679	Economia	economia
8683	Economia	economia
8684	Economia	economia
8685	Economia	economia
8686	Economia	economia
8687	Economia	economia
8688	Economia	economia
8689	Economia	economia
8690	Estadistica	estadistica
8691	Estadistica	estadistica
8692	Estadistica	estadistica
8693	Estadistica	estadistica
8694	Estadistica	estadistica
8695	Estadistica	estadistica
8696	Estadistica	estadistica
8697	Estadistica	estadistica
8698	Estadistica	estadistica
8699	Estadistica	estadistica
8700	Estadistica	estadistica
8701	Estadistica	estadistica
8702	Estadistica	estadistica
8703	Estadistica	estadistica
8704	Estadistica	estadistica
8705	Estadistica	estadistica
8706	Estadistica	estadistica
8708	Politica	politica_y_gobierno
8709	Politica	politica_y_gobierno
8710	Politica	politica_y_gobierno
8713	Politica	politica_y_gobierno
8714	Politica	politica_y_gobierno
8715	Politica	politica_y_gobierno
8716	Politica	politica_y_gobierno
8717	Politica	politica_y_gobierno
8723	Politica	politica_y_gobierno
8725	Politica	politica_y_gobierno
8726	Politica	politica_y_gobierno
8727	Politica	politica_y_gobierno
8728	Politica	politica_y_gobierno
8729	Politica	politica_y_gobierno
8730	Politica	politica_y_gobierno
8731	Politica	politica_y_gobierno
8732	Politica	politica_y_gobierno
8733	Politica	politica_y_gobierno
8734	Politica	politica_y_gobierno
8735	Politica	politica_y_gobierno
8736	Politica	politica_y_gobierno
8737	Politica	politica_y_gobierno
8757	Economia	economia
8758	Economia	economia
8759	Economia	economia
8762	Economia	economia
8763	Finanzas	finanzas
8769	Economia	economia
8770	Economia	economia
8771	Economia	economia
8772	Economia	economia
8773	Economia	economia
8774	Economia	economia
8775	Economia	economia
8776	Ciencias de la Computación	informatica
8777	Ciencias de la Computación	informatica
8778	Ciencias de la Computación	informatica
8779	Ciencias de la Computación	informatica
8780	Ciencias de la Computación	informatica
8781	Ciencias de la Computación	informatica
8782	Ciencias de la Computación	informatica
8783	Ciencias de la Computación	informatica
8784	Ciencias de la Computación	informatica
8785	Ciencias de la Computación	informatica
8786	Ciencias de la Computación	informatica
8794	Politica	politica_y_gobierno
8795	Politica	politica_y_gobierno
8796	Politica	politica_y_gobierno
8797	Politica	politica_y_gobierno
8798	Politica	politica_y_gobierno
8799	Politica	politica_y_gobierno
8800	Ciencias de la Computación	informatica
8801	Ciencias de la Computación	informatica
8802	Ciencias de la Computación	informatica
8803	Ciencias de la Computación	informatica
8804	Ciencias de la Computación	informatica
8805	Ciencias de la Computación	informatica
8806	Ciencias de la Computación	informatica
8807	Ciencias de la Computación	informatica
8808	Ciencias de la Computación	informatica
8810	Estadistica	estadistica
8811	Estadistica	estadistica
8812	Estadistica	estadistica
8813	Politica	politica_y_gobierno
8814	Politica	politica_y_gobierno
8815	Politica	politica_y_gobierno
8816	Politica	politica_y_gobierno
8817	Politica	politica_y_gobierno
8818	Politica	politica_y_gobierno
8819	Politica	politica_y_gobierno
8820	Politica	politica_y_gobierno
8821	Politica	politica_y_gobierno
8822	Politica	politica_y_gobierno
8823	Politica	politica_y_gobierno
8824	Politica	politica_y_gobierno
8825	Politica	politica_y_gobierno
8826	Politica	politica_y_gobierno
8827	Politica	politica_y_gobierno
8828	Politica	politica_y_gobierno
8829	Politica	politica_y_gobierno
8830	Politica	politica_y_gobierno
8831	Politica	politica_y_gobierno
8833	Politica	politica_y_gobierno
8834	Politica	politica_y_gobierno
8835	Politica	politica_y_gobierno
8836	Politica	politica_y_gobierno
8837	Politica	politica_y_gobierno
8838	Politica	politica_y_gobierno
8842	Economia	economia
8845	Economia	economia
8848	Economia	economia
8849	Economia	economia
8850	Economia	economia
8851	Economia	economia
8853	Economia	economia
8855	Economia	economia
8856	Economia	economia
8862	Economia	economia
8863	Economia	economia
8864	Economia	economia
8865	Economia	economia
8868	Economia	economia
8870	Economia	economia
8872	Economia	economia
8873	Economia	economia
8874	Economia	economia
8875	Economia	economia
8876	Economia	economia
8880	Economia	economia
8881	Economia	economia
8883	Economia	economia
8884	Economia	economia
8885	Economia	economia
8886	Economia	economia
8887	Economia	economia
8888	Economia	economia
8889	Economia	economia
8891	Finanzas	finanzas
8892	Finanzas	finanzas
8893	Finanzas	finanzas
8894	Finanzas	finanzas
8895	Finanzas	finanzas
8896	Finanzas	finanzas
8897	Finanzas	finanzas
8898	Finanzas	finanzas
8899	Finanzas	finanzas
8900	Finanzas	finanzas
8901	Finanzas	finanzas
8902	Finanzas	finanzas
8903	Finanzas	finanzas
8904	Finanzas	finanzas
8905	Finanzas	finanzas
8907	Finanzas	finanzas
8908	Finanzas	finanzas
8909	Finanzas	finanzas
8910	Finanzas	finanzas
8911	Finanzas	finanzas
8917	Economia	economia
8918	Economia	economia
8919	Economia	economia
8920	Economia	economia
8921	Economia	economia
8922	Economia	economia
8923	Economia	economia
8924	Economia	economia
8925	Economia	economia
8926	Economia	economia
8927	Economia	economia
8928	Economia	economia
8929	Economia	economia
8930	Economia	economia
8931	Economia	economia
8932	Economia	economia
8933	Economia	economia
8934	Economia	economia
8935	Economia	economia
8936	Economia	economia
8947	Economia	economia
8948	Economia	economia
8949	Economia	economia
8950	Economia	economia
8951	Economia	economia
8952	Economia	economia
8953	Economia	economia
8954	Economia	economia
8955	Economia	economia
8957	Economia	economia
8958	Economia	economia
8959	Economia	economia
8960	Economia	economia
8961	Economia	economia
8962	Economia	economia
8963	Economia	economia
8964	Economia	economia
8965	Economia	economia
8966	Economia	economia
8967	Economia	economia
8968	Economia	economia
8969	Economia	economia
8970	Economia	economia
8971	Economia	economia
8972	Economia	economia
8974	Economia	economia
8975	Economia	economia
8976	Economia	economia
8977	Economia	economia
8978	Economia	economia
8979	Economia	economia
8981	Economia	economia
8982	Economia	economia
8983	Economia	economia
8984	Economia	economia
8987	Economia	economia
8990	Economia	economia
8991	Economia	economia
8993	Economia	economia
8994	Economia	economia
8996	Economia	economia
8997	Economia	economia
8998	Economia	economia
8999	Economia	economia
9001	Economia	economia
9006	Economia	economia
9007	Economia	economia
9008	Economia	economia
9010	Economia	economia
9011	Economia	economia
9012	Economia	economia
9015	Economia	economia
9017	Economia	economia
9019	Economia	economia
9020	Economia	economia
9021	Economia	economia
9022	Economia	economia
9023	Economia	economia
9026	Economia	economia
9030	Economia	economia
9031	Economia	economia
9032	Economia	economia
9036	Economia	economia
9037	Finanzas	finanzas
9038	Finanzas	finanzas
9039	Finanzas	finanzas
9040	Finanzas	finanzas
9041	Finanzas	finanzas
9042	Finanzas	finanzas
9043	Finanzas	finanzas
9044	Finanzas	finanzas
9046	Finanzas	finanzas
9047	Finanzas	finanzas
9048	Finanzas	finanzas
9051	Matematicas	matematicas
9052	Matematicas	matematicas
9053	Matematicas	matematicas
9054	Matematicas	matematicas
9055	Matematicas	matematicas
9056	Matematicas	matematicas
9057	Matematicas	matematicas
9058	Matematicas	matematicas
9060	Matematicas	matematicas
9061	Matematicas	matematicas
9063	Economia	economia
9065	Economia	economia
9068	Economia	economia
9073	Economia	economia
9074	Economia	economia
9075	Economia	economia
9076	Economia	economia
9078	Economia	economia
9083	Economia	economia
9084	Economia	economia
9091	Economia	economia
9094	Economia	economia
9095	Economia	economia
9108	Politica	politica_y_gobierno
9109	Politica	politica_y_gobierno
9110	Politica	politica_y_gobierno
9111	Politica	politica_y_gobierno
9112	Politica	politica_y_gobierno
9113	Politica	politica_y_gobierno
9114	Politica	politica_y_gobierno
9115	Politica	politica_y_gobierno
9116	Politica	politica_y_gobierno
9117	Politica	politica_y_gobierno
9118	Politica	politica_y_gobierno
9119	Politica	politica_y_gobierno
9120	Politica	politica_y_gobierno
9121	Politica	politica_y_gobierno
9122	Politica	politica_y_gobierno
9123	Politica	politica_y_gobierno
9124	Politica	politica_y_gobierno
9125	Politica	politica_y_gobierno
9126	Politica	politica_y_gobierno
9127	Politica	politica_y_gobierno
9128	Politica	politica_y_gobierno
9129	Politica	politica_y_gobierno
9130	Finanzas	finanzas
9131	Finanzas	finanzas
9132	Finanzas	finanzas
9133	Finanzas	finanzas
9134	Finanzas	finanzas
9135	Finanzas	finanzas
9136	Finanzas	finanzas
9137	Finanzas	finanzas
9138	Finanzas	finanzas
9139	Finanzas	finanzas
9140	Finanzas	finanzas
9141	Finanzas	finanzas
9142	Finanzas	finanzas
9143	Finanzas	finanzas
9144	Finanzas	finanzas
9145	Finanzas	finanzas
9146	Finanzas	finanzas
9147	Finanzas	finanzas
9148	Finanzas	finanzas
9149	Finanzas	finanzas
9150	Finanzas	finanzas
9151	Finanzas	finanzas
9152	Finanzas	finanzas
9153	Finanzas	finanzas
9155	Finanzas	finanzas
9156	Finanzas	finanzas
9157	Finanzas	finanzas
9158	Finanzas	finanzas
9159	Finanzas	finanzas
9160	Finanzas	finanzas
9161	Finanzas	finanzas
9162	Finanzas	finanzas
9163	Finanzas	finanzas
9164	Finanzas	finanzas
9165	Finanzas	finanzas
9166	Finanzas	finanzas
9167	Finanzas	finanzas
9169	Economia	economia
9170	Economia	economia
9171	Economia	economia
9172	Economia	economia
9174	Economia	economia
9175	Economia	economia
9176	Economia	economia
9180	Economia	economia
9181	Ciencias de la Computación	informatica
9182	Ciencias de la Computación	informatica
9183	Ciencias de la Computación	informatica
9184	Ciencias de la Computación	informatica
9185	Ciencias de la Computación	informatica
9186	Ciencias de la Computación	informatica
9187	Ciencias de la Computación	informatica
9188	Ciencias de la Computación	informatica
9189	Ciencias de la Computación	informatica
9190	Ciencias de la Computación	informatica
9191	Ciencias de la Computación	informatica
9192	Ciencias de la Computación	informatica
9193	Ciencias de la Computación	informatica
9194	Ciencias de la Computación	informatica
9195	Ciencias de la Computación	informatica
9196	Ciencias de la Computación	informatica
9197	Ciencias de la Computación	informatica
9198	Ciencias de la Computación	informatica
9199	Ciencias de la Computación	informatica
9200	Economia	economia
9201	Economia	economia
9202	Economia	economia
9215	Matematicas	matematicas
9216	Matematicas	matematicas
9217	Matematicas	matematicas
9218	Economia	economia
9219	Economia	economia
9220	Economia	economia
9221	Economia	economia
9222	Economia	economia
9223	Economia	economia
9224	Economia	economia
9225	Economia	economia
9226	Economia	economia
9227	Economia	economia
9228	Economia	economia
9235	Economia	economia
9236	Economia	economia
9237	Economia	economia
9238	Economia	economia
9246	Economia	economia
9247	Economia	economia
9248	Economia	economia
9251	Economia	economia
9252	Economia	economia
9253	Economia	economia
9254	Economia	economia
9255	Economia	economia
9256	Economia	economia
9258	Economia	economia
9260	Economia	economia
9262	Economia	economia
9265	Economia	economia
9267	Economia	economia
9269	Economia	economia
9270	Economia	economia
9271	Economia	economia
9272	Economia	economia
9276	Literatura	literatura
9277	Ciencias de la Computación	informatica
9278	Ciencias de la Computación	informatica
9279	Ciencias de la Computación	informatica
9280	Ciencias de la Computación	informatica
9281	Ciencias de la Computación	informatica
9282	Ciencias de la Computación	informatica
9283	Ciencias de la Computación	informatica
9284	Ciencias de la Computación	informatica
9309	Finanzas	finanzas
9333	Historia	historia
9334	Historia	historia
9577	Estadistica	estadistica
9578	Estadistica	estadistica
9579	Estadistica	estadistica
9580	Estadistica	estadistica
9581	Estadistica	estadistica
9582	Economia	economia
9591	Estadistica	estadistica
9599	Estadistica	estadistica
9606	Estadistica	estadistica
9607	Estadistica	estadistica
9608	Estadistica	estadistica
9609	Estadistica	estadistica
9610	Estadistica	estadistica
9611	Estadistica	estadistica
9612	Estadistica	estadistica
9613	Estadistica	estadistica
9614	Estadistica	estadistica
9615	Estadistica	estadistica
9616	Estadistica	estadistica
9621	Literatura	literatura
9663	Ciencias de la Computación	informatica
9667	Ciencias de la Computación	informatica
9669	Ciencias de la Computación	informatica
9670	Ciencias de la Computación	informatica
9671	Ciencias de la Computación	informatica
9675	Ciencias de la Computación	informatica
9677	Literatura	literatura
9693	Filosofia	filosofia
9696	Ciencias de la Computación	informatica
9698	Ciencias de la Computación	informatica
9699	Ciencias de la Computación	informatica
9700	Ciencias de la Computación	informatica
9701	Ciencias de la Computación	informatica
9703	Ciencias de la Computación	informatica
9704	Literatura	literatura
9705	Literatura	literatura
9706	Literatura	literatura
9773	Educacion	educacion
9780	Educacion	educacion
9781	Educacion	educacion
9782	Educacion	educacion
9783	Educacion	educacion
9784	Educacion	educacion
9785	Educacion	educacion
9786	Educacion	educacion
9787	Educacion	educacion
9788	Educacion	educacion
9789	Educacion	educacion
9790	Educacion	educacion
9791	Educacion	educacion
9792	Educacion	educacion
9824	Estadistica	estadistica
9844	Matematicas	matematicas
9856	Matematicas	matematicas
9857	Matematicas	matematicas
9858	Matematicas	matematicas
9866	Politica	politica_y_gobierno
9867	Educacion	educacion
9868	Literatura	literatura
9869	Literatura	literatura
9870	Educacion	educacion
9871	Educacion	educacion
9872	Literatura	literatura
9874	Literatura	literatura
9877	Ciencias de la Computación	informatica
9878	Ciencias de la Computación	informatica
9880	Finanzas	finanzas
9881	Economia	economia
9882	Economia	economia
9885	Educacion	educacion
9887	Finanzas	finanzas
9888	Economia	economia
9889	Finanzas	finanzas
9890	Economia	economia
9891	Economia	economia
9892	Educacion	educacion
9893	Educacion	educacion
9894	Educacion	educacion
9895	Educacion	educacion
9896	Educacion	educacion
9897	Educacion	educacion
9898	Educacion	educacion
9899	Educacion	educacion
9904	Economia	economia
9905	Economia	economia
9906	Economia	economia
9908	Finanzas	finanzas
9909	Economia	economia
435	Filosofia	filosofia
537	Filosofia	filosofia
617	Filosofia	filosofia
759	Filosofia	filosofia
3750	Filosofia	filosofia
9665	Educacion	educacion
9668	Educacion	educacion
1	Economia	economia
19	Economia	economia
31	Economia	economia
51	Economia	economia
57	Economia	economia
60	Economia	economia
61	Economia	economia
62	Economia	economia
63	Economia	economia
68	Economia	economia
71	Economia	economia
72	Economia	economia
73	Economia	economia
74	Economia	economia
76	Economia	economia
77	Economia	economia
79	Economia	economia
81	Economia	economia
83	Economia	economia
87	Economia	economia
88	Economia	economia
90	Economia	economia
92	Economia	economia
96	Economia	economia
105	Economia	economia
107	Economia	economia
109	Economia	economia
110	Economia	economia
111	Economia	economia
114	Economia	economia
116	Finanzas	finanzas
117	Economia	economia
118	Economia	economia
119	Economia	economia
125	Economia	economia
126	Economia	economia
127	Economia	economia
128	Economia	economia
133	Economia	economia
134	Economia	economia
135	Economia	economia
138	Economia	economia
140	Economia	economia
142	Economia	economia
144	Economia	economia
145	Economia	economia
149	Economia	economia
153	Economia	economia
155	Economia	economia
156	Economia	economia
157	Economia	economia
161	Economia	economia
162	Economia	economia
163	Economia	economia
164	Economia	economia
168	Economia	economia
169	Economia	economia
172	Economia	economia
173	Economia	economia
174	Economia	economia
175	Economia	economia
176	Finanzas	finanzas
180	Economia	economia
181	Economia	economia
187	Economia	economia
188	Economia	economia
189	Economia	economia
191	Economia	economia
192	Economia	economia
194	Economia	economia
196	Economia	economia
198	Economia	economia
199	Economia	economia
203	Economia	economia
207	Economia	economia
209	Economia	economia
214	Economia	economia
216	Economia	economia
217	Economia	economia
225	Economia	economia
228	Economia	economia
229	Economia	economia
231	Economia	economia
234	Economia	economia
235	Economia	economia
238	Economia	economia
239	Economia	economia
240	Economia	economia
249	Economia	economia
255	Economia	economia
257	Finanzas	finanzas
258	Economia	economia
259	Finanzas	finanzas
265	Finanzas	finanzas
266	Economia	economia
267	Finanzas	finanzas
279	Politica	politica_y_gobierno
288	Finanzas	finanzas
289	Historia	historia
296	Economia	economia
306	Economia	economia
308	Matematicas	matematicas
313	Matematicas	matematicas
314	Economia	economia
315	Economia	economia
323	Matematicas	matematicas
329	Economia	economia
337	Matematicas	matematicas
339	Economia	economia
341	Finanzas	finanzas
342	Finanzas	finanzas
343	Economia	economia
344	Historia	historia
349	Economia	economia
350	Economia	economia
354	Finanzas	finanzas
361	Economia	economia
362	Economia	economia
365	Economia	economia
373	Economia	economia
380	Economia	economia
381	Economia	economia
382	Ciencias de la Computación	informatica
386	Estadistica	estadistica
387	Finanzas	finanzas
394	Politica	politica_y_gobierno
395	Economia	economia
397	Economia	economia
398	Matematicas	matematicas
400	Economia	economia
401	Politica	politica_y_gobierno
405	Politica	politica_y_gobierno
406	Ciencias Sociales	ciencias_sociales
409	Economia	economia
417	Matematicas	matematicas
420	Finanzas	finanzas
421	Politica	politica_y_gobierno
427	Matematicas	matematicas
428	Matematicas	matematicas
430	Matematicas	matematicas
448	Economia	economia
451	Matematicas	matematicas
452	Economia	economia
453	Economia	economia
456	Educacion	educacion
459	Economia	economia
464	Matematicas	matematicas
467	Economia	economia
469	Economia	economia
470	Economia	economia
471	Historia	historia
472	Finanzas	finanzas
475	Economia	economia
479	Finanzas	finanzas
480	Economia	economia
482	Economia	economia
488	Economia	economia
497	Economia	economia
498	Economia	economia
499	Economia	economia
500	Economia	economia
502	Politica	politica_y_gobierno
507	Ciencias Sociales	ciencias_sociales
510	Politica	politica_y_gobierno
514	Economia	economia
517	Economia	economia
518	Finanzas	finanzas
519	Economia	economia
521	Politica	politica_y_gobierno
524	Economia	economia
527	Matematicas	matematicas
534	Economia	economia
538	Finanzas	finanzas
539	Economia	economia
541	Economia	economia
551	Economia	economia
552	Ciencias Sociales	ciencias_sociales
553	Finanzas	finanzas
554	Economia	economia
557	Politica	politica_y_gobierno
561	Economia	economia
567	Politica	politica_y_gobierno
575	Matematicas	matematicas
580	Matematicas	matematicas
584	Politica	politica_y_gobierno
588	Politica	politica_y_gobierno
593	Matematicas	matematicas
595	Economia	economia
596	Economia	economia
597	Estadistica	estadistica
601	Economia	economia
603	Politica	politica_y_gobierno
606	Economia	economia
607	Economia	economia
610	Economia	economia
613	Economia	economia
615	Economia	economia
616	Economia	economia
624	Politica	politica_y_gobierno
626	Economia	economia
627	Estadistica	estadistica
635	Economia	economia
636	Finanzas	finanzas
637	Economia	economia
638	Economia	economia
639	Economia	economia
640	Economia	economia
641	Economia	economia
642	Economia	economia
648	Ciencias Sociales	ciencias_sociales
649	Economia	economia
651	Economia	economia
652	Economia	economia
653	Economia	economia
655	Economia	economia
656	Economia	economia
660	Economia	economia
661	Economia	economia
662	Economia	economia
663	Economia	economia
665	Finanzas	finanzas
666	Finanzas	finanzas
667	Divulgacion	divulgacion_cientifica
668	Economia	economia
670	Estadistica	estadistica
671	Estadistica	estadistica
679	Economia	economia
681	Economia	economia
682	Economia	economia
683	Economia	economia
685	Estadistica	estadistica
688	Economia	economia
691	Economia	economia
698	Economia	economia
701	Ciencias Sociales	ciencias_sociales
705	Finanzas	finanzas
706	Matematicas	matematicas
711	Finanzas	finanzas
712	Finanzas	finanzas
717	Economia	economia
718	Economia	economia
729	Matematicas	matematicas
734	Finanzas	finanzas
736	Matematicas	matematicas
738	Economia	economia
741	Economia	economia
746	Economia	economia
747	Politica	politica_y_gobierno
757	Economia	economia
760	Economia	economia
768	Politica	politica_y_gobierno
772	Educacion	educacion
773	Economia	economia
774	Economia	economia
777	Matematicas	matematicas
779	Matematicas	matematicas
788	Economia	economia
789	Estadistica	estadistica
790	Estadistica	estadistica
791	Estadistica	estadistica
796	Economia	economia
799	Economia	economia
809	Literatura	literatura
837	Literatura	literatura
839	Literatura	literatura
850	Economia	economia
853	Economia	economia
854	Economia	economia
856	Economia	economia
857	Economia	economia
858	Economia	economia
861	Politica	politica_y_gobierno
867	Estadistica	estadistica
993	Economia	economia
996	Economia	economia
1001	Economia	economia
1004	Economia	economia
1005	Economia	economia
1006	Economia	economia
1007	Economia	economia
1008	Economia	economia
1022	Ciencias Sociales	ciencias_sociales
1023	Ciencias Sociales	ciencias_sociales
1024	Ciencias Sociales	ciencias_sociales
1026	Ciencias Sociales	ciencias_sociales
1051	Finanzas	finanzas
1053	Economia	economia
1054	Economia	economia
1055	Economia	economia
1109	Educacion	educacion
1114	Economia	economia
1115	Economia	economia
1116	Economia	economia
1117	Finanzas	finanzas
1133	Historia	historia
1135	Economia	economia
1138	Matematicas	matematicas
1140	Economia	economia
1142	Economia	economia
1144	Economia	economia
1145	Economia	economia
1146	Economia	economia
1147	Economia	economia
1148	Economia	economia
1149	Economia	economia
1150	Economia	economia
1151	Economia	economia
1153	Economia	economia
1154	Economia	economia
1155	Economia	economia
1157	Economia	economia
1158	Economia	economia
1162	Economia	economia
1167	Economia	economia
1322	Economia	economia
1323	Economia	economia
1334	Educacion	educacion
1375	Economia	economia
1376	Economia	economia
1378	Economia	economia
1384	Economia	economia
1385	Economia	economia
1393	Economia	economia
1400	Economia	economia
1403	Economia	economia
1404	Politica	politica_y_gobierno
1416	Finanzas	finanzas
1428	Economia	economia
1434	Economia	economia
1435	Economia	economia
1490	Ciencias Sociales	ciencias_sociales
1523	Economia	economia
1524	Economia	economia
1526	Finanzas	finanzas
1528	Economia	economia
1529	Economia	economia
1530	Economia	economia
1533	Politica	politica_y_gobierno
1534	Economia	economia
1535	Economia	economia
1536	Economia	economia
1538	Economia	economia
1539	Finanzas	finanzas
1543	Economia	economia
1545	Economia	economia
1548	Economia	economia
1549	Economia	economia
1550	Economia	economia
1554	Economia	economia
1560	Economia	economia
1567	Economia	economia
1571	Filosofia	filosofia
1580	Economia	economia
1583	Economia	economia
1593	Divulgacion	divulgacion_cientifica
1595	Economia	economia
1597	Finanzas	finanzas
1598	Matematicas	matematicas
1600	Economia	economia
1601	Matematicas	matematicas
1602	Economia	economia
1604	Economia	economia
1610	Politica	politica_y_gobierno
1614	Economia	economia
1617	Economia	economia
1618	Economia	economia
1622	Economia	economia
1631	Economia	economia
1636	Economia	economia
1637	Economia	economia
1643	Economia	economia
1648	Economia	economia
1661	Economia	economia
1664	Economia	economia
1665	Finanzas	finanzas
1669	Economia	economia
1671	Estadistica	estadistica
1672	Estadistica	estadistica
1673	Economia	economia
1680	Politica	politica_y_gobierno
1681	Economia	economia
1686	Economia	economia
1706	Finanzas	finanzas
1707	Economia	economia
1712	Economia	economia
1716	Economia	economia
1718	Finanzas	finanzas
1726	Economia	economia
1728	Economia	economia
1729	Educacion	educacion
1733	Economia	economia
1736	Economia	economia
1738	Ciencias Sociales	ciencias_sociales
1739	Economia	economia
1740	Economia	economia
1741	Economia	economia
1742	Economia	economia
1747	Economia	economia
1749	Economia	economia
1751	Economia	economia
1753	Economia	economia
1756	Educacion	educacion
1757	Economia	economia
1758	Economia	economia
1759	Economia	economia
1760	Economia	economia
1762	Economia	economia
1772	Economia	economia
1776	Economia	economia
1786	Economia	economia
1787	Economia	economia
1788	Matematicas	matematicas
1791	Economia	economia
1792	Politica	politica_y_gobierno
1793	Economia	economia
1809	Politica	politica_y_gobierno
1831	Politica	politica_y_gobierno
1855	Economia	economia
1879	Economia	economia
1935	Economia	economia
1938	Economia	economia
1939	Economia	economia
1951	Educacion	educacion
1968	Finanzas	finanzas
1975	Finanzas	finanzas
1976	Politica	politica_y_gobierno
1988	Economia	economia
1989	Economia	economia
1991	Economia	economia
1993	Finanzas	finanzas
1994	Economia	economia
1995	Economia	economia
1996	Economia	economia
1997	Finanzas	finanzas
2005	Economia	economia
2006	Economia	economia
2007	Economia	economia
2008	Economia	economia
2009	Economia	economia
2011	Economia	economia
2015	Economia	economia
2016	Economia	economia
2017	Economia	economia
2019	Economia	economia
2022	Economia	economia
2040	Economia	economia
2041	Ciencias Sociales	ciencias_sociales
2042	Economia	economia
2043	Economia	economia
2044	Economia	economia
2045	Economia	economia
2046	Economia	economia
2048	Economia	economia
2049	Economia	economia
2054	Finanzas	finanzas
2056	Economia	economia
2058	Matematicas	matematicas
2059	Matematicas	matematicas
2060	Matematicas	matematicas
2061	Matematicas	matematicas
2076	Economia	economia
2077	Economia	economia
2078	Economia	economia
2079	Economia	economia
2082	Educacion	educacion
2107	Educacion	educacion
2109	Economia	economia
3103	Economia	economia
3104	Economia	economia
3108	Educacion	educacion
3114	Educacion	educacion
3115	Educacion	educacion
3172	Finanzas	finanzas
3173	Economia	economia
3174	Economia	economia
3175	Economia	economia
3176	Economia	economia
3177	Economia	economia
3178	Economia	economia
3179	Economia	economia
3180	Economia	economia
3181	Economia	economia
3637	Educacion	educacion
3638	Educacion	educacion
3641	Educacion	educacion
3642	Educacion	educacion
3643	Educacion	educacion
3644	Educacion	educacion
4058	Economia	economia
4061	Economia	economia
4256	Economia	economia
4257	Economia	economia
4262	Economia	economia
4263	Finanzas	finanzas
4546	Finanzas	finanzas
8511	Educacion	educacion
8513	Educacion	educacion
8515	Educacion	educacion
8568	Economia	economia
8569	Economia	economia
8570	Economia	economia
8571	Economia	economia
8572	Economia	economia
8573	Economia	economia
8574	Economia	economia
8760	Finanzas	finanzas
8767	Economia	economia
8787	Economia	economia
8788	Economia	economia
8789	Economia	economia
8790	Economia	economia
8791	Economia	economia
8792	Economia	economia
8793	Economia	economia
8906	Finanzas	finanzas
9049	Economia	economia
9203	Economia	economia
9204	Economia	economia
9205	Economia	economia
9206	Economia	economia
9207	Economia	economia
9208	Economia	economia
9209	Educacion	educacion
9583	Ciencias de la Computación	informatica
9589	Estadistica	estadistica
9593	Estadistica	estadistica
9596	Estadistica	estadistica
9617	Estadistica	estadistica
9618	Estadistica	estadistica
9707	Educacion	educacion
9715	Politica	politica_y_gobierno
9716	Politica	politica_y_gobierno
9717	Politica	politica_y_gobierno
9718	Politica	politica_y_gobierno
9719	Politica	politica_y_gobierno
9720	Politica	politica_y_gobierno
9721	Politica	politica_y_gobierno
9725	Politica	politica_y_gobierno
9732	Ciencias	ciencias_naturales
9733	Politica	politica_y_gobierno
148	Economia	economia
185	Economia	economia
614	Finanzas	finanzas
1605	Economia	economia
1606	Economia	economia
1607	Economia	economia
1608	Economia	economia
2110	Economia	economia
9907	Finanzas	finanzas
9910	Economia	economia
9911	Economia	economia
9912	Economia	economia
9971	Economia	economia
9990	Metodologia	metodologia_investigacion
9997	Estadistica	estadistica
9998	Estadistica	estadistica
619	Economia	economia
