papelera_zotero	3328	D ítem del libro 352 (se queda 9888)
calibre_remove	352	Nassir, Sapag Chain/Preparacion y evaluacion de proyectos (352) · se queda 9888
papelera_zotero	228	D ítem del libro 3154 (se queda 3159)
calibre_remove	3154	Miguel Angel, Cabello/Equilibrio general competitivo (3154) · se queda 3159
papelera_zotero	225	D ítem del libro 3156 (se queda 3160)
calibre_remove	3156	Miguel Angel, Cabello/Introduccion a metodos numericos (3156) · se queda 3160
papelera_zotero	227	D ítem del libro 3157 (se queda 3161)
calibre_remove	3157	Miguel Angel, Cabello/Modelos de crecimiento neoclasico y rbc (3157) · se queda 3161
papelera_zotero	222	D ítem del libro 3158 (se queda 3162)
calibre_remove	3158	Miguel Angel, Cabello/Programacion dinamica (3158) · se queda 3162
papelera_zotero	4006	D ítem del libro 3580 (se queda 3578)
calibre_remove	3580	Victor, Gamarra Echenique/Modelo de emparejamiento implementacion del psm (3580) · se queda 3578
