9	John, Maynard Keynes/Teoria general de la ocupacion, el interes y el dinero (9)/Teoria general de la ocupacion, el interes - John, Maynard Keynes.epub	John Maynard, Keynes/Teoria general de la ocupacion, el interes y el dinero (9)/Teoria general de la ocupacion, el interes - John Maynard, Keynes.epub
18	Marco, Aurelio Denegri/Miscelanea humanistica (18)/Miscelanea humanistica - Marco, Aurelio Denegri.epub	Marco Aurelio, Denegri/Miscelanea humanistica (18)/Miscelanea humanistica - Marco Aurelio, Denegri.epub
54	Jesus, Huerta De Soto/A proposito del proceso de unificacion monetaria en europa (54)/A proposito del proceso de unificacion mon - Jesus, Huerta De Soto.pdf	Jesus, Huerta de Soto/A proposito del proceso de unificacion monetaria en europa (54)/A proposito del proceso de unificacion mon - Jesus, Huerta de Soto.pdf
162	Lars, Peter Hansen/Robustness (162)/Robustness - Lars, Peter Hansen.pdf	Lars Peter, Hansen/Robustness (162)/Robustness - Lars Peter, Hansen.pdf
250	Wasserman, L_/All of statistics a concise course in statistical inference (250)/All of statistics a concise course in stat - Wasserman, L_.pdf	Larry, Wasserman/All of statistics a concise course in statistical inference (250)/All of statistics a concise course in stat - Larry, Wasserman.pdf
271	uned/Historia economica de la empresa hasta la 351 (271)/Historia economica de la empresa hasta la - uned.pdf	UNED/Historia economica de la empresa hasta la 351 (271)/Historia economica de la empresa hasta la - UNED.pdf
272	uned/Historia economica de la empresa hasta la 251 (272)/Historia economica de la empresa hasta la - uned.pdf	UNED/Historia economica de la empresa hasta la 251 (272)/Historia economica de la empresa hasta la - UNED.pdf
289	Carmen, Astrid Romero/Tipos de cambio multiple en colombia 1932 1967 (289)/Tipos de cambio multiple en colombia 1932 - Carmen, Astrid Romero.pdf	Carmen Astrid, Romero/Tipos de cambio multiple en colombia 1932 1967 (289)/Tipos de cambio multiple en colombia 1932 - Carmen Astrid, Romero.pdf
318	Jean, Louis Brillet/Structural econometric modelling under eviews (318)/Structural econometric modelling under evi - Jean, Louis Brillet.pdf	Jean-Louis, Brillet/Structural econometric modelling under eviews (318)/Structural econometric modelling under evi - Jean-Louis, Brillet.pdf
319	Mark M., Watson/Introduccion a la econometria (319)/Introduccion a la econometria - Mark M., Watson.pdf	James H., Stock/Introduccion a la econometria (319)/Introduccion a la econometria - James H., Stock.pdf
320	Mark M., Watson/Introduction to econometrics (320)/Introduction to econometrics - Mark M., Watson.pdf	James H., Stock/Introduction to econometrics (320)/Introduction to econometrics - James H., Stock.pdf
699	Ait-Sahalia, Yacine/Handbook of financial econometrics, volume 1 (699)/Handbook of financial econometrics, volume - Ait-Sahalia, Yacine.pdf	Yacine, Ait-Sahalia/Handbook of financial econometrics, volume 1 (699)/Handbook of financial econometrics, volume - Yacine, Ait-Sahalia.pdf
700	Ait-Sahalia, Yacine/Handbook of financial econometrics, volume 2 (700)/Handbook of financial econometrics, volume - Ait-Sahalia, Yacine.pdf	Yacine, Ait-Sahalia/Handbook of financial econometrics, volume 2 (700)/Handbook of financial econometrics, volume - Yacine, Ait-Sahalia.pdf
757	Lapidus/Manual de economia politica (757)/Manual de economia politica - Lapidus.pdf	I., Lapidus/Manual de economia politica (757)/Manual de economia politica - I., Lapidus.pdf
788	Albert, O. Hirschman/The changing tolerance for income inequality in the course of economic development (788)/The changing tolerance for income inequali - Albert, O. Hirschman.pdf	Albert O., Hirschman/The changing tolerance for income inequality in the course of economic development (788)/The changing tolerance for income inequali - Albert O., Hirschman.pdf
1580	Dario, Omar Ricciardi/La politica economica (1580)/La politica economica - Dario, Omar Ricciardi.pdf	Dario Omar, Ricciardi/La politica economica (1580)/La politica economica - Dario Omar, Ricciardi.pdf
1653	Jehle/Advanced microeconomic theory hints and answers (1653)/Advanced microeconomic theory hints and an - Jehle.pdf	Geoffrey A., Jehle/Advanced microeconomic theory hints and answers (1653)/Advanced microeconomic theory hints and an - Geoffrey A., Jehle.pdf
1661	Indec/Como se mide el desempleo (1661)/Como se mide el desempleo - Indec.pdf	INDEC/Como se mide el desempleo (1661)/Como se mide el desempleo - INDEC.pdf
1664	Jesus, Huerta De Soto/La escuela austriaca moderna frente a la neoclasica (1664)/La escuela austriaca moderna frente a la n - Jesus, Huerta De Soto.pdf	Jesus, Huerta de Soto/La escuela austriaca moderna frente a la neoclasica (1664)/La escuela austriaca moderna frente a la n - Jesus, Huerta de Soto.pdf
1675	Philip, Hans Franses/Concise introduction to econometrics (1675)/Concise introduction to econometrics - Philip, Hans Franses.pdf	Philip Hans, Franses/Concise introduction to econometrics (1675)/Concise introduction to econometrics - Philip Hans, Franses.pdf
1712	Gabriela, Liliana Galassi/Relacion entre ingresos y educacion en las regiones geograficas de argentina (1712)/Relacion entre ingresos y educacion en las - Gabriela, Liliana Galassi.pdf	Gabriela Liliana, Galassi/Relacion entre ingresos y educacion en las regiones geograficas de argentina (1712)/Relacion entre ingresos y educacion en las - Gabriela Liliana, Galassi.pdf
1766	Joan Ripoll, I Alcon/Crisis cambiarias ataques especulativos (1766)/Crisis cambiarias ataques especulativos - Joan Ripoll, I Alcon.pdf	Joan, Ripoll i Alcon/Crisis cambiarias ataques especulativos (1766)/Crisis cambiarias ataques especulativos - Joan, Ripoll i Alcon.pdf
1990	GIlberto, Gallopin/Sostenibilidad y desarrollo sostenible_ un enfoque sistemico (1990)/Sostenibilidad y desarrollo sostenible_ un - GIlberto, Gallopin.pdf	Gilberto, Gallopin/Sostenibilidad y desarrollo sostenible_ un enfoque sistemico (1990)/Sostenibilidad y desarrollo sostenible_ un - Gilberto, Gallopin.pdf
2071	John, Stuart Mill/Sobre la libertad (2071)/Sobre la libertad - John, Stuart Mill.epub	John Stuart, Mill/Sobre la libertad (2071)/Sobre la libertad - John Stuart, Mill.epub
2075	Roxana, Cecilia Ynoub/El proyecto y la metodologia de la investigacion (2075)/El proyecto y la metodologia de la investi - Roxana, Cecilia Ynoub.pdf	Roxana Cecilia, Ynoub/El proyecto y la metodologia de la investigacion (2075)/El proyecto y la metodologia de la investi - Roxana Cecilia, Ynoub.pdf
2077	Jesus, Huerta De Soto/Dinero, credito bancario y ciclos economicos (2077)/Dinero, credito bancario y ciclos economic - Jesus, Huerta De Soto.epub	Jesus, Huerta de Soto/Dinero, credito bancario y ciclos economicos (2077)/Dinero, credito bancario y ciclos economic - Jesus, Huerta de Soto.epub
3173	Cousera/Presentacion (3173)/Presentacion - Cousera.pdf	Coursera/Presentacion (3173)/Presentacion - Coursera.pdf
3174	Cousera/Evaluacion del modulo i (3174)/Evaluacion del modulo i - Cousera.pdf	Coursera/Evaluacion del modulo i (3174)/Evaluacion del modulo i - Coursera.pdf
4158	W., Chan Kim/La estrategia oceano azul (4158)/La estrategia oceano azul - W., Chan Kim.pdf	W. Chan, Kim/La estrategia oceano azul (4158)/La estrategia oceano azul - W. Chan, Kim.pdf
4388	Kiyotaki-Moore/Credit cycles (4388)/Credit cycles - Kiyotaki-Moore.pdf	Nobuhiro, Kiyotaki/Credit cycles (4388)/Credit cycles - Nobuhiro, Kiyotaki.pdf
8975	Janet L. Yellen/Efficiency wage models of unemployment (8975)/Efficiency wage models of unemployment - Janet L. Yellen.pdf	Janet L., Yellen/Efficiency wage models of unemployment (8975)/Efficiency wage models of unemployment - Janet L., Yellen.pdf
9012	D. E., W. Laidler/Inflation a survey (9012)/Inflation a survey - D. E., W. Laidler.pdf	D. E. W., Laidler/Inflation a survey (9012)/Inflation a survey - D. E. W., Laidler.pdf
9165	E. A., M. Cesena/Evaluation of investments in electricity infrastructure using real options and multiobjective f (9165)/Evaluation of investments in electricity i - E. A., M. Cesena.pdf	E. A., Martinez Cesena/Evaluation of investments in electricity infrastructure using real options and multiobjective f (9165)/Evaluation of investments in electricity i - E. A., Martinez Cesena.pdf
9223	Carbaugh/Economia internacional y globalizacion (9223)/Economia internacional y globalizacion - Carbaugh.pdf	Robert J., Carbaugh/Economia internacional y globalizacion (9223)/Economia internacional y globalizacion - Robert J., Carbaugh.pdf
9710	Han, Byung-Chul/Sobre Dios_ Pensar con Simone Weil (9710)/Sobre Dios_ Pensar con Simone Weil - Han, Byung-Chul.pdf	Byung-Chul, Han/Sobre Dios_ Pensar con Simone Weil (9710)/Sobre Dios_ Pensar con Simone Weil - Byung-Chul, Han.pdf
9932	Julio Cotler/El fujimorismo_ ascenso y caida de un regimen autoritario (9932)/El fujimorismo_ ascenso y caida de un regi - Julio Cotler.pdf	Julio, Cotler/El fujimorismo_ ascenso y caida de un regimen autoritario (9932)/El fujimorismo_ ascenso y caida de un regi - Julio, Cotler.pdf
10277	Machado, Roberto/Crecimiento economico e infraestructura de transportes y comunicaciones en el Peru (10277)/Crecimiento economico e infraestructura de - Machado, Roberto.pdf	Roberto, Machado/Crecimiento economico e infraestructura de transportes y comunicaciones en el Peru (10277)/Crecimiento economico e infraestructura de - Roberto, Machado.pdf
10279	Saccsara Auqui, Jonathan/Ejecucion del presupuesto publico y su influencia sobre el desarrollo humano en las provincias (10279)/Ejecucion del presupuesto publico y su inf - Saccsara Auqui, Jonathan.pdf	Jonathan, Saccsara Auqui/Ejecucion del presupuesto publico y su influencia sobre el desarrollo humano en las provincias (10279)/Ejecucion del presupuesto publico y su inf - Jonathan, Saccsara Auqui.pdf
10280	Kamichi Miyashiro, Manuel Jose/Estudio de la relacion entre gasto publico e ingresos con inversion privada y empleo en el Per (10280)/Estudio de la relacion entre gasto publico - Kamichi Miyashiro, Manuel Jose.pdf	Manuel Jose, Kamichi Miyashiro/Estudio de la relacion entre gasto publico e ingresos con inversion privada y empleo en el Per (10280)/Estudio de la relacion entre gasto publico - Manuel Jose, Kamichi Miyashiro.pdf
10281	Trujillo Calagua, Gustavo/La influencia de la inversion publica en el crecimiento economico del Peru a nivel departament (10281)/La influencia de la inversion publica en e - Trujillo Calagua, Gustavo.pdf	Gustavo, Trujillo Calagua/La influencia de la inversion publica en el crecimiento economico del Peru a nivel departament (10281)/La influencia de la inversion publica en e - Gustavo, Trujillo Calagua.pdf
10282	Yepez-Garcia, Ariel/Infraestructura y empleo_ el rol de los sectores de transporte, energia, agua y saneamiento en (10282)/Infraestructura y empleo_ el rol de los se - Yepez-Garcia, Ariel.pdf	Ariel, Yepez-Garcia/Infraestructura y empleo_ el rol de los sectores de transporte, energia, agua y saneamiento en (10282)/Infraestructura y empleo_ el rol de los se - Ariel, Yepez-Garcia.pdf
10283	Tello, Mario D_/Inversion publica en infraestructura y crecimiento regional en Peru, 2005--2020_ un analisis b (10283)/Inversion publica en infraestructura y cre - Tello, Mario D_.pdf	Mario D., Tello/Inversion publica en infraestructura y crecimiento regional en Peru, 2005--2020_ un analisis b (10283)/Inversion publica en infraestructura y cre - Mario D., Tello.pdf
10284	Jimenez, Alvaro/Determinantes de la inversion publica de los gobiernos locales del Peru (10284)/Determinantes de la inversion publica de l - Jimenez, Alvaro.pdf	Alvaro, Jimenez/Determinantes de la inversion publica de los gobiernos locales del Peru (10284)/Determinantes de la inversion publica de l - Alvaro, Jimenez.pdf
10285	Figueroa Anaya, Elmer/Mercado laboral y empleo en la region Ayacucho_ 2020 (10285)/Mercado laboral y empleo en la region Ayac - Figueroa Anaya, Elmer.pdf	Elmer, Figueroa Anaya/Mercado laboral y empleo en la region Ayacucho_ 2020 (10285)/Mercado laboral y empleo en la region Ayac - Elmer, Figueroa Anaya.pdf
10286	Castillo Alvarez, Milagros Cristina/La inversion publica y su efecto en el empleo formal en el Peru, 2019--2023 (10286)/La inversion publica y su efecto en el emp - Castillo Alvarez, Milagros Cristina.pdf	Milagros Cristina, Castillo Alvarez/La inversion publica y su efecto en el empleo formal en el Peru, 2019--2023 (10286)/La inversion publica y su efecto en el emp - Milagros Cristina, Castillo Alvarez.pdf
10287	Mendoza Inca, Jhon Erik/Influencia de la inversion publica en transporte en la reduccion de la pobreza departamental_ (10287)/Influencia de la inversion publica en tran - Mendoza Inca, Jhon Erik.pdf	Jhon Erik, Mendoza Inca/Influencia de la inversion publica en transporte en la reduccion de la pobreza departamental_ (10287)/Influencia de la inversion publica en tran - Jhon Erik, Mendoza Inca.pdf
10288	Sanchez Campos, Dayanna Katherine/Gasto publico per capita en inversiones y su impacto en el nivel de empleo en las regiones del (10288)/Gasto publico per capita en inversiones y - Sanchez Campos, Dayanna Katherine.pdf	Dayanna Katherine, Sanchez Campos/Gasto publico per capita en inversiones y su impacto en el nivel de empleo en las regiones del (10288)/Gasto publico per capita en inversiones y - Dayanna Katherine, Sanchez Campos.pdf
10289	De La Cruz Cacnahuaray, Katherine/La gestion de los proyectos de inversion publica en el Gobierno Regional de Ayacucho, 2021--20 (10289)/La gestion de los proyectos de inversion p - De La Cruz Cacnahuaray, Katherine.pdf	Katherine, De La Cruz Cacnahuaray/La gestion de los proyectos de inversion publica en el Gobierno Regional de Ayacucho, 2021--20 (10289)/La gestion de los proyectos de inversion p - Katherine, De La Cruz Cacnahuaray.pdf
10290	Pastor, Cinthya/El potencial de la inversion en infraestructura para impulsar el empleo en America Latina y el (10290)/El potencial de la inversion en infraestru - Pastor, Cinthya.pdf	Cinthya, Pastor/El potencial de la inversion en infraestructura para impulsar el empleo en America Latina y el (10290)/El potencial de la inversion en infraestru - Cinthya, Pastor.pdf
10291	Yupanqui Santiago, Hugo/La inversion publica en el desarrollo humano de la region Ayacucho, periodo 2007--2018 (10291)/La inversion publica en el desarrollo huma - Yupanqui Santiago, Hugo.pdf	Hugo, Yupanqui Santiago/La inversion publica en el desarrollo humano de la region Ayacucho, periodo 2007--2018 (10291)/La inversion publica en el desarrollo huma - Hugo, Yupanqui Santiago.pdf
10296	Crisly Maria Avila Avila; Yoel Jesus Espinoza Quispialaya/Influencia de la inversion publica en infraestructura sobre el crecimiento economico en el Per (10296)/Influencia de la inversion publica en infr - Crisly Maria Avila Avila; Yoel Jesus Espin.pdf	Crisly Maria, Avila Avila/Influencia de la inversion publica en infraestructura sobre el crecimiento economico en el Per (10296)/Influencia de la inversion publica en infr - Crisly Maria, Avila Avila.pdf
10298	Allen Blackman; Eduardo Cavallo; Bridget Hoffmann; Adrien Vogt-Schilb/Peligro y promesa_ enfrentar el cambio climatico en America Latina y el Caribe (resumen ejecut (10298)/Peligro y promesa_ enfrentar el cambio cli - Allen Blackman; Eduardo Cavallo; Bridget H.pdf	Allen, Blackman/Peligro y promesa_ enfrentar el cambio climatico en America Latina y el Caribe (resumen ejecut (10298)/Peligro y promesa_ enfrentar el cambio cli - Allen, Blackman.pdf
10300	Glicerio Alanya Torres; Juan Luis Huamani Curihuaman/Inversion publica en infraestructura vial y su influencia en la actividad economica de los sec (10300)/Inversion publica en infraestructura vial - Glicerio Alanya Torres; Juan Luis Huamani .pdf	Glicerio, Alanya Torres/Inversion publica en infraestructura vial y su influencia en la actividad economica de los sec (10300)/Inversion publica en infraestructura vial - Glicerio, Alanya Torres.pdf
10301	Lizardo Calderon Romero/Inversion publica en infraestructura agricola y su impacto en el crecimiento economico en el s (10301)/Inversion publica en infraestructura agric - Lizardo Calderon Romero.pdf	Lizardo, Calderon Romero/Inversion publica en infraestructura agricola y su impacto en el crecimiento economico en el s (10301)/Inversion publica en infraestructura agric - Lizardo, Calderon Romero.pdf
10302	Peter Wilson; Lars Madsen/The memoir class for configurable typesetting_ user guide (10302)/The memoir class for configurable typesett - Peter Wilson; Lars Madsen.pdf	Peter, Wilson/The memoir class for configurable typesetting_ user guide (10302)/The memoir class for configurable typesett - Peter, Wilson.pdf
10303	John Biggs/Aligning teaching for constructing learning (10303)/Aligning teaching for constructing learnin - John Biggs.pdf	John, Biggs/Aligning teaching for constructing learning (10303)/Aligning teaching for constructing learnin - John, Biggs.pdf
10304	Michael Alley; Kathryn A. Neeley/Rethinking the design of presentation slides_ a case for sentence headlines and visual evidenc (10304)/Rethinking the design of presentation slid - Michael Alley; Kathryn A. Neeley.pdf	Michael, Alley/Rethinking the design of presentation slides_ a case for sentence headlines and visual evidenc (10304)/Rethinking the design of presentation slid - Michael, Alley.pdf
10305	Jean-luc Doumont/Trees, maps, and theorems_ effective communication for rational minds (paginas de muestra y re (10305)/Trees, maps, and theorems_ effective commu - Jean-luc Doumont.pdf	Jean-Luc, Doumont/Trees, maps, and theorems_ effective communication for rational minds (paginas de muestra y re (10305)/Trees, maps, and theorems_ effective commu - Jean-Luc, Doumont.pdf
10306	Edward R. Tufte/PowerPoint does rocket science, and better techniques for technical reports (ensayo, ET Notebo (10306)/PowerPoint does rocket science, and better - Edward R. Tufte.pdf	Edward R., Tufte/PowerPoint does rocket science, and better techniques for technical reports (ensayo, ET Notebo (10306)/PowerPoint does rocket science, and better - Edward R., Tufte.pdf
10307	Michael Alley/Rethinking scientific presentations_ the assertion-evidence approach (classroom teaching slide (10307)/Rethinking scientific presentations_ the a - Michael Alley.pdf	Michael, Alley/Rethinking scientific presentations_ the assertion-evidence approach (classroom teaching slide (10307)/Rethinking scientific presentations_ the a - Michael, Alley.pdf
10356	Galarreta Velarde, Luis/Ordenar el Estado para recuperar la seguridad, destrabar el crecimiento y convertir las decisi (10356)/Ordenar el Estado para recuperar la seguri - Galarreta Velarde, Luis.pdf	Luis, Galarreta Velarde/Ordenar el Estado para recuperar la seguridad, destrabar el crecimiento y convertir las decisi (10356)/Ordenar el Estado para recuperar la seguri - Luis, Galarreta Velarde.pdf
10416	Morten O. Ravn/On Adjusting the Hodrick-Prescott Filter for the Frequency of Observations (10416)/On Adjusting the Hodrick-Prescott Filter f - Morten O. Ravn.pdf	Morten O., Ravn/On Adjusting the Hodrick-Prescott Filter for the Frequency of Observations (10416)/On Adjusting the Hodrick-Prescott Filter f - Morten O., Ravn.pdf
10419	Robert J. Hodrick/Postwar U.S. Business Cycles_ An Empirical Investigation (10419)/Postwar U.S. Business Cycles_ An Empirical - Robert J. Hodrick.pdf	Robert J., Hodrick/Postwar U.S. Business Cycles_ An Empirical Investigation (10419)/Postwar U.S. Business Cycles_ An Empirical - Robert J., Hodrick.pdf
10421	Jonathan Haughton/Handbook on Poverty and Inequality (10421)/Handbook on Poverty and Inequality - Jonathan Haughton.pdf	Jonathan, Haughton/Handbook on Poverty and Inequality (10421)/Handbook on Poverty and Inequality - Jonathan, Haughton.pdf
