ruta	9	John, Maynard Keynes/Teoria general de la ocupacion, el interes y el dinero (9)/Teoria general de la ocupacion, el interes - John, Maynard Keynes.epub	John Maynard, Keynes/Teoria general de la ocupacion, el interes y el dinero (9)/Teoria general de la ocupacion, el interes - John Maynard, Keynes.epub	1
ruta	18	Marco, Aurelio Denegri/Miscelanea humanistica (18)/Miscelanea humanistica - Marco, Aurelio Denegri.epub	Marco Aurelio, Denegri/Miscelanea humanistica (18)/Miscelanea humanistica - Marco Aurelio, Denegri.epub	1
ruta	54	Jesus, Huerta De Soto/A proposito del proceso de unificacion monetaria en europa (54)/A proposito del proceso de unificacion mon - Jesus, Huerta De Soto.pdf	Jesus, Huerta de Soto/A proposito del proceso de unificacion monetaria en europa (54)/A proposito del proceso de unificacion mon - Jesus, Huerta de Soto.pdf	1
ruta	162	Lars, Peter Hansen/Robustness (162)/Robustness - Lars, Peter Hansen.pdf	Lars Peter, Hansen/Robustness (162)/Robustness - Lars Peter, Hansen.pdf	1
ruta	250	Wasserman, L_/All of statistics a concise course in statistical inference (250)/All of statistics a concise course in stat - Wasserman, L_.pdf	Larry, Wasserman/All of statistics a concise course in statistical inference (250)/All of statistics a concise course in stat - Larry, Wasserman.pdf	1
ruta	271	uned/Historia economica de la empresa hasta la 351 (271)/Historia economica de la empresa hasta la - uned.pdf	UNED/Historia economica de la empresa hasta la 351 (271)/Historia economica de la empresa hasta la - UNED.pdf	1
ruta	272	uned/Historia economica de la empresa hasta la 251 (272)/Historia economica de la empresa hasta la - uned.pdf	UNED/Historia economica de la empresa hasta la 251 (272)/Historia economica de la empresa hasta la - UNED.pdf	1
ruta	289	Carmen, Astrid Romero/Tipos de cambio multiple en colombia 1932 1967 (289)/Tipos de cambio multiple en colombia 1932 - Carmen, Astrid Romero.pdf	Carmen Astrid, Romero/Tipos de cambio multiple en colombia 1932 1967 (289)/Tipos de cambio multiple en colombia 1932 - Carmen Astrid, Romero.pdf	1
ruta	318	Jean, Louis Brillet/Structural econometric modelling under eviews (318)/Structural econometric modelling under evi - Jean, Louis Brillet.pdf	Jean-Louis, Brillet/Structural econometric modelling under eviews (318)/Structural econometric modelling under evi - Jean-Louis, Brillet.pdf	1
ruta	319	Mark M., Watson/Introduccion a la econometria (319)/Introduccion a la econometria - Mark M., Watson.pdf	James H., Stock/Introduccion a la econometria (319)/Introduccion a la econometria - James H., Stock.pdf	1
ruta	320	Mark M., Watson/Introduction to econometrics (320)/Introduction to econometrics - Mark M., Watson.pdf	James H., Stock/Introduction to econometrics (320)/Introduction to econometrics - James H., Stock.pdf	1
ruta	699	Ait-Sahalia, Yacine/Handbook of financial econometrics, volume 1 (699)/Handbook of financial econometrics, volume - Ait-Sahalia, Yacine.pdf	Yacine, Ait-Sahalia/Handbook of financial econometrics, volume 1 (699)/Handbook of financial econometrics, volume - Yacine, Ait-Sahalia.pdf	1
ruta	700	Ait-Sahalia, Yacine/Handbook of financial econometrics, volume 2 (700)/Handbook of financial econometrics, volume - Ait-Sahalia, Yacine.pdf	Yacine, Ait-Sahalia/Handbook of financial econometrics, volume 2 (700)/Handbook of financial econometrics, volume - Yacine, Ait-Sahalia.pdf	1
ruta	757	Lapidus/Manual de economia politica (757)/Manual de economia politica - Lapidus.pdf	I., Lapidus/Manual de economia politica (757)/Manual de economia politica - I., Lapidus.pdf	1
ruta	788	Albert, O. Hirschman/The changing tolerance for income inequality in the course of economic development (788)/The changing tolerance for income inequali - Albert, O. Hirschman.pdf	Albert O., Hirschman/The changing tolerance for income inequality in the course of economic development (788)/The changing tolerance for income inequali - Albert O., Hirschman.pdf	1
ruta	1580	Dario, Omar Ricciardi/La politica economica (1580)/La politica economica - Dario, Omar Ricciardi.pdf	Dario Omar, Ricciardi/La politica economica (1580)/La politica economica - Dario Omar, Ricciardi.pdf	1
ruta	1653	Jehle/Advanced microeconomic theory hints and answers (1653)/Advanced microeconomic theory hints and an - Jehle.pdf	Geoffrey A., Jehle/Advanced microeconomic theory hints and answers (1653)/Advanced microeconomic theory hints and an - Geoffrey A., Jehle.pdf	1
ruta	1661	Indec/Como se mide el desempleo (1661)/Como se mide el desempleo - Indec.pdf	INDEC/Como se mide el desempleo (1661)/Como se mide el desempleo - INDEC.pdf	1
ruta	1664	Jesus, Huerta De Soto/La escuela austriaca moderna frente a la neoclasica (1664)/La escuela austriaca moderna frente a la n - Jesus, Huerta De Soto.pdf	Jesus, Huerta de Soto/La escuela austriaca moderna frente a la neoclasica (1664)/La escuela austriaca moderna frente a la n - Jesus, Huerta de Soto.pdf	1
ruta	1675	Philip, Hans Franses/Concise introduction to econometrics (1675)/Concise introduction to econometrics - Philip, Hans Franses.pdf	Philip Hans, Franses/Concise introduction to econometrics (1675)/Concise introduction to econometrics - Philip Hans, Franses.pdf	1
ruta	1712	Gabriela, Liliana Galassi/Relacion entre ingresos y educacion en las regiones geograficas de argentina (1712)/Relacion entre ingresos y educacion en las - Gabriela, Liliana Galassi.pdf	Gabriela Liliana, Galassi/Relacion entre ingresos y educacion en las regiones geograficas de argentina (1712)/Relacion entre ingresos y educacion en las - Gabriela Liliana, Galassi.pdf	1
ruta	1766	Joan Ripoll, I Alcon/Crisis cambiarias ataques especulativos (1766)/Crisis cambiarias ataques especulativos - Joan Ripoll, I Alcon.pdf	Joan, Ripoll i Alcon/Crisis cambiarias ataques especulativos (1766)/Crisis cambiarias ataques especulativos - Joan, Ripoll i Alcon.pdf	1
ruta	1990	GIlberto, Gallopin/Sostenibilidad y desarrollo sostenible_ un enfoque sistemico (1990)/Sostenibilidad y desarrollo sostenible_ un - GIlberto, Gallopin.pdf	Gilberto, Gallopin/Sostenibilidad y desarrollo sostenible_ un enfoque sistemico (1990)/Sostenibilidad y desarrollo sostenible_ un - Gilberto, Gallopin.pdf	1
ruta	2071	John, Stuart Mill/Sobre la libertad (2071)/Sobre la libertad - John, Stuart Mill.epub	John Stuart, Mill/Sobre la libertad (2071)/Sobre la libertad - John Stuart, Mill.epub	1
ruta	2075	Roxana, Cecilia Ynoub/El proyecto y la metodologia de la investigacion (2075)/El proyecto y la metodologia de la investi - Roxana, Cecilia Ynoub.pdf	Roxana Cecilia, Ynoub/El proyecto y la metodologia de la investigacion (2075)/El proyecto y la metodologia de la investi - Roxana Cecilia, Ynoub.pdf	1
ruta	2077	Jesus, Huerta De Soto/Dinero, credito bancario y ciclos economicos (2077)/Dinero, credito bancario y ciclos economic - Jesus, Huerta De Soto.epub	Jesus, Huerta de Soto/Dinero, credito bancario y ciclos economicos (2077)/Dinero, credito bancario y ciclos economic - Jesus, Huerta de Soto.epub	1
ruta	3173	Cousera/Presentacion (3173)/Presentacion - Cousera.pdf	Coursera/Presentacion (3173)/Presentacion - Coursera.pdf	1
ruta	3174	Cousera/Evaluacion del modulo i (3174)/Evaluacion del modulo i - Cousera.pdf	Coursera/Evaluacion del modulo i (3174)/Evaluacion del modulo i - Coursera.pdf	1
ruta	4158	W., Chan Kim/La estrategia oceano azul (4158)/La estrategia oceano azul - W., Chan Kim.pdf	W. Chan, Kim/La estrategia oceano azul (4158)/La estrategia oceano azul - W. Chan, Kim.pdf	1
ruta	4388	Kiyotaki-Moore/Credit cycles (4388)/Credit cycles - Kiyotaki-Moore.pdf	Nobuhiro, Kiyotaki/Credit cycles (4388)/Credit cycles - Nobuhiro, Kiyotaki.pdf	1
ruta	8975	Janet L. Yellen/Efficiency wage models of unemployment (8975)/Efficiency wage models of unemployment - Janet L. Yellen.pdf	Janet L., Yellen/Efficiency wage models of unemployment (8975)/Efficiency wage models of unemployment - Janet L., Yellen.pdf	1
ruta	9012	D. E., W. Laidler/Inflation a survey (9012)/Inflation a survey - D. E., W. Laidler.pdf	D. E. W., Laidler/Inflation a survey (9012)/Inflation a survey - D. E. W., Laidler.pdf	1
ruta	9165	E. A., M. Cesena/Evaluation of investments in electricity infrastructure using real options and multiobjective f (9165)/Evaluation of investments in electricity i - E. A., M. Cesena.pdf	E. A., Martinez Cesena/Evaluation of investments in electricity infrastructure using real options and multiobjective f (9165)/Evaluation of investments in electricity i - E. A., Martinez Cesena.pdf	1
ruta	9223	Carbaugh/Economia internacional y globalizacion (9223)/Economia internacional y globalizacion - Carbaugh.pdf	Robert J., Carbaugh/Economia internacional y globalizacion (9223)/Economia internacional y globalizacion - Robert J., Carbaugh.pdf	1
ruta	9710	Han, Byung-Chul/Sobre Dios_ Pensar con Simone Weil (9710)/Sobre Dios_ Pensar con Simone Weil - Han, Byung-Chul.pdf	Byung-Chul, Han/Sobre Dios_ Pensar con Simone Weil (9710)/Sobre Dios_ Pensar con Simone Weil - Byung-Chul, Han.pdf	2
creadores	9	76TQ2S5R	Maynard Keynes, John	John Maynard| Keynes
creadores	18	KFWGCTTH	Aurelio Denegri, Marco	Marco Aurelio| Denegri
creadores	54	4M8I2T8V	Huerta De Soto, Jesús	Jesús| Huerta de Soto
creadores	162	6CGV5DDN	Peter Hansen, Lars ; Sargent, Thomas J.	Lars Peter| Hansen & Thomas J., Sargent
creadores	167	K6P6MTU8	Huerta de Soto, Jesus	Jesús| Huerta de Soto
creadores	250	VC29QH7T	L., Wasserman	Larry| Wasserman
creadores	271	K8CMQQGK	uned, 	UNED
creadores	272	546CW394	uned, 	UNED
creadores	289	889KB9SW	Astrid Romero, Carmen	Carmen Astrid| Romero
creadores	318	U4JED2UD	Louis Brillet, Jean	Jean-Louis| Brillet
creadores	319	3ZZFTJNL	Watson, Mark M. ; Stock, James H.	James H.| Stock & Mark M.| Watson
creadores	320	AJ4M4737	Watson, Mark M. ; Stock, James H.	James H.| Stock & Mark M.| Watson
creadores	400	QNNCL4DC	Union Europea, 	Unión Europea
creadores	699	RB3H2W33	Yacine, Ait-Sahalia ; Lars Peter, Hansen	Yacine| Ait-Sahalia & Lars Peter| Hansen
creadores	700	CV5LYVE7	Yacine, Ait-Sahalia ; Lars Peter, Hansen	Yacine| Ait-Sahalia & Lars Peter| Hansen
creadores	757	T4IZFGN6	Lapidus,  ; Ostrovitianov, 	I.| Lapidus & K.| Ostrovitianov
creadores	788	IZIVUIXR	O. Hirschman, Albert ; Rothschild, Michael	Albert O.| Hirschman & Michael, Rothschild
creadores	1548	PHLIKVCQ	Acemoglu, Daron ; James, Robinson	Daron| Acemoglu & James A., Robinson
creadores	1579	LGATESD7	Ruiz, Angel	Ángel| Ruiz
creadores	1580	J6PYCP67	Omar Ricciardi, Darío	Darío Omar| Ricciardi
creadores	1653	ERR7SEA2	Jehle,  ; Reny, 	Geoffrey A., Jehle & Philip J., Reny
creadores	1661	FIA6NAYU	Indec, 	INDEC
creadores	1664	7NGTW4D7	Huerta De Soto, Jesús	Jesús| Huerta de Soto
creadores	1675	ZY2X8FCE	Hans Franses, Philip	Philip Hans| Franses
creadores	1712	HZ8QGXSI	Liliana Galassi, Gabriela	Gabriela Liliana| Galassi
creadores	1766	IW4MBGR7	I Alcón, Joan Ripoll	Joan| Ripoll i Alcón
creadores	1990	7NQYWEYQ	Gallopin, GIlberto	Gilberto| Gallopin
creadores	2071	XHZKH5WU	Stuart Mill, John	John Stuart| Mill
creadores	2075	XNGM3NT4	Cecilia Ynoub, Roxana	Roxana Cecilia| Ynoub
creadores	2077	LDFIWBQH	Huerta De Soto, Jesús	Jesús| Huerta de Soto
creadores	3173	5LBUPYYM	Cousera, 	Coursera
creadores	3174	EK86K7H8	Cousera, 	Coursera
creadores	3485	IG8863ZY	Gorgas, Javier ; Nicolas Cardiel, 	Javier| Gorgas & Nicolas| Cardiel
creadores	3486	ACYKKJY9	Gorgas, Javier ; Nicolas Cardiel, 	Javier| Gorgas & Nicolas| Cardiel
creadores	3487	EF58CHGQ	Gorgas, Javier ; Nicolas Cardiel, 	Javier| Gorgas & Nicolas| Cardiel
creadores	3488	N6DFYEBL	Gorgas, Javier ; Nicolas Cardiel, 	Javier| Gorgas & Nicolas| Cardiel
creadores	3489	4C3UKG56	Gorgas, Javier ; Nicolas Cardiel, 	Javier| Gorgas & Nicolas| Cardiel
creadores	3490	GZTZ8P64	Gorgas, Javier ; Nicolas Cardiel, 	Javier| Gorgas & Nicolas| Cardiel
creadores	3491	MGA4YSVM	Gorgas, Javier ; Nicolas Cardiel, 	Javier| Gorgas & Nicolas| Cardiel
creadores	3492	8LS6SLVS	Gorgas, Javier ; Nicolas Cardiel, 	Javier| Gorgas & Nicolas| Cardiel
creadores	3493	LR49VK5I	Gorgas, Javier ; Nicolas Cardiel, 	Javier| Gorgas & Nicolas| Cardiel
creadores	3494	UEC9MWNU	Gorgas, Javier ; Nicolas Cardiel, 	Javier| Gorgas & Nicolas| Cardiel
creadores	4158	JHXSM8QP	Chan Kim, W. ; Mauborgne, Renee	W. Chan| Kim & Renee| Mauborgne
creadores	4388	UE4TS4EG	Kiyotaki-Moore, 	Nobuhiro| Kiyotaki & John| Moore
creadores	8908	K6SFVBK2	Nieto Said, Jose Heber	José Heber| Nieto Said
creadores	8975	AGMV3RVQ	Janet L. Yellen, 	Janet L.| Yellen
creadores	9012	5RT4CD3A	W. Laidler, D. E.	D. E. W.| Laidler
creadores	9165	5AE9VAPF	M. Ceseña, E. A.	E. A.| Martínez Ceseña
creadores	9223	76R8MFZP	Carbaugh, 	Robert J., Carbaugh
creadores	9710	8MERUQ7I	Byung-Chul, Han	Byung-Chul| Han
