carpeta	archivo	url	fuente	nota
01_normativa_fundamental/01_constitucion	constitucion_politica_del_peru_21a_edicion_oficial_2025.pdf	https://spijweb.minjus.gob.pe/?sdm_process_download=1&download_id=11589	SPIJ-MINJUS	Vigesima Primera Edicion Oficial, diciembre 2025 (formato digital). PDF 4.5 MB con capa de texto. Version consolidada mas reciente.
01_normativa_fundamental/01_constitucion	constitucion_politica_del_peru_20a_edicion_oficial_lenguaje_llano_2025.pdf	https://spijweb.minjus.gob.pe/?sdm_process_download=1&download_id=11434	SPIJ-MINJUS	Vigesima Edicion Oficial, agosto 2025; incluye adaptacion a lenguaje llano. PDF 4.9 MB con capa de texto. Util como version divulgativa.
01_normativa_fundamental/02_codigos	codigo_civil_dleg_295_16a_edicion_oficial.pdf	https://spijweb.minjus.gob.pe/?sdm_process_download=1&download_id=8721	SPIJ-MINJUS	Decimo Sexta Edicion Oficial, marzo 2015. PDF 10.7 MB con capa de texto. Es la ultima edicion oficial publicada por MINJUS; no recoge modificaciones posteriores a 2015.
01_normativa_fundamental/02_codigos	codigo_civil_dleg_295_texto_actualizado.pdf	https://cdn.www.gob.pe/uploads/document/file/6214636/5476237-2_codigo_civil.pdf?v=1713472833	cdn.www.gob.pe	Version ligera (1.3 MB) con capa de texto, texto actualizado al 27.02.09. Alternativa mas manejable para busqueda de texto.
01_normativa_fundamental/02_codigos	codigo_penal_dleg_635_12a_edicion_oficial.pdf	https://spijweb.minjus.gob.pe/?sdm_process_download=1&download_id=8709	SPIJ-MINJUS	Decimo Segunda Edicion Oficial, mayo 2016. PDF 3.4 MB con capa de texto. Ultima edicion oficial MINJUS del Codigo Penal.
01_normativa_fundamental/02_codigos	codigo_procesal_penal_dleg_957_8a_edicion_oficial_2024.pdf	https://spijweb.minjus.gob.pe/?sdm_process_download=1&download_id=10247	SPIJ-MINJUS	Octava Edicion Oficial, diciembre 2024. PDF 7.7 MB con capa de texto. Version consolidada mas reciente.
01_normativa_fundamental/02_codigos	codigo_proteccion_defensa_consumidor_ley_29571_2a_edicion_oficial.pdf	https://spijweb.minjus.gob.pe/?sdm_process_download=1&download_id=8690	SPIJ-MINJUS	Segunda Edicion Oficial, junio 2018; incluye normas complementarias. PDF 3.1 MB con capa de texto.
01_normativa_fundamental/02_codigos	codigo_tributario_tuo_ds_133_2013_ef.pdf	https://www.sunat.gob.pe/legislacion/codigo/textoCompleto-TUO-CT.pdf	SUNAT	TUO aprobado por D.S. 133-2013-EF con normas modificatorias al 26.06.2026. PDF 2.3 MB con capa de texto. Version consolidada mas actualizada disponible.
01_normativa_fundamental/02_codigos	codigo_procesal_civil_tuo_rm_010_93_jus.pdf	https://diariooficial.elperuano.pe/Normas/obtenerDocumento?idNorma=120007	El Peruano - Normas Legales Actualizadas	TUO del Codigo Procesal Civil, version consolidada actualizada al 07/06/2025. PDF 1.2 MB con capa de texto. Fuente oficial Editora Peru.
01_normativa_fundamental/02_codigos	codigo_ejecucion_penal_tuo_ds_003_2021_jus.pdf	https://diariooficial.elperuano.pe/Normas/obtenerDocumento?idNorma=70006	El Peruano - Normas Legales Actualizadas	TUO del Codigo de Ejecucion Penal (D.S. 003-2021-JUS, sobre el D.Leg. 654) mas su Reglamento (D.S. 015-2003-JUS). Version actualizada al 12/02/2026. PDF 0.9 MB con capa de texto. ESPEJO MAS ANTIGUO: preferir idNorma=120039 (actualizado 02/07/2026).
01_normativa_fundamental/02_codigos	codigo_ninos_adolescentes_ley_27337.pdf	https://diariooficial.elperuano.pe/Normas/obtenerDocumento?idNorma=8	El Peruano - Normas Legales Actualizadas	Codigo de los Ninos y Adolescentes, Ley 27337, version consolidada actualizada al 29/05/2026. PDF 0.6 MB con capa de texto. RECOMENDADA.
01_normativa_fundamental/02_codigos	codigo_penal_dleg_635_actualizado.pdf	https://diariooficial.elperuano.pe/Normas/obtenerDocumento?idNorma=2	El Peruano - Normas Legales Actualizadas	Codigo Penal consolidado actualizado al 02/07/2026. PDF 1.5 MB con capa de texto. RECOMENDADA: mucho mas actual que la 12a edicion oficial MINJUS (2016).
01_normativa_fundamental/02_codigos	codigo_procesal_penal_dleg_957_actualizado.pdf	https://diariooficial.elperuano.pe/Normas/obtenerDocumento?idNorma=70003	El Peruano - Normas Legales Actualizadas	Codigo Procesal Penal consolidado actualizado al 21/07/2026. PDF 1.5 MB con capa de texto. RECOMENDADA: mas actual que la 8a edicion oficial MINJUS (dic 2024).
01_normativa_fundamental/02_codigos	codigo_civil_dleg_295_actualizado.pdf	https://diariooficial.elperuano.pe/Normas/obtenerDocumento?idNorma=60	El Peruano - Normas Legales Actualizadas	Codigo Civil consolidado actualizado al 23/01/2025. PDF 2.2 MB con capa de texto. RECOMENDADA: mas actual que la 16a edicion oficial MINJUS (2015).
01_normativa_fundamental/02_codigos	codigo_proteccion_defensa_consumidor_ley_29571_actualizado.pdf	https://diariooficial.elperuano.pe/Normas/obtenerDocumento?idNorma=17	El Peruano - Normas Legales Actualizadas	Codigo de Proteccion y Defensa del Consumidor consolidado actualizado al 12/02/2026. PDF 0.8 MB con capa de texto. RECOMENDADA: mas actual que la 2a edicion oficial MINJUS (2018).
01_normativa_fundamental/02_codigos	codigo_ejecucion_penal_tuo_ds_003_2021_jus_actualizado.pdf	https://diariooficial.elperuano.pe/Normas/obtenerDocumento?idNorma=120039	El Peruano - Normas Legales Actualizadas	TUO Codigo de Ejecucion Penal + Reglamento, consolidado actualizado al 02/07/2026. PDF 0.9 MB con capa de texto. RECOMENDADA (supersede al idNorma=70006, actualizado solo al 12/02/2026).
01_normativa_fundamental/01_constitucion	constitucion_politica_del_peru_texto_actualizado_elperuano.pdf	https://diariooficial.elperuano.pe/Normas/obtenerDocumento?idNorma=1	El Peruano - Normas Legales Actualizadas	Texto consolidado de la Constitucion actualizado al 11/12/2024. PDF 0.7 MB con capa de texto: version ligera y facil de buscar; la 21a edicion oficial MINJUS (dic 2025) es mas reciente.
01_normativa_fundamental/02_codigos	codigo_tributario_tuo_ds_133_2013_ef_elperuano.pdf	https://diariooficial.elperuano.pe/Normas/obtenerDocumento?idNorma=90009	El Peruano - Normas Legales Actualizadas	TUO del Codigo Tributario consolidado actualizado al 25/06/2026. PDF 1.5 MB con capa de texto. Alternativa a la version SUNAT (esta trae tabla de contenido navegable).
02_leyes_organicas	ley_27867_organica_gobiernos_regionales.pdf	https://cdn.www.gob.pe/uploads/document/file/9972324/8133724-ley-organica-de-gobiernos-regionales-ley-n-27867.pdf	cdn.www.gob.pe (JNE)	Version consolidada SPIJ-MINJUS con notas de modificatorias; 1.88 MB con capa de texto
02_leyes_organicas	ley_27972_organica_municipalidades.pdf	https://cdn.www.gob.pe/uploads/document/file/9972022/8133550-ley-organica-de-municipalidades-ley-n-27972.pdf	cdn.www.gob.pe (JNE)	Version consolidada SPIJ-MINJUS con notas de modificatorias; 997 KB con capa de texto
02_leyes_organicas	ley_26859_organica_de_elecciones.pdf	https://cdn.www.gob.pe/uploads/document/file/9971939/8133513-ley-organica-de-elecciones-ley-n-26859.pdf	cdn.www.gob.pe (JNE)	Version consolidada SPIJ-MINJUS con notas hasta Res. JNE 2025; 1.34 MB con capa de texto
02_leyes_organicas	ley_29158_organica_poder_ejecutivo.pdf	https://www2.congreso.gob.pe/sicr/cendocbib/con5_uibd.nsf/1091BC75B6F34B26052586F30015E76E/$FILE/LOPE-LEY-29158.pdf	www2.congreso.gob.pe (cendocbib, texto SPIJ)	Texto consolidado tipo SPIJ con notas hasta 2021; 370 KB con capa de texto. Las versiones en cdn.www.gob.pe (files 1010781 y 10347612) son escaneos de 5-10 MB sin capa de texto. Revisar si falta incorporar Ley 31894 (2023)
02_leyes_organicas	tuo_ley_organica_poder_judicial_ds_017_93_jus.pdf	https://www2.congreso.gob.pe/sicr/cendocbib/con5_uibd.nsf/12401364ED47E583052586DB00186DE2/$FILE/TUO-LOPJ.pdf	www2.congreso.gob.pe (cendocbib)	TUO con concordancias y notas hasta 2020 (Ley 30943); 1.69 MB con capa de texto. Mas completo que la copia de pj.gob.pe (solo hasta 2012)
02_leyes_organicas	dleg_052_ley_organica_ministerio_publico.pdf	https://cdn.www.gob.pe/uploads/document/file/5122243/Decreto%20Legislativo%20052.pdf	cdn.www.gob.pe (MPFN)	Texto con sumillas y notas de modificatorias (hasta 2010); 442 KB con capa de texto. Copia identica en file/1115895
02_leyes_organicas	ley_31307_nuevo_codigo_procesal_constitucional.pdf	https://cdn.www.gob.pe/uploads/document/file/2256558/Nuevo-Codigo-Procesal-Constitucional.pdf.pdf	cdn.www.gob.pe (Tribunal Constitucional)	Texto integro del Nuevo Codigo Procesal Constitucional publicado por el propio TC; 607 KB con capa de texto
02_leyes_organicas	ley_28301_organica_tribunal_constitucional.pdf	https://www2.congreso.gob.pe/sicr/cendocbib/con5_uibd.nsf/331750993551C3DE052586E2006686B9/$FILE/LEY-28301-TC.pdf	www2.congreso.gob.pe (cendocbib, texto SPIJ)	Texto consolidado con concordancias y notas hasta 2021 (incluye Ley 31307); 331 KB con capa de texto
02_leyes_organicas	ley_30916_organica_junta_nacional_de_justicia.pdf	https://www2.congreso.gob.pe/sicr/cendocbib/con5_uibd.nsf/FAF102A216A9F8A2052586F30036803B/$FILE/LEY-30916.pdf	www2.congreso.gob.pe (cendocbib, texto SPIJ)	Texto consolidado con concordancias y notas hasta 2021; 399 KB con capa de texto. Alternativa oficial JNJ (edicion El Peruano 19-02-2019, sin consolidar): cdn.www.gob.pe/uploads/document/file/2149419
02_leyes_organicas	dleg_1267_ley_policia_nacional_del_peru.pdf	https://cdn.www.gob.pe/uploads/document/file/7708314/6523657-decreto-supremo-n-1267.pdf	cdn.www.gob.pe (PNP)	Texto publicado en El Peruano 18-12-2016, 10 pags, 738 KB con capa de texto. Es el texto original oficial (no consolidado): verificar modificatorias posteriores (D.Leg. 1318, Ley 31173) y su Reglamento D.S. 012-2025-IN
03_congreso	reglamento_del_congreso.pdf	https://www.congreso.gob.pe/wp-content/uploads/2026/07/Reglamento-del-Congreso-de-la-Republica-1.pdf	congreso.gob.pe	Edicion Oficial Mayo 2026; texto vigente mas reciente publicado en el portal institucional (pagina Constitucion y Reglamentos). Reemplaza la edicion Setiembre 2025 (unicameral).
03_congreso	reglamento_camara_de_diputados.pdf	https://www.congreso.gob.pe/wp-content/uploads/2026/07/Reglamento-de-la-Camara-de-Diputados.pdf	congreso.gob.pe	Edicion Oficial 2026; norma clave del nuevo regimen bicameral, directamente aplicable al despacho de un diputado.
03_congreso	reglamento_del_senado.pdf	https://www.congreso.gob.pe/wp-content/uploads/2026/07/Reglamento-del-Senado-de-la-Republica.pdf	congreso.gob.pe	Edicion Oficial 2026; complemento bicameral, util para el tramite de leyes en segunda camara.
03_congreso	reglamento_del_congreso_edicion_setiembre_2025.pdf	https://www3.congreso.gob.pe/Docs/constitucion/reglamento/reglamento%20setiembre-2025.pdf	www3.congreso.gob.pe	Edicion Oficial Setiembre 2025 (241 pp). Incluye Codigo de Etica Parlamentaria y Reglamento de seleccion de magistrados del TC; historico/comparativo, texto unicameral.
03_congreso	manual_tecnica_legislativa_y_redaccion_parlamentaria_2013.pdf	https://www3.congreso.gob.pe/Docs/DGP/Comisiones/files/enlaces/libro_mtl_y_mrp2013.pdf	www3.congreso.gob.pe (DGP)	2a ed. 2013, 147 pp, ISBN 978-612-46459-0-7. Volumen unico que contiene EL MANUAL DE TECNICA LEGISLATIVA (Ac. Mesa Directiva 242-2012-2013/MESA-CR) Y EL MANUAL DE REDACCION PARLAMENTARIA -> cubre documentos 2 y 3. Nota: www.congreso.gob.pe/Docs/ da 404; usar www3.
03_congreso	manual_tecnica_legislativa_2011_dgp.pdf	https://www3.congreso.gob.pe/Docs/biblioteca/files/manuales_parlamentarios/mtl120713.pdf	www3.congreso.gob.pe (Biblioteca - manuales parlamentarios)	1a ed. 2011, 76 pp, Oficialia Mayor / Direccion General Parlamentaria, Ac. Mesa Directiva 095-2010-2011/MESA-CR. Version escaneada facsimilar.
03_congreso	manual_tecnica_legislativa_2011_texto.pdf	https://www3.congreso.gob.pe/Docs/sites/eventos/proyecto_ley/ManualTecnicaLegislativa.pdf	www3.congreso.gob.pe (Docs/sites/eventos/proyecto_ley)	Mismo MTL 2011 (Ac. 095-2010-2011/MESA-CR) en 43 pp con capa de texto nativa; version ligera y buscable, ideal para citar.
03_congreso	manual_tecnica_legislativa_congreso_3ra_ed_2021.pdf	https://www3.congreso.gob.pe/Docs/dgp/files/manual-tecnica-legislativa-3raedicion.pdf	www3.congreso.gob.pe (Direccion General Parlamentaria)	VERSION VIGENTE. 3a ed. 2021, 108 pp, ISBN 978-612-46459-4-5, aprobado por Ac. Mesa Directiva 106-2020-2021/MESA-CR. Ruta oficial de la DGP. Este es el documento 2 del encargo.
18_manuales	guia_tecnica_legislativa_minjus_4ta_ed.pdf	https://cdn.www.gob.pe/uploads/document/file/1560329/Gu%C3%ADa%20de%20T%C3%A9cnica%20Legislativa%20-%20Cuarta%20edici%C3%B3n.pdf	cdn.www.gob.pe (MINJUSDH)	Guia de Tecnica Legislativa para la elaboracion de Proyectos Normativos de las Entidades del Poder Ejecutivo, 4a ed. corregida y actualizada, 81 pp. Direccion General de Desarrollo Normativo y Calidad Regulatoria del MINJUSDH. Distinta del manual del Congreso.
18_manuales	guia_calidad_normativa_y_publicacion_proyectos_normativos_minjus.pdf	https://www2.congreso.gob.pe/sicr/cendocbib/con5_uibd.nsf/FFA5D4EB35E677BB052582EB006E0557/$FILE/MINJUS-DGDOJ-Guia-sobre-la-calidad-normativa-y-publicacion-de-proyectos-normativos.pdf	www2.congreso.gob.pe (CENDOC, copia de MINJUS-DGDOJ)	Guia sobre la calidad normativa y publicacion de proyectos normativos, MINJUSDH-DGDOJ, 52 pp, guia para asesores juridicos del Estado. Complementa la Guia de Tecnica Legislativa (documento 8 del encargo). Nota: la URL contiene un signo dolar que debe escaparse o entrecomillarse al descargar.
18_manuales	guia_tecnica_legislativa_minjus_4ta_ed_impresa.pdf	https://cdn.www.gob.pe/uploads/document/file/1560291/Gu%C3%ADa%20de%20T%C3%A9cnica%20Legislativa%20Cuarta%20edici%C3%B3n.pdf	cdn.www.gob.pe (MINJUSDH)	Misma 4a ed. (mayo 2018) en version maquetada de imprenta, 74 pp, 11 MB. Alternativa de mayor calidad grafica al archivo 1560329.
18_manuales	manual_analisis_calidad_regulatoria_acr_pcm.pdf	https://cdn.www.gob.pe/uploads/document/file/3165600/Manual%20para%20la%20aplicacio%CC%81n%20del%20Ana%CC%81lisis%20de%20Calidad%20Regulatoria.pdf.pdf	cdn.www.gob.pe (PCM - Secretaria de Gestion Publica)	Manual para la aplicacion del Analisis de Calidad Regulatoria (ACR) de procedimientos administrativos, 25 pp, aprobado por RM 196/197-2017-PCM (base: D.Leg. 1310). Version alojada en la ficha oficial de publicaciones de la PCM.
18_manuales	manual_analisis_calidad_regulatoria_acr_copia_congreso.pdf	https://www2.congreso.gob.pe/sicr/cendocbib/con5_uibd.nsf/2015AF1CB9AD36D8052582E800611A75/$FILE/Manual-Analisis-de-Calidad-Regulatoria.pdf	www2.congreso.gob.pe (CENDOC)	Copia espejo identica (25 pp, mismo tamano) del Manual ACR en el repositorio documental del Congreso; util como respaldo si cae cdn.www.gob.pe. URL con signo dolar: entrecomillar.
18_manuales	manual_analisis_impacto_regulatorio_air_ex_ante_pcm_2021.pdf	https://cdn.www.gob.pe/uploads/document/file/2018745/Manual%20operativo%20AIR%20versi%C3%B3n%20finla%20para%20publicaci%C3%B3n.pdf.pdf	cdn.www.gob.pe (PCM - Secretaria de Gestion Publica)	Manual para la aplicacion del Analisis de Impacto Regulatorio Ex Ante (AIR), SGP-PCM, Lima 2021, 77 pp; aprobado por RM 151-2021-PCM. Documento 10 del encargo.
03_congreso	manual_del_parlamento_delgado_guembes_oficialia_mayor_2012.pdf	https://www2.congreso.gob.pe/sicr/cendocbib/con5_uibd.nsf/B1D772FBB7559F81052586E50026A404/$FILE/manual_parlamento.pdf	www2.congreso.gob.pe (CENDOC / Oficialia Mayor)	SUSTITUTO del documento 6 (Manual del Congresista): no existe un Manual del Congresista oficial; esta es la obra institucional equivalente. Cesar Delgado-Guembes, Manual del Parlamento. Introduccion al estudio del Congreso peruano, Oficialia Mayor, 2012, 638 pp. URL con signo dolar: entrecomillar.
03_congreso	guia_gestion_representacion_politica_congreso.pdf	https://www2.congreso.gob.pe/sicr/cendocbib/con4_uibd.nsf/3062B3BAA7010A4005257A3F005390AF/$FILE/GUIA_REPRESENTACION.pdf	www2.congreso.gob.pe (CENDOC)	Guia de Gestion de la Representacion Politica (Congreso de la Republica, 2011), 105 pp. Manual operativo de despacho congresal: semana de representacion, relacion con la circunscripcion, oficinas descentralizadas. Muy pertinente para un despacho de diputado.
03_congreso	manual_del_proceso_legislativo_oficialia_mayor_2012.pdf	https://www2.congreso.gob.pe/sicr/cendocbib/con5_uibd.nsf/4C1C05CB6BC86D19052586E50026B16D/$FILE/manual_proceso_legislativo.pdf	www2.congreso.gob.pe (CENDOC / Oficialia Mayor)	SUSTITUTO del documento 4 (Guia para la elaboracion de proyectos de ley): Patricia Robinson Urtecho, Manual del Proceso Legislativo, 2a ed., Oficialia Mayor, 2012, 228 pp. Describe requisitos, tramite y dictamen de proposiciones de ley. URL con signo dolar: entrecomillar.
03_congreso	manual_usuario_sistema_proyectos_de_ley_spley_2022.pdf	https://www3.congreso.gob.pe/Docs/DGP/Comisiones/files/20220214_manual_de_usuario_-_spley_-_comisiones.pdf	www3.congreso.gob.pe (DGP - Area de Proyectos)	Manual de Usuario del Sistema Proyectos de Ley (SPLEY), v2.0.0 del 14/02/2022, 28 pp. Instructivo operativo para registrar y hacer seguimiento de proposiciones legislativas; lo mas cercano a una directiva de tramite documentario publicada.
03_congreso	manual_tecnica_legislativa_y_redaccion_parlamentaria_2013_escaneado.pdf	https://www3.congreso.gob.pe/Docs/biblioteca/files/manuales_parlamentarios/mt115939.pdf	www3.congreso.gob.pe (Biblioteca - manuales parlamentarios)	Mismo volumen 2013 (MTL + Manual de Redaccion Parlamentaria) en escaneo facsimilar de 152 pp, 8 MB. NO EXISTE una edicion suelta del Manual de Redaccion Parlamentaria: solo se publica dentro de este tomo de 2013 (documento 3 del encargo).
03_congreso	directiva_02_2023_dgp_cr_gestion_documental.pdf	https://www3.congreso.gob.pe/Docs/Directivas/files/pta_dgp/directiva__02-2023-dgp-cr__gestion_documental.pdf	www3.congreso.gob.pe (Directivas DGP)	Directiva 02-2023-DGP-CR: Lineamientos que regulan el modelo de Gestion Documental en el Congreso de la Republica. Norma interna vigente de tramite documentario (documento 5). PDF escaneado sin capa de texto (3.4 MB).
03_congreso	directiva_07_2022_dgp_cr_mesa_de_partes_digital.pdf	https://www3.congreso.gob.pe/Docs/Directivas/files/dgp/directiva_no._07-2022-dgp-cr_implementacion_mesa_partes_digital.pdf	www3.congreso.gob.pe (Directivas DGP)	Directiva 07-2022-DGP-CR: Lineamientos que regulan la implementacion y uso de la mesa de partes digital y notificaciones electronicas del Congreso. Escaneado, 2.7 MB.
03_congreso	directiva_07_2022_dgp_cr_modificacion_01.pdf	https://www3.congreso.gob.pe/Docs/Directivas/files/dgp/directiva_07-2022-dgp-cr-modificacion-01.pdf	www3.congreso.gob.pe (Directivas DGP)	Modificacion N.01 a la Directiva 07-2022-DGP-CR (mesa de partes digital). Debe leerse junto con el texto original.
03_congreso	directiva_010_2024_elaboracion_documentos_normativos_servicio_parlamentario.pdf	https://www3.congreso.gob.pe/Docs/Directivas/files/directiva/2024/directiva-10-y-resolucion01.pdf	www3.congreso.gob.pe (Directivas Oficialia Mayor)	Directiva 010-2024-AM-OPPM-OM-CR: Elaboracion de Documentos Normativos del Servicio Parlamentario del Congreso, 32 pp, primera version, con la resolucion aprobatoria. Tiene capa de texto.
03_congreso	directiva_10_2022_om_cr_lineamientos_elaboracion_documentos.pdf	https://www3.congreso.gob.pe/Docs/Directivas/files/generales/directiva_no._10-2022-om-cr_lineamientos_elaboracion_documentos.pdf	www3.congreso.gob.pe (Directivas Generales)	Directiva 10-2022-OM-CR: lineamientos para la elaboracion de documentos en el Congreso (formatos de oficios, memorandos, informes). Antecedente de la Directiva 010-2024. Ver tambien formatos N.1 y N.2 en la misma carpeta.
03_congreso	directiva_011_2023_dgp_cr_transferencia_documentos_archivisticos_comisiones.pdf	https://www3.congreso.gob.pe/Docs/Directivas/files/dgp/directiva_no_11-2023-dgp-cr.pdf	www3.congreso.gob.pe (Directivas DGP)	Directiva 011-2023-DGP-CR: procedimiento para la transferencia de documentos archivisticos fisicos y electronicos de comisiones y subcomisiones al Area de Archivo. Escaneado, 5.6 MB.
03_congreso	pta_01_2017_expediente_virtual_parlamentario_ley_resolucion_legislativa.pdf	https://www3.congreso.gob.pe/Docs/Directivas/files/dgp/pta_01_2017_asdi-01.pdf	www3.congreso.gob.pe (PTA - DGP)	PTA 01-2017-ASDI-DIDP-DGP/CR: Procedimiento para la elaboracion del Expediente Virtual Parlamentario de Ley y/o Resolucion Legislativa. Norma de tramite legislativo interno (documento 5). Escaneado.
03_congreso	pta_02_2017_tramitacion_pedidos_de_informacion_despacho_parlamentario.pdf	https://www3.congreso.gob.pe/Docs/Directivas/files/pta_dgp/pta-area-despachoparlamentario.pdf	www3.congreso.gob.pe (PTA - Area de Despacho Parlamentario)	PTA 02-2017-ADP-DRAA-DGP-CR: Procedimiento para la tramitacion interna y control de los pedidos de informacion y su reiteracion. Regula los pedidos de informacion que formula un congresista; operativo para el despacho.
03_congreso	pta_01_2013_recepcion_y_tramitacion_mociones_de_orden_del_dia.pdf	https://www3.congreso.gob.pe/Docs/Directivas/files/pta_dgp/pta-01-2013-atd-draa-dgp.pdf	www3.congreso.gob.pe (PTA - Area de Tramite Documentario)	PTA 01-2013-ATD-DRAA-DGP/CR: Procedimiento para la recepcion y tramitacion interna de mociones de Orden del Dia. Tramite documentario parlamentario propiamente dicho.
03_congreso	directiva_08_2022_dga_cr_apoyo_logistico_semana_de_representacion.pdf	https://www3.congreso.gob.pe/Docs/Directivas/files/generales/directiva_no._08-2022-dga-cr_apoyo_log%C3%8Dstico_semana_representacion.pdf	www3.congreso.gob.pe (Directivas Generales)	Directiva 08-2022-DGA-CR: Procedimientos para la atencion del Apoyo Logistico para la Semana de Representacion de Congresistas. Clave para la operacion territorial del despacho (Ayacucho). Nota: la I de Logistico va acentuada y codificada como %C3%8D en la URL.
03_congreso	directiva_10_2024_elaboracion_documentos_normativos_segunda_version.pdf	https://www3.congreso.gob.pe/Docs/Directivas/files/directiva/2025/directiva_10-2024-am-oppm-cr-(sv).pdf	www3.congreso.gob.pe (Directivas)	SEGUNDA VERSION (2025) de la Directiva 10-2024-AM-OPPM-OM-CR sobre elaboracion de documentos normativos del Servicio Parlamentario, 32 pp. PREFERIR ESTA sobre la primera version de 2024. Con capa de texto.
03_congreso	directiva_26_2025_gestion_sistema_institucional_archivos_2da_version.pdf	https://www3.congreso.gob.pe/Docs/Directivas/files/directiva/2025/directiva_sia-dgd-rev._jms_25.6.25-18.37rrr_(3)r.pdf	www3.congreso.gob.pe (Directivas 2025)	Directiva 26-2025-DGD-DGP-CR: Gestion del Sistema Institucional de Archivos del Congreso, Segunda Version (2025). Con capa de texto. Complementa las directivas de gestion documental.
18_manuales	manual_metodologias_evaluacion_impactos_air_ex_ante_2022.pdf	https://cdn.www.gob.pe/uploads/document/file/3160124/Manual%20de%20metodolog%C3%ADas%20para%20la%20evaluaci%C3%B3n%20de%20impactos%20del%20AIR%20Ex-Ante.pdf	cdn.www.gob.pe (PCM - Secretaria de Gestion Publica)	Manual de metodologias para la evaluacion de impactos del AIR Ex-Ante, 1a ed. mayo 2022, 88 pp; aprobado por RM 141-2022-PCM. Desarrolla los metodos economicos (ACB, costos de cumplimiento, DAP) del Manual AIR. Complemento del documento 10.
18_manuales	reglamento_dl_1565_ley_general_mejora_calidad_regulatoria_ds_023_2025_pcm.pdf	https://cdn.www.gob.pe/uploads/document/file/7731289/6539138-2-reglamento-dl-n-1565.pdf	cdn.www.gob.pe (PCM)	MARCO VIGENTE: Reglamento del D.Leg. 1565 (Ley General de Mejora de la Calidad Regulatoria), aprobado por D.S. 023-2025-PCM (25/02/2025), 41 pp. DEROGA el D.S. 063-2021-PCM citado en el encargo. Crea la Comision Multisectorial de Calidad Regulatoria y el sandbox regulatorio. PDF escaneado sin capa de texto.
18_manuales	ds_023_2025_pcm_parte_resolutiva.pdf	https://cdn.www.gob.pe/uploads/document/file/7731288/6539138-1-ds-n-023-2025-pcm.pdf	cdn.www.gob.pe (PCM)	Texto del Decreto Supremo 023-2025-PCM (2 pp) que aprueba el Reglamento anterior. Descargar junto con el reglamento.
18_manuales	ds_063_2021_pcm_air_ex_ante_derogado.pdf	https://cdn.www.gob.pe/uploads/document/file/1767485/DS-N-063-2021-PCM.pdf.pdf	cdn.www.gob.pe (PCM)	D.S. 063-2021-PCM (03/04/2021, 11 pp): Reglamento del marco institucional de mejora de la calidad regulatoria y lineamientos del AIR Ex Ante. DEROGADO por el D.S. 023-2025-PCM; se conserva por valor historico/comparativo (es el que menciona el encargo).
18_manuales	guia_practica_consulta_publica_calidad_regulatoria_2026.pdf	https://cdn.www.gob.pe/uploads/document/file/9882128/8069196-guia-practica-de-consulta-publica-f-f.pdf	cdn.www.gob.pe (PCM - Secretaria de Gestion Publica)	Guia practica de Consulta Publica en el marco de los instrumentos de mejora de la calidad regulatoria, 95 pp, aprobada por RSGP 002-2026-PCM-SGP (abril 2026). Documento MAS RECIENTE del sistema de calidad regulatoria.
18_manuales	lineamientos_evaluacion_ex_post_regulaciones_vigentes_2026.pdf	https://cdn.www.gob.pe/uploads/document/file/10351931/8409035-lineamientos-para-la-evaluacion-ex-post-de-las-regulaciones-vigentes.pdf	cdn.www.gob.pe (PCM - Secretaria de Gestion Publica)	Lineamientos para la evaluacion Ex Post de las regulaciones vigentes, 17 pp, RSGP 010-2026-PCM-SGP (julio 2026). Cierra el ciclo AIR ex ante / ex post bajo el nuevo D.S. 023-2025-PCM.
03_congreso	informe_tematico_147_sistema_bicameral_marco_constitucional_y_legal_2026.pdf	https://www3.congreso.gob.pe/Docs/DGP/DIDP/files/informe-bicameralidad-_2026-16marzo_(revisado).pdf	www3.congreso.gob.pe (DIDP - Area de Servicios de Investigacion)	Informe Tematico 147/2025-2026-ASISP/DIP, 16/03/2026, 70 pp: Sistema Bicameral, marco constitucional y legal. Explica el reparto de competencias Diputados/Senado vigente desde julio 2026. Muy util como contexto del nuevo Reglamento.
04_administracion_publica	tuo_ley_27444_ds_004_2019_jus_derogado.pdf	https://cdn.www.gob.pe/uploads/document/file/320709/DS_004-2019-JUS.pdf	cdn.www.gob.pe (MINJUS)	HISTORICO - DEROGADO. TUO de la Ley 27444 aprobado por D.S. 004-2019-JUS (Separata Especial El Peruano 25-01-2019). Derogado expresamente por el D.S. 006-2026-JUS (30-04-2026), que aprueba el nuevo TUO vigente. 526 KB, capa de texto
04_administracion_publica	ds_040_2014_pcm_reglamento_general_ley_servicio_civil.pdf	https://cdn.www.gob.pe/uploads/document/file/2147983/DECRETO%20SUPREMO%20N%C2%BA%20040-2014-PCM.pdf.pdf	cdn.www.gob.pe	Reglamento General de la Ley 30057 (Servicio Civil); version SPIJ con concordancias; 117 pp, capa de texto (670 KB); vigente
04_administracion_publica	ley_30057_ley_del_servicio_civil.pdf	https://cdn.www.gob.pe/uploads/document/file/7477034/6364512-l-n-30057-2013.pdf	cdn.www.gob.pe	Ley del Servicio Civil (04-07-2013); version SPIJ con notas y concordancias actualizadas; 64 pp, capa de texto (877 KB); vigente
04_administracion_publica	ley_28693_sistema_nacional_tesoreria_historica.pdf	https://cdn.www.gob.pe/uploads/document/file/5605584/4973779-ley_general_del_sistema_nacional_de_tesoreria_n_28693.pdf	cdn.www.gob.pe (MEF)	HISTORICA - DEROGADA. Ley General del Sistema Nacional de Tesoreria (22-03-2006). Sustituida por el Decreto Legislativo 1441, Sistema Nacional de Tesoreria (16-09-2018). 14 pp, capa de texto
04_administracion_publica	ley_28708_sistema_nacional_contabilidad_historica.pdf	https://cdn.www.gob.pe/uploads/document/file/255540/Ley%2028708.pdf.pdf	cdn.www.gob.pe (MEF)	HISTORICA - DEROGADA. Ley General del Sistema Nacional de Contabilidad (12-04-2006). Sustituida por el Decreto Legislativo 1438, Sistema Nacional de Contabilidad (16-09-2018). 15 pp, capa de texto
04_administracion_publica	ley_28411_sistema_nacional_presupuesto_historica.pdf	https://cdn.www.gob.pe/uploads/document/file/1389306/Ley%20General%20del%20Sistema%20Nacional%20de%20Presupuesto.pdf	cdn.www.gob.pe (MEF)	HISTORICA - DEROGADA. Ley General del Sistema Nacional de Presupuesto (08-12-2004), texto actualizado. Sustituida por el Decreto Legislativo 1440, Sistema Nacional de Presupuesto Publico (16-09-2018). 56 pp, capa de texto
04_administracion_publica	ley_28563_sistema_nacional_endeudamiento_historica.pdf	https://cdn.www.gob.pe/uploads/document/file/251638/Ley_General_SNE_Texto_actualizado_31_12_12.pdf	cdn.www.gob.pe (MEF)	HISTORICA - DEROGADA. Ley General del Sistema Nacional de Endeudamiento (01-07-2005), texto actualizado al 31-12-2012. Sustituida por el Decreto Legislativo 1437, Sistema Nacional de Endeudamiento Publico (16-09-2018). 26 pp, capa de texto
04_administracion_publica	ley_27815_codigo_etica_funcion_publica_y_reglamento.pdf	https://cdn.www.gob.pe/uploads/document/file/5458495/4872839-ley_codigo_etica_funcion_publica-dl-27815-y-su-reglamento.pdf	cdn.www.gob.pe	Ley 27815 (texto con modificaciones de la Ley 28496 y concordancias SPIJ) MAS el Reglamento aprobado por D.S. 033-2005-PCM en el mismo archivo; 13 pp, capa de texto
04_administracion_publica	tuo_ley_27806_transparencia_acceso_informacion_publica.pdf	https://cdn.www.gob.pe/uploads/document/file/1494560/Decreto%20Supremo%20N%C2%BA%20021-2019-JUS.pdf	cdn.www.gob.pe (MINJUS / El Peruano)	TUO de la Ley 27806 de Transparencia y Acceso a la Informacion Publica, aprobado por D.S. 021-2019-JUS (El Peruano 11-12-2019); texto integro hasta el art. 40; 9 pp, capa de texto
04_administracion_publica	ds_123_2018_pcm_reglamento_sistema_modernizacion_gestion_publica.pdf	https://spijweb.minjus.gob.pe/wp-content/uploads/2018/12/DS-123-2018-PCM.pdf	spijweb.minjus.gob.pe (SPIJ)	Reglamento del Sistema Administrativo de Modernizacion de la Gestion Publica, reglamento de la Ley 27658 (El Peruano 19-12-2018); 12 pp, capa de texto. La copia en cdn.www.gob.pe (file/265593) es un escaneo sin capa de texto. VIGENTE, pero MODIFICADO en sus arts. 7 y 14 por el D.S. 090-2026-PCM (10-06-2026)
04_administracion_publica	ley_27658_marco_modernizacion_gestion_del_estado.pdf	https://www.sat.gob.pe/TransparenciaV3/Portals/0/Docs/NormasOtrasEntidades/Ley_27658_modificada_por_D_Leg_1554_v1.pdf	sat.gob.pe (texto SPIJ actualizado)	Texto CONSOLIDADO de la Ley 27658 con las modificaciones del D.Leg. 1446 (16-09-2018, crea el Sistema Administrativo de Modernizacion) y del D.Leg. 1554 (11-05-2023); 23 pp, capa de texto. Alternativa en cdn.www.gob.pe/uploads/document/file/861199/-455746778136619647320200617-18907-1xj6tyx.pdf pero es el texto ORIGINAL 2002 sin esas modificaciones. AVISO DE VIGENCIA: no incorpora la modificacion del art. 5-A.1 hecha por el D.Leg. 1694 (20-01-2026)
04_administracion_publica	tuo_ley_27444_procedimiento_administrativo_general_vigente.pdf	https://cdn.www.gob.pe/uploads/document/file/9947105/8115839-decreto-supremo-006-2026-jus-lpderecho-27444.pdf	cdn.www.gob.pe (El Peruano, Separata Especial)	VIGENTE. Nuevo TUO de la Ley 27444 aprobado por D.S. 006-2026-JUS, publicado el 30-04-2026; deroga el D.S. 004-2019-JUS. Separata Especial de 48 pp con capa de texto. Espejo en El Peruano: https://busquedas.elperuano.pe/api/archivo/file/EyLy0vjF4BaA0o0iZSAN5x/*/2511263-1.pdf
04_administracion_publica	dleg_1694_modifica_ley_27658_innovacion_publica.pdf	https://cdn.www.gob.pe/uploads/document/file/9369756/7679671-dl-1694.pdf	cdn.www.gob.pe (PCM / El Peruano)	COMPLEMENTO al doc. 2. D.Leg. 1694 (20-01-2026) modifica el numeral 5-A.1 del art. 5-A de la Ley 27658 e incorpora la Innovacion Publica como fin del Sistema Administrativo de Modernizacion. NO esta recogido en el texto consolidado de la Ley 27658 registrado arriba (actualizado solo hasta el D.Leg. 1554). 2 pp, capa de texto
04_administracion_publica	ds_090_2026_pcm_modifica_reglamento_modernizacion.pdf	https://cdn.www.gob.pe/uploads/document/file/10133045/8250389-1-ds-n-090-2026-pcm.pdf	cdn.www.gob.pe (PCM / El Peruano)	COMPLEMENTO al doc. 2. D.S. 090-2026-PCM (10-06-2026) MODIFICA los arts. 7 y 14 del Reglamento D.S. 123-2018-PCM para incorporar la Innovacion Publica (D.Leg. 1694). NO deroga el D.S. 123-2018-PCM, que sigue vigente. Pagina de El Peruano con capa de texto
05_contrataciones	ley_32069_contrataciones_publicas.pdf	https://cdn.www.gob.pe/uploads/document/file/7594705/6444155-ley-general-de-contrataciones-publicas-con-modificaciones-al-5-12-2025.pdf	OECE/gob.pe (cdn)	VIGENTE desde 22-04-2025. Texto con modificaciones al 05-12-2025. Reemplaza a Ley 30225. OSCE -> OECE. 630 KB
05_contrataciones	reglamento_ley_32069_ds_009_2025_ef.pdf	https://cdn.www.gob.pe/uploads/document/file/9295551/6444155-ref-reglamento-de-la-ley-de-contrataciones-del-estado-con-modificaciones-posteriores-hasta-08-ene-2026-2-v2.pdf	OECE/gob.pe (cdn)	VIGENTE. D.S. 009-2025-EF con modificaciones hasta 08-01-2026 (incluye D.S. 001-2026-EF). 2.8 MB
06_presupuesto	ley_presupuesto_2026.pdf	https://www.mef.gob.pe/contenidos/presu_publ/anexos/ppto2026/Ley_N_32513-LeydePpto2026.pdf	MEF	Ley 32513, publicada 04-12-2025 en El Peruano. 93 paginas, 16.6 MB. Presupuesto S/ 257,561,619,143
06_presupuesto	ley_equilibrio_financiero_2026.pdf	https://www.mef.gob.pe/contenidos/presu_publ/anexos/ppto2026/Ley_N_32514-LeydeEquilibrio2026.pdf	MEF	Ley 32514 de Equilibrio Financiero 2026, publicada 04-12-2025. 5 paginas
05_contrataciones	tuo_ley_30225_contrataciones_estado_historico.pdf	https://cdn.www.gob.pe/uploads/document/file/298343/DS082_2019EF.pdf	MEF/gob.pe (cdn)	HISTORICO. TUO de la Ley 30225 aprobado por D.S. 082-2019-EF (13-03-2019). 21 pags. Derogado por Ley 32069 desde 22-04-2025
05_contrataciones	reglamento_ley_30225_ds_344_2018_ef_historico.pdf	https://cdn.www.gob.pe/uploads/document/file/264496/DS344_2018EF.pdf	MEF/gob.pe (cdn)	HISTORICO. D.S. 344-2018-EF, Reglamento de la Ley 30225. 64 pags. Texto de publicacion original (31-12-2018)
06_presupuesto	ley_endeudamiento_2026.pdf	https://www.mef.gob.pe/contenidos/presu_publ/anexos/ppto2026/Ley_N_32515-LeydeEndeudamiento2026.pdf	MEF	Ley 32515 de Endeudamiento del Sector Publico 2026, publicada 04-12-2025. 10 paginas
06_presupuesto	ley_presupuesto_2025.pdf	https://www.mef.gob.pe/contenidos/presu_publ/anexos/ppto2025/Ley_N_32185-LeydePpto2025.pdf	MEF	Ley 32185 de Presupuesto 2025 (ano fiscal cerrado). 95 pags, 20 MB. Presupuesto S/ 251,801,045,185
06_presupuesto	ley_equilibrio_financiero_2025.pdf	https://www.mef.gob.pe/contenidos/presu_publ/anexos/ppto2025/Ley_N_32186-LeydeEquilibrio2025.pdf	MEF	Ley 32186 de Equilibrio Financiero 2025. 5 pags (incluye inicio de Ley 32187)
06_presupuesto	ley_endeudamiento_2025.pdf	https://www.mef.gob.pe/contenidos/presu_publ/anexos/ppto2025/Ley_N_32187-LeydeEndeudamiento2025.pdf	MEF	Ley 32187 de Endeudamiento 2025. 12 paginas
06_presupuesto	dleg_1440_sistema_nacional_presupuesto_publico.pdf	https://cdn.www.gob.pe/uploads/document/file/206025/DL_1440.pdf	MEF/gob.pe (cdn)	VIGENTE. D.Leg. 1440 publicado 16-09-2018 en El Peruano. 16 paginas. Texto de publicacion original
05_contrataciones	directiva_0002_2025_ef_plan_anual_contrataciones.pdf	https://cdn.www.gob.pe/uploads/document/file/7884061/6641094-directiva0002_2025ef5401.pdf?v=1743962805	DGA-MEF/gob.pe (cdn)	VIGENTE. Directiva 0002-2025-EF/54.01 sobre elaboracion del Plan Anual de Contrataciones (PAC), bajo Ley 32069. 9 pags
05_contrataciones	directiva_0005_2025_ef_bases_estandar_procedimientos_seleccion.pdf	https://cdn.www.gob.pe/uploads/document/file/7948028/6683111-directiva0005_2025ef5401.pdf	DGA-MEF/gob.pe (cdn)	VIGENTE. Directiva 0005-2025-EF/54.01, bases estandar para procedimientos de seleccion bajo Ley 32069 (aprob. R.D. 0015-2025-EF/54.01, modif. R.D. 001-2026-EF/54.01). 6 pags
05_contrataciones	directiva_006_2019_osce_subasta_inversa_electronica_historico.pdf	https://cdn.www.gob.pe/uploads/document/file/3798145/Directiva%20N%C2%B0%20006-2019-OSCE%2FCD%20%28Modificada%20mediante%20Resoluci%C3%B3n%20N%C2%BA%20213-2022-OSCE%2FPRE%29.pdf	OECE-OSCE/gob.pe (cdn)	HISTORICO. Directiva 006-2019-OSCE/CD Subasta Inversa Electronica (v.02, modif. Res. 213-2022-OSCE/PRE). Vigente hasta 21-04-2025 bajo Ley 30225. 6 pags
07_economia	dleg_1436_marco_administracion_financiera_sector_publico.pdf	https://cdn.www.gob.pe/uploads/document/file/536042/DL_1436.pdf	gob.pe CDN	Marco de la Administracion Financiera del Sector Publico (16/09/2018). NO es Tesoreria: es la norma paraguas. Modificado por D.Leg. 1630 (2024), no incorporado.
07_economia	dleg_1441_sistema_nacional_tesoreria.pdf	https://cdn.www.gob.pe/uploads/document/file/206026/DL_1441.pdf	gob.pe CDN (MEF)	Sistema Nacional de Tesoreria. Este es el D.Leg. correcto para Tesoreria.
07_economia	dleg_1438_sistema_nacional_contabilidad.pdf	https://cdn.www.gob.pe/uploads/document/file/206023/DL_1438.pdf	gob.pe CDN (MEF)	Sistema Nacional de Contabilidad. El Peruano 16/09/2018, con capa de texto.
07_economia	dleg_1439_sistema_nacional_abastecimiento.pdf	https://cdn.www.gob.pe/uploads/document/file/206024/DL_1439.pdf	gob.pe CDN (MEF)	Sistema Nacional de Abastecimiento. El Peruano 16/09/2018, con capa de texto.
07_economia	dleg_1437_sistema_nacional_endeudamiento_publico.pdf	https://cdn.www.gob.pe/uploads/document/file/206021/DL_1437.pdf	gob.pe CDN (MEF)	Sistema Nacional de Endeudamiento Publico. El Peruano 16/09/2018, con capa de texto.
08_planeamiento	dleg_1088_sinaplan_ceplan.pdf	https://www.ceplan.gob.pe/wp-content/uploads/2018/01/Decreto-Legislativo-1088-final.pdf	ceplan.gob.pe	Sistema Nacional de Planeamiento Estrategico y CEPLAN (28/06/2008). Sitio oficial del ente rector.
08_planeamiento	guia_planeamiento_institucional_pei_poi_ceplan_2024.pdf	https://cdn.www.gob.pe/uploads/document/file/6483943/5661161-guia-para-el-planeamiento-institucional-ceplan.pdf	gob.pe CDN (CEPLAN)	CUBRE PEI Y POI EN UN SOLO ARCHIVO: CEPLAN fusiono ambas guias. Vigente por RPCD 0055-2024-CEPLAN/PCD.
08_planeamiento	guia_politicas_nacionales_ceplan_2024.pdf	https://cdn.www.gob.pe/uploads/document/file/7077561/6088033-ceplan-guia-de-politicas-nacionales-actualizada-2024.pdf	gob.pe CDN (CEPLAN)	Guia de Politicas Nacionales, actualizacion 2024 (reemplaza la 2023).
09_inversion_publica	dleg_1252_invierte_pe.pdf	https://cdn.www.gob.pe/uploads/document/file/204885/200981-dl1252.pdf	gob.pe CDN (MEF)	Crea Invierte.pe y deroga la Ley 27293 (SNIP).
09_inversion_publica	ds_284_2018_ef_reglamento_dleg_1252.pdf	https://www.mef.gob.pe/es/normatividad-inv-publica/instrumento/decretos-supremos/18647-decreto-supremo-n-284-2018-ef-1/file	mef.gob.pe	Reglamento del D.Leg. 1252 (09/12/2018). Modificado por D.S. 179-2020-EF, 231-2022-EF y 074-2023-EF.
09_inversion_publica	directiva_001_2019_ef_6301_directiva_general_invierte_pe.pdf	https://www.mef.gob.pe/es/normatividad-inv-publica/instrumento/directivas/19114-resolucion-directoral-n-001-2019-ef-63-01-2/file	mef.gob.pe	Directiva General de Invierte.pe. CONFIRMADO VIGENTE: no fue reemplazada, solo modificada.
09_inversion_publica	rd_0002_2025_ef_6301_modifica_directiva_general_invierte_pe.pdf	https://www.mef.gob.pe/es/normatividad-inv-publica/instrumento/resolucion-directoral/34072-resolucion-directoral-n-0002-2025-ef-63-01-1/file	mef.gob.pe	El Peruano 01/02/2025: modifica la Directiva 001-2019-EF/63.01 y aprueba Nota Tecnica de cierre de inversiones.
11_seguridad	dleg_1267_ley_policia_nacional_del_peru.pdf	https://cdn.www.gob.pe/uploads/document/file/7708314/6523657-decreto-supremo-n-1267.pdf	cdn.www.gob.pe (PNP / gob.pe)	Publicacion El Peruano 18/12/2016; 738 KB con capa de texto. OJO: el nombre del archivo en el CDN dice 'decreto-supremo' pero el contenido es el D.Leg. 1267
10_control	ley_27785_sistema_nacional_de_control.pdf	https://doc.contraloria.gob.pe/transparencia/documentos/pte/entidad/LEY_27785_TILOC.pdf	doc.contraloria.gob.pe	TILOC = Texto Integrado de la Ley Organica de la Contraloria: version consolidada con notas de modificacion (incluye Ley 29622 y Ley 30742). Cubre los DOS puntos del encargo (Sistema Nacional de Control + Contraloria). Alterno: texto original de El Peruano 23/07/2002 en https://doc.contraloria.gob.pe/transparencia/documentos/pte/entidad/LEY_27785.pdf
10_control	normas_generales_de_control_gubernamental_version_integrada.pdf	https://cdn.www.gob.pe/uploads/document/file/4811158/Versi%C3%B3n%20Integrada%20%22Normas%20Generales%20de%20Control%20Gubernamental%22.PDF	cdn.www.gob.pe (Contraloria)	Version integrada NGCG: aprobadas por RC 295-2021-CG (24/12/2021), modificadas por RC 158-2023-CG, RC 223-2023-CG y RC 245-2023-CG. 456 KB con capa de texto
10_control	reglamento_pas_responsabilidad_administrativa_funcional_version_integrada.pdf	https://cdn.www.gob.pe/uploads/document/file/6267932/5513548-reglamento-del-procedimiento-administrativo-sancionador-por-responsabilidad-administrativa-funcional.PDF	cdn.www.gob.pe (Contraloria)	Reglamento de infracciones y sanciones VIGENTE: RC 166-2021-CG, modificada por RC 307-2022-CG, RC 407-2022-CG y RC 196-2024-CG. Version integrada abril 2024. Sustituye al D.S. 023-2011-PCM (reglamento original de la Ley 29622, derogado por RC 100-2018-CG)
10_control	ley_29622_amplia_facultades_sancionadoras_contraloria.pdf	https://cdn.www.gob.pe/uploads/document/file/969881/Ley_N__29622.pdf	cdn.www.gob.pe (Congreso de la Republica)	Texto de El Peruano 07/12/2010, 267 KB con capa de texto. Incorpora el Subcapitulo II (arts. 45-46) sobre potestad sancionadora de la CGR en la Ley 27785
11_seguridad	ley_30077_ley_contra_el_crimen_organizado.pdf	https://cdn.www.gob.pe/uploads/document/file/1671767/Ley%20N%C2%B0%2030077%20-%20Ley%20Contra%20el%20Crimen%20Organizado.pdf.pdf	cdn.www.gob.pe	Version con notas de concordancia y modificaciones, 24 pags con capa de texto. ADVERTENCIA: consolidada solo hasta ~2019-2020 (Ley 30963); NO incorpora Ley 32108 (2024) ni D.Leg. 1731 (12/02/2026), que modificaron el art. 2 y el catalogo de delitos. Alterno (texto original El Peruano 20/08/2013): https://cdn.www.gob.pe/uploads/document/file/225388/Ley_30077_Ley_contra_el_Crimen_Organizado.pdf
11_seguridad	ley_27693_unidad_de_inteligencia_financiera.pdf	https://www2.congreso.gob.pe/sicr/cendocbib/con3_uibd.nsf/D36132F0BF505D8805257990005053F3/$FILE/3_LEY_27693.pdf	www2.congreso.gob.pe/sicr/cendocbib (NO es leyes.congreso/Documentos)	53 pags CON capa de texto, con notas de concordancia; consolidada hasta Ley 29038 (2007). NO cubre modificaciones posteriores (D.Leg. 1249 de 2016). La version concordada de la SBS al 19/11/2018 (https://www.sbs.gob.pe/Portals/5/jer/NORM_GEN_LAFT/19112018_Version_Concordada_Ley%2027693.pdf) es mejor pero sbs.gob.pe bloquea descargas por WAF Incapsula: hay que bajarla desde navegador
11_seguridad	dleg_1106_lucha_eficaz_contra_el_lavado_de_activos.pdf	https://spij.minjus.gob.pe/Normas/textos/190412T.pdf	spij.minjus.gob.pe	PARCIAL: es el compendio SPIJ del dia 19/04/2012 (146 pags, CON capa de texto); el D.Leg. 1106 empieza en la pag. 20 aprox. Hay que recortarlo. Motivo: las versiones dedicadas oficiales (leyes.congreso .../DecretosLegislativos/01106.pdf y sunat.gob.pe) son escaneos SIN capa de texto, y sbs.gob.pe bloquea curl (Incapsula)
11_seguridad	ds_026_2017_in_reglamento_dleg_1267_pnp.pdf	https://cdn.www.gob.pe/uploads/document/file/571754/Decreto_Supremo_N%C2%BA_026-2017-IN.pdf	cdn.www.gob.pe (Presidencia)	Separata Especial El Peruano 15/10/2017, 112 pags con capa de texto. ATENCION: DEROGADO/SUSTITUIDO por el D.S. 012-2025-IN (05/11/2025), nuevo Reglamento del D.Leg. 1267 con 312 articulos. Se registra tambien la version vigente en linea aparte
11_seguridad	ds_012_2025_in_reglamento_dleg_1267_pnp_vigente.pdf	https://cdn.www.gob.pe/uploads/document/file/9009179/7408685-anexo-012-2025-in.pdf	cdn.www.gob.pe (MININTER)	REGLAMENTO VIGENTE del D.Leg. 1267 (D.S. 012-2025-IN, 05/11/2025): anexo con el texto integro, 321 pags, 18.9 MB, capa de texto por OCR (algunos errores tipograficos). La parte resolutiva del D.S. esta en https://cdn.www.gob.pe/uploads/document/file/9009177/7408685-012-2025-in.pdf (3 pags)
11_seguridad	ds_015_2003_jus_reglamento_codigo_ejecucion_penal.pdf	https://spij.minjus.gob.pe/Normas/textos/110903T.pdf	spij.minjus.gob.pe	PARCIAL: compendio SPIJ del dia 11/09/2003 (135 pags, CON capa de texto). El D.S. 015-2003-JUS y el TEXTO INTEGRO del Reglamento (269 articulos) empiezan en la pag. 27 y llegan hasta el final. Hay que recortarlo. Es el texto ORIGINAL 2003: no incorpora modificatorias posteriores (p.ej. D.S. 015-2021-JUS, D.S. 022-2025-JUS del 04/11/2025)
11_seguridad	ds_009_2007_jus_rof_inpe.pdf	https://spij.minjus.gob.pe/Normas/textos/101007T.pdf	spij.minjus.gob.pe	PARCIAL: compendio SPIJ del dia 10/10/2007 (91 pags, CON capa de texto). El D.S. 009-2007-JUS y el TEXTO INTEGRO del ROF-INPE (5 titulos, 74 articulos) empiezan en la pag. 29. Hay que recortarlo. Se prefirio a la copia oficial del INPE en gob.pe (https://cdn.www.gob.pe/uploads/document/file/937250/ROF_inpe_2007_DS_009.pdf, 33 pags) porque esa es un ESCANEO SIN capa de texto. Es el ROF vigente segun gob.pe/inpe
12_educacion	ley_28044_general_de_educacion.pdf	https://cdn.www.gob.pe/uploads/document/file/105107/_28044_-_31-10-2012_11_31_34_-LEY_28044.pdf	cdn.www.gob.pe (MINEDU/SPIJ)	Publicada 29-07-2003; PDF con capa de texto y CONCORDANCIAS; 473 KB
12_educacion	ds_011_2012_ed_reglamento_ley_general_de_educacion.pdf	https://siga.regionlambayeque.gob.pe/docs/imgfckeditor16/8-ds-011-2012.pdf	Gobierno Regional de Lambayeque (export SPIJ)	97 pags con capa de texto; texto integro (159 arts + 9 DCF) con concordancias y modificatorias hasta D.S. 004-2019-MINEDU. NOTA: la copia en cdn.www.gob.pe (file/104990) es escaneo SIN capa de texto; el anexo del reglamento no se publico en El Peruano
12_educacion	ley_30220_universitaria.pdf	https://cdn.www.gob.pe/uploads/document/file/105207/_30220_-_09-07-2014_10_14_18_-Nueva_Ley_Universitaria.pdf	cdn.www.gob.pe (MINEDU)	Edicion El Peruano 09-07-2014; 21 pags con capa de texto; texto original sin modificatorias posteriores (p.ej. D.U. 034-2019)
12_educacion	ley_30512_institutos_escuelas_educacion_superior.pdf	https://cdn.www.gob.pe/uploads/document/file/105228/_30512_-_03-11-2016_11_50_02_-Ley_30512__Ley_de_Institutos_y_Escuelas_de_Educaci%C3%B3n_Superior.pdf	cdn.www.gob.pe (MINEDU)	Edicion El Peruano 02-11-2016; 21 pags con capa de texto; 1.7 MB
12_educacion	pen_2036_proyecto_educativo_nacional.pdf	https://repositorio.minedu.gob.pe/bitstream/handle/20.500.12799/6910/Proyecto%20Educativo%20Nacional%20PEN%202036.pdf?sequence=4&isAllowed=y	Repositorio MINEDU (CNE)	Documento completo 187 pags con capa de texto, 8.4 MB; aprobado por D.S. 009-2020-MINEDU (publicado 29-07-2020)
12_educacion	ley_29944_reforma_magisterial.pdf	https://cdn.www.gob.pe/uploads/document/file/3667897/Ley%20N%C2%B0%2029944.pdf.pdf	cdn.www.gob.pe (Congreso de la Republica)	Version consolidada tipo SPIJ con notas y concordancias; 33 pags con capa de texto
13_salud	ley_26842_general_de_salud.pdf	https://cdn.www.gob.pe/uploads/document/file/284868/ley-general-de-salud.pdf	cdn.www.gob.pe (MINSA)	Texto compilado con indice de titulos; 27 pags con capa de texto; publicada 20-07-1997
13_salud	ley_29344_aseguramiento_universal_en_salud.pdf	https://cdn.www.gob.pe/uploads/document/file/7393690/4936743-ley-n-29344-ley-marco-de-aseguramiento-universal-en-salud.pdf	cdn.www.gob.pe (MINSA/SUSALUD, export SPIJ)	Version consolidada 17 pags con capa de texto, notas de vigencia y concordancias. VIGENCIA: existe TUO de la Ley 29344 aprobado por D.S. 020-2014-SA (13-07-2014)
13_salud	ds_008_2010_sa_reglamento_ley_29344.pdf	https://www.sunat.gob.pe/legislacion/remunerac/DecSup008.pdf	SUNAT (repositorio de legislacion)	68 pags con capa de texto limpia; integro (154 arts + DCT/DCF). La copia MINSA en cdn.www.gob.pe (file/274328) es escaneo con OCR deficiente; alternativa SPIJ: https://spij.minjus.gob.pe/Normas/textos/030410T.pdf (compilado del dia)
14_trabajo	tuo_dleg_728_ds_003_97_tr_productividad_competitividad_laboral.pdf	https://www2.congreso.gob.pe/sicr/cendocbib/con4_uibd.nsf/BE35EA4B0DF56C0A05257E2200538D4C/$FILE/1_DECRETO_SUPREMO_003_27_03_1997.pdf	Congreso de la Republica - Centro de Documentacion (cendocbib), version SPIJ	52 pags con capa de texto y CONCORDANCIAS; D.S. 003-97-TR del 27-03-1997; ojo: el signo dolar del URL debe escaparse en bash
14_trabajo	ley_29783_seguridad_y_salud_en_el_trabajo.pdf	https://www.trabajo.gob.pe/archivos/file/SNIL/normas/2011-08-20_29783_1669.pdf	MTPE - Sistema Normativo de Informacion Laboral (SNIL)	31 pags con capa de texto; texto original 20-08-2011 (no incluye modificatorias 30222 ni 31246)
14_trabajo	ds_005_2012_tr_reglamento_ley_29783.pdf	https://cdn.www.gob.pe/uploads/document/file/571763/Decreto_Supremo_N__005-2012-TR.pdf	cdn.www.gob.pe (Presidencia de la Republica)	Version consolidada tipo SPIJ con notas y concordancias; 36 pags con capa de texto
14_trabajo	ley_28806_general_de_inspeccion_del_trabajo.pdf	https://cdn.www.gob.pe/uploads/document/file/2845243/Ley%20N%C2%B0%2028806%20-%20Ley%20General%20de%20Inspecci%C3%B3n%20del%20Trabajo.pdf	cdn.www.gob.pe (descarga SPIJ 11-02-2022)	Version consolidada SPIJ con notas y concordancias; 48 pags con capa de texto
15_ambiente	ley_28611_general_del_ambiente.pdf	https://cdn.www.gob.pe/uploads/document/file/12772/Ley-N_-28611.pdf	cdn.www.gob.pe (Congreso de la Republica / MINAM)	Version consolidada tipo SPIJ; 45 pags con capa de texto
15_ambiente	ley_29763_forestal_y_de_fauna_silvestre.pdf	https://cdn.www.gob.pe/uploads/document/file/12779/Ley-N_-29763.pdf	cdn.www.gob.pe (Congreso de la Republica)	Version consolidada tipo SPIJ con notas de vigencia (D.Leg. 1220) y concordancias; 59 pags con capa de texto
15_ambiente	ley_29338_recursos_hidricos.pdf	https://cdn.www.gob.pe/uploads/document/file/12802/Ley-N_-29338.pdf	cdn.www.gob.pe (Congreso de la Republica)	Version consolidada tipo SPIJ; 40 pags con capa de texto; incluye Reglamento de Delimitacion de Fajas Marginales
15_ambiente	ds_001_2010_ag_reglamento_ley_recursos_hidricos.pdf	https://cdn.www.gob.pe/uploads/document/file/5323760/4773151-d-s-n-001-2010-ag.pdf	cdn.www.gob.pe (MINEM, export SPIJ)	83 pags con capa de texto y CONCORDANCIAS; publicado 24-03-2010
16_derechos_humanos	pacto_internacional_derechos_civiles_politicos.pdf	https://www.ohchr.org/sites/default/files/ccpr_SP.pdf	ONU-OHCHR	PIDCP texto oficial en espanol, 158 KB, HTTP 200
16_derechos_humanos	pacto_internacional_derechos_economicos_sociales_culturales.pdf	https://www.ohchr.org/sites/default/files/cescr_SP.pdf	ONU-OHCHR	PIDESC texto oficial en espanol, 125 KB, HTTP 200
16_derechos_humanos	convencion_americana_derechos_humanos_pacto_san_jose.pdf	https://www.oas.org/dil/esp/tratados_b-32_convencion_americana_sobre_derechos_humanos.pdf	OEA-Depto. Derecho Internacional	Texto oficial B-32 en espanol, 351 KB, HTTP 200. Alterna Corte IDH: https://www.corteidh.or.cr/tablas/17229a.pdf
16_derechos_humanos	convencion_onu_contra_la_corrupcion_uncac.pdf	https://www.unodc.org/documents/treaties/UNCAC/Publications/Convention/04-56163_S.pdf	UNODC	UNCAC edicion oficial ONU 2004 en espanol, 1.15 MB, HTTP 200
16_derechos_humanos	convencion_interamericana_contra_la_corrupcion.pdf	https://www.oas.org/es/sla/ddi/docs/tratados_multilaterales_interamericanos_B-58_contra_corrupcion.pdf	OEA-Secretaria de Asuntos Juridicos	Convencion Interamericana contra la Corrupcion (B-58) en espanol, 107 KB, HTTP 200
16_derechos_humanos	declaracion_universal_derechos_humanos.pdf	https://www.ohchr.org/sites/default/files/UDHR/Documents/UDHR_Translations/spn.pdf	ONU-OHCHR	DUDH texto oficial en espanol, 186 KB, HTTP 200
16_derechos_humanos	convencion_sobre_los_derechos_del_nino.pdf	https://www.ohchr.org/sites/default/files/crc_SP.pdf	ONU-OHCHR	CDN texto oficial en espanol, 162 KB, HTTP 200. Alterna UNICEF/ONU: https://www.un.org/es/events/childrenday/pdf/derechos.pdf
16_derechos_humanos	convenio_oit_169_pueblos_indigenas_tribales.pdf	https://www.ilo.org/wcmsp5/groups/public/---americas/---ro-lima/documents/publication/wcms_345065.pdf	OIT-Oficina Regional America Latina	Convenio 169 + Declaracion ONU pueblos indigenas, ed. Lima 2014, 130 p., 504 KB
16_derechos_humanos	convenio_oit_87_libertad_sindical.pdf	https://webapps.ilo.org/static/spanish/inwork/cb-policy-guide/conveniosobrelalibertadsindicalylaprotecciondelderechodesindicacionnum87.pdf	OIT (webapps.ilo.org)	Texto integro C087 en espanol (ficha NORMLEX en PDF), 192 KB, HTTP 200
16_derechos_humanos	convenio_oit_98_sindicacion_negociacion_colectiva.pdf	https://webapps.ilo.org/static/spanish/inwork/cb-policy-guide/conveniosobreelderechodesindicacionydenegociacioncolectivanum98.pdf	OIT (webapps.ilo.org)	Texto integro C098 en espanol (ficha NORMLEX en PDF), 165 KB, HTTP 200. Compendio 87-98-151-154: https://www.ilo.org/es/media/431541/download
17_jurisprudencia	compendio_precedentes_vinculantes_tc_tomo2.pdf	https://spijweb.minjus.gob.pe/wp-content/uploads/2018/08/precedentes.pdf	MINJUS-SPIJ (Edicion Oficial)	Precedentes Vinculantes del Tribunal Constitucional Tomo II (laboral-previsional, procesal penal, tributario), 1a Ed. Oficial oct-2017, 2.96 MB. El TC no publica compendio unico en su portal; MINJUS es el editor oficial
17_jurisprudencia	sentencias_y_acuerdos_plenarios_corte_suprema_2022.pdf	https://www.pj.gob.pe/wps/wcm/connect/3772310049b4b29d9ea7fe9026c349a4/SENTENCIAS+Y+ACUERDOS+PLENARIOS+CORTE+SUPREMA+DE+JUSTICIA+(1).pdf?MOD=AJPERES&CACHEID=3772310049b4b29d9ea7fe9026c349a4	Poder Judicial - Centro de Investigaciones Judiciales (CIJ)	Compendio oficial 2022 de sentencias plenarias y acuerdos plenarios de la Corte Suprema, 1.84 MB
17_jurisprudencia	compendio_precedentes_vinculantes_tc_tomo1.pdf	https://cdn.www.gob.pe/uploads/document/file/1534187/5-Precedentes-Vinculantes-Emitidos-por-el-Tribunal-Constitucional-Tomo-I-%E2%80%93-Primera-Edici%C3%B3n-Oficial.pdf	MINJUS / cdn.www.gob.pe (Edicion Oficial)	Precedentes Vinculantes del TC Tomo I, 1a Ed. Oficial ago-2016, 3.47 MB
17_jurisprudencia	compendio_doctrina_legal_jurisprudencia_vinculante_corte_suprema_penal_t2.pdf	http://spijlibre.minjus.gob.pe/content/publicaciones_oficiales/img/Compendio-Doctrina-Legal-y-Jurisprudencia-Tomo-II.pdf	MINJUS-SPIJ (Edicion Oficial)	Compendio de Doctrina Legal y Jurisprudencia Vinculante de la Corte Suprema - Materia Penal II: sentencias plenarias y precedentes vinculantes, 1a Ed. Oficial jun-2014, 2.45 MB
17_jurisprudencia	compendio_acuerdos_plenarios_penales_corte_suprema_t1.pdf	https://spijweb.minjus.gob.pe/?sdm_process_download=1&download_id=8757	MINJUS-SPIJ (Edicion Oficial)	Compendio de Doctrina Legal y Jurisprudencia Vinculante - Materia Penal I: ACUERDOS PLENARIOS, 1a Ed. Oficial oct-2013, 3.33 MB. OJO: la URL lleva & - entrecomillarla al descargar con curl/wget
19_informes_permanentes	bcrp_reporte_inflacion_2026_06.pdf	https://www.bcrp.gob.pe/docs/Publicaciones/Reporte-Inflacion/2026/junio/reporte-de-inflacion-junio-2026.pdf	BCRP	edicion junio 2026, verificada en portada: 'REPORTE DE INFLACION Junio 2026 - Panorama actual y proyecciones macroeconomicas 2026-2027'; 3.35 MB
19_informes_permanentes	inei_informe_tecnico_pbi_comportamiento_economia_2026_t1.pdf	https://www.inei.gob.pe/media/MenuRecursivo/boletines/pbi-trimestral-i-trim-2026.pdf	INEI	edicion N 02 - Mayo 2026, verificada en portada: 'Comportamiento de la Economia Peruana en el Primer Trimestre de 2026' (Cuentas Nacionales ano base 2007); PBI +3,5%; 8.48 MB
19_informes_permanentes	inei_informe_tecnico_empleo_nacional_2026_t1.pdf	https://www.inei.gob.pe/media/MenuRecursivo/boletines/empleo-nacional-i-trimestre-2026.pdf	INEI	edicion Primer trimestre 2026 (Mayo 2026), verificada en portada: 'Peru: Comportamiento de los indicadores del mercado laboral a Nivel Nacional y en 27 Ciudades', base EPEN; 2.85 MB
19_informes_permanentes	mef_marco_macroeconomico_multianual_2026_2029.pdf	https://cdn.www.gob.pe/uploads/document/file/8563935/7091414-marco-macroeconomico-multianual-2026-2029.pdf	MEF / cdn.www.gob.pe	edicion MMM 2026-2029, verificada en texto: 'Marco Macroeconomico Multianual 2026-2029', aprobado en sesion de Consejo de Ministros del 27 de agosto de 2025; es el MMM vigente al 31/07/2026 (el 2027-2030 se publica en agosto 2026); 11.9 MB
19_informes_permanentes	inei_evolucion_pobreza_monetaria_2016_2025.pdf	https://cdn.www.gob.pe/uploads/document/file/9911812/8088591-peru-evolucion-de-la-pobreza-monetaria-2016-2025.pdf	INEI / cdn.www.gob.pe	edicion Lima, mayo 2026, verificada en texto: 'Peru: Evolucion de la pobreza monetaria 2016-2025'; pobreza monetaria 25,7% en 2025; 7.09 MB
19_informes_permanentes	defensoria_vigesimo_noveno_informe_anual_2025.pdf	https://www.defensoria.gob.pe/wp-content/uploads/2026/05/InformeAnualFinal2025.pdf	Defensoria del Pueblo	edicion Vigesimo Noveno Informe Anual (enero-diciembre 2025), presentado al Congreso en mayo 2026, verificada en portada; 30.6 MB
19_informes_permanentes	servir_caracteristicas_servicio_civil_peruano_2024.pdf	https://cdn.www.gob.pe/uploads/document/file/9167778/7526064-caracteristicas-del-servicio-civil-peruano-2024.pdf	SERVIR / cdn.www.gob.pe	edicion 'Caracteristicas del Servicio Civil Peruano - 2024', verificada en creditos (Deposito Legal N 2025-15106, PDF creado 17/12/2025); es la ultima entrega de la serie anual de SERVIR; 7.45 MB
19_informes_permanentes	ceplan_peru_2050_escenarios_prospectivos_pedn_act_2025.pdf	https://cdn.www.gob.pe/uploads/document/file/9218857/7566878-peru-2050-escenarios-prospectivos-del-pedn-actualizacion-2025.pdf	CEPLAN / cdn.www.gob.pe	edicion 'Peru 2050: Escenarios prospectivos del PEDN - Actualizacion 2025', verificada en portada; Direccion Nacional de Prospectiva y Estudios Estrategicos del Ceplan; 3.83 MB
19_informes_permanentes	bcrp_reporte_estabilidad_financiera_2026_05.pdf	https://www.bcrp.gob.pe/docs/Publicaciones/Reporte-Estabilidad-Financiera/2026/mayo/ref-mayo-2026.pdf	BCRP	edicion Mayo 2026, verificada en portada: 'REPORTE DE ESTABILIDAD FINANCIERA Mayo 2026' (ISSN 2664-2328), 95 pags; 4.08 MB
19_informes_permanentes	bcrp_memoria_anual_2025.pdf	https://www.bcrp.gob.pe/docs/Publicaciones/Memoria/2025/memoria-bcrp-2025.pdf	BCRP	edicion Memoria 2025, verificada en portada: 'MEMORIA 2025 - Banco Central de Reserva del Peru', Directorio al 31/12/2025, 330 pags, PDF creado 07/05/2026; 9.35 MB
19_informes_permanentes	contraloria_informe_de_gestion_2024.pdf	https://cdn.www.gob.pe/uploads/document/file/9076258/7454028-informe-de-gestion-2024-comprimido.pdf	Contraloria General de la Republica / cdn.www.gob.pe	edicion 'INFORME DE GESTION 2024', verificada en portada (Contralor General Cesar Aguilar Surichaqui), 275 pags, publicado en gob.pe en nov-2025; es el ultimo informe anual de gestion disponible (no hay edicion 2025 al 31/07/2026); 6.79 MB
19_informes_permanentes	contraloria_informe_obras_paralizadas_2026_03.pdf	https://cdn.www.gob.pe/uploads/document/file/9989705/8147812-informe-de-obras-paralizadas-en-el-territorio-nacional-a-marzo-2026.PDF	Contraloria General de la Republica / cdn.www.gob.pe	COMPLEMENTARIO: edicion N 001-2026-CG/SESNC, Lima mayo 2026, datos a marzo 2026, verificada en portada; informe vigente mas reciente de la Contraloria sobre obras paralizadas; 0.97 MB
19_informes_permanentes	inei_informe_tecnico_condiciones_de_vida_2026_t1.pdf	https://www.inei.gob.pe/media/MenuRecursivo/boletines/informe_condiciones_vida_1t2026.pdf	INEI	COMPLEMENTARIO: edicion N 02 - Junio 2026, I Trimestre 2026, verificada en portada: 'Informe Tecnico de Condiciones de Vida en el Peru' (base ENAHO); 7.44 MB
11_seguridad	dleg_1182_geolocalizacion_datos_telecomunicaciones.pdf	https://www.leyes.congreso.gob.pe/Documentos/DecretosLegislativos/01182.pdf	Congreso-DLeg	Citada por el PL de delegación de facultades 2026 (Oficio 245-2026-PR). Localizado automáticamente el 2026-09-02 (Congreso-DLeg); verificar vigencia/consolidación antes de citar.
11_seguridad	dleg_1338_registro_nacional_equipos_terminales_moviles_renteseg.pdf	https://www.leyes.congreso.gob.pe/Documentos/DecretosLegislativos/01338.pdf	Congreso-DLeg	Citada por el PL de delegación de facultades 2026 (Oficio 245-2026-PR). Localizado automáticamente el 2026-09-02 (Congreso-DLeg); verificar vigencia/consolidación antes de citar.
11_seguridad	ley_30096_delitos_informaticos.pdf	https://www.leyes.congreso.gob.pe/Documentos/Leyes/30096.pdf	Congreso-Leyes	Citada por el PL de delegación de facultades 2026 (Oficio 245-2026-PR). Localizado automáticamente el 2026-09-02 (Congreso-Leyes); verificar vigencia/consolidación antes de citar.
11_seguridad	ley_30424_responsabilidad_administrativa_personas_juridicas.pdf	https://www.leyes.congreso.gob.pe/Documentos/Leyes/30424.pdf	Congreso-Leyes	Citada por el PL de delegación de facultades 2026 (Oficio 245-2026-PR). Localizado automáticamente el 2026-09-02 (Congreso-Leyes); verificar vigencia/consolidación antes de citar.
11_seguridad	dleg_1095_uso_de_la_fuerza_fuerzas_armadas.pdf	https://www.leyes.congreso.gob.pe/Documentos/DecretosLegislativos/01095.pdf	Congreso-DLeg	Citada por el PL de delegación de facultades 2026 (Oficio 245-2026-PR). Localizado automáticamente el 2026-09-02 (Congreso-DLeg); verificar vigencia/consolidación antes de citar.
01_normativa_fundamental/02_codigos	dleg_1094_codigo_penal_militar_policial.pdf	https://www.leyes.congreso.gob.pe/Documentos/DecretosLegislativos/01094.pdf	Congreso-DLeg	Citada por el PL de delegación de facultades 2026 (Oficio 245-2026-PR). Localizado automáticamente el 2026-09-02 (Congreso-DLeg); verificar vigencia/consolidación antes de citar.
11_seguridad	dleg_1141_sistema_de_inteligencia_nacional_dini.pdf	https://www.leyes.congreso.gob.pe/Documentos/DecretosLegislativos/01141.pdf	Congreso-DLeg	Citada por el PL de delegación de facultades 2026 (Oficio 245-2026-PR). Localizado automáticamente el 2026-09-02 (Congreso-DLeg); verificar vigencia/consolidación antes de citar.
07_economia	dleg_1228_centros_de_innovacion_productiva_cite.pdf	https://www.leyes.congreso.gob.pe/Documentos/DecretosLegislativos/01228.pdf	Congreso-DLeg	Citada por el PL de delegación de facultades 2026 (Oficio 245-2026-PR). Localizado automáticamente el 2026-09-02 (Congreso-DLeg); verificar vigencia/consolidación antes de citar.
07_economia	dleg_1409_sociedad_por_acciones_cerrada_simplificada_sacs.pdf	https://www.leyes.congreso.gob.pe/Documentos/DecretosLegislativos/01409.pdf	Congreso-DLeg	Citada por el PL de delegación de facultades 2026 (Oficio 245-2026-PR). Localizado automáticamente el 2026-09-02 (Congreso-DLeg); verificar vigencia/consolidación antes de citar.
14_trabajo	ley_28806_ley_general_de_inspeccion_del_trabajo.pdf	https://www.leyes.congreso.gob.pe/Documentos/Leyes/28806.pdf	Congreso-Leyes	Citada por el PL de delegación de facultades 2026 (Oficio 245-2026-PR). Localizado automáticamente el 2026-09-02 (Congreso-Leyes); verificar vigencia/consolidación antes de citar.
14_trabajo	dleg_728_ley_de_fomento_del_empleo.pdf	https://www.leyes.congreso.gob.pe/Documentos/DecretosLegislativos/00728.pdf	Congreso-DLeg	Citada por el PL de delegación de facultades 2026 (Oficio 245-2026-PR). Localizado automáticamente el 2026-09-02 (Congreso-DLeg); verificar vigencia/consolidación antes de citar.
20_desarrollo_productivo	ley_31335_cooperativas_agrarias.pdf	https://www.leyes.congreso.gob.pe/Documentos/2016_2021/ADLP/Normas_Legales/31335-LEY.pdf	Congreso-ADLP	Citada por el PL de delegación de facultades 2026 (Oficio 245-2026-PR). Localizado automáticamente el 2026-09-02 (Congreso-ADLP); verificar vigencia/consolidación antes de citar.
07_economia	ley_27287_ley_de_titulos_valores.pdf	https://www.leyes.congreso.gob.pe/Documentos/Leyes/27287.pdf	Congreso-Leyes	Citada por el PL de delegación de facultades 2026 (Oficio 245-2026-PR). Localizado automáticamente el 2026-09-02 (Congreso-Leyes); verificar vigencia/consolidación antes de citar.
07_economia	dleg_1400_regimen_de_garantia_mobiliaria.pdf	https://www.leyes.congreso.gob.pe/Documentos/DecretosLegislativos/01400.pdf	Congreso-DLeg	Citada por el PL de delegación de facultades 2026 (Oficio 245-2026-PR). Localizado automáticamente el 2026-09-02 (Congreso-DLeg); verificar vigencia/consolidación antes de citar.
20_desarrollo_productivo	ley_29148_fondo_de_garantia_para_el_campo_fogasa.pdf	https://www.leyes.congreso.gob.pe/Documentos/Leyes/29148.pdf	Congreso-Leyes	Citada por el PL de delegación de facultades 2026 (Oficio 245-2026-PR). Localizado automáticamente el 2026-09-02 (Congreso-Leyes); verificar vigencia/consolidación antes de citar.
20_desarrollo_productivo	ley_31071_compras_estatales_alimentos_agricultura_familiar.pdf	https://www.leyes.congreso.gob.pe/Documentos/2016_2021/ADLP/Normas_Legales/31071-LEY.pdf	Congreso-ADLP	Citada por el PL de delegación de facultades 2026 (Oficio 245-2026-PR). Localizado automáticamente el 2026-09-02 (Congreso-ADLP); verificar vigencia/consolidación antes de citar.
20_desarrollo_productivo	ley_28890_crea_sierra_exportadora.pdf	https://www.leyes.congreso.gob.pe/Documentos/2006_2011/ADLP/Normas_Legales/28890-LEY.pdf	Congreso-ADLP	Citada por el PL de delegación de facultades 2026 (Oficio 245-2026-PR). Localizado automáticamente el 2026-09-02 (Congreso-ADLP); verificar vigencia/consolidación antes de citar.
20_desarrollo_productivo	ley_31145_saneamiento_fisico_legal_predios_rurales.pdf	https://www.leyes.congreso.gob.pe/Documentos/2016_2021/ADLP/Normas_Legales/31145-LEY.pdf	Congreso-ADLP	Citada por el PL de delegación de facultades 2026 (Oficio 245-2026-PR). Localizado automáticamente el 2026-09-02 (Congreso-ADLP); verificar vigencia/consolidación antes de citar.
09_inversion_publica	ley_30230_medidas_tributarias_simplificacion_inversion.pdf	https://www.leyes.congreso.gob.pe/Documentos/Leyes/30230.pdf	Congreso-Leyes	Citada por el PL de delegación de facultades 2026 (Oficio 245-2026-PR). Localizado automáticamente el 2026-09-02 (Congreso-Leyes); verificar vigencia/consolidación antes de citar.
09_inversion_publica	dleg_1192_ley_marco_adquisicion_y_expropiacion.pdf	https://www.leyes.congreso.gob.pe/Documentos/DecretosLegislativos/01192.pdf	Congreso-DLeg	Citada por el PL de delegación de facultades 2026 (Oficio 245-2026-PR). Localizado automáticamente el 2026-09-02 (Congreso-DLeg); verificar vigencia/consolidación antes de citar.
20_desarrollo_productivo	dley_25844_ley_de_concesiones_electricas.pdf	https://www.leyes.congreso.gob.pe/Documentos/Leyes/25844.pdf	Congreso-Leyes	Citada por el PL de delegación de facultades 2026 (Oficio 245-2026-PR). Localizado automáticamente el 2026-09-02 (Congreso-Leyes); verificar vigencia/consolidación antes de citar.
20_desarrollo_productivo	ley_28832_desarrollo_eficiente_generacion_electrica.pdf	https://www.leyes.congreso.gob.pe/Documentos/Leyes/28832.pdf	Congreso-Leyes	Citada por el PL de delegación de facultades 2026 (Oficio 245-2026-PR). Localizado automáticamente el 2026-09-02 (Congreso-Leyes); verificar vigencia/consolidación antes de citar.
07_economia	ley_28587_proteccion_al_consumidor_servicios_financieros.pdf	https://www.leyes.congreso.gob.pe/Documentos/Leyes/28587.pdf	Congreso-Leyes	Citada por el PL de delegación de facultades 2026 (Oficio 245-2026-PR). Localizado automáticamente el 2026-09-02 (Congreso-Leyes); verificar vigencia/consolidación antes de citar.
07_economia	ley_26702_ley_general_del_sistema_financiero_sbs.pdf	https://www.leyes.congreso.gob.pe/Documentos/Leyes/26702.pdf	Congreso-Leyes	Citada por el PL de delegación de facultades 2026 (Oficio 245-2026-PR). Localizado automáticamente el 2026-09-02 (Congreso-Leyes); verificar vigencia/consolidación antes de citar.
07_economia	ley_31143_ley_que_protege_de_la_usura_topes_tasas_interes.pdf	https://www.leyes.congreso.gob.pe/Documentos/2016_2021/ADLP/Normas_Legales/31143-LEY.pdf	Congreso-ADLP	Citada por el PL de delegación de facultades 2026 (Oficio 245-2026-PR). Localizado automáticamente el 2026-09-02 (Congreso-ADLP); verificar vigencia/consolidación antes de citar.
20_desarrollo_productivo	dleg_1280_ley_marco_gestion_servicios_saneamiento.pdf	https://www.leyes.congreso.gob.pe/Documentos/DecretosLegislativos/01280.pdf	Congreso-DLeg	Citada por el PL de delegación de facultades 2026 (Oficio 245-2026-PR). Localizado automáticamente el 2026-09-02 (Congreso-DLeg); verificar vigencia/consolidación antes de citar.
20_desarrollo_productivo	ley_27829_bono_familiar_habitacional.pdf	https://www.leyes.congreso.gob.pe/Documentos/Leyes/27829.pdf	Congreso-Leyes	Citada por el PL de delegación de facultades 2026 (Oficio 245-2026-PR). Localizado automáticamente el 2026-09-02 (Congreso-Leyes); verificar vigencia/consolidación antes de citar.
20_desarrollo_productivo	ley_30852_exoneracion_requisitos_damnificados_bfh.pdf	https://www.leyes.congreso.gob.pe/Documentos/2016_2021/ADLP/Normas_Legales/30852-LEY.pdf	Congreso-ADLP	Citada por el PL de delegación de facultades 2026 (Oficio 245-2026-PR). Localizado automáticamente el 2026-09-02 (Congreso-ADLP); verificar vigencia/consolidación antes de citar.
09_inversion_publica	ley_29230_obras_por_impuestos.pdf	https://www.leyes.congreso.gob.pe/Documentos/Leyes/29230.pdf	Congreso-Leyes	Citada por el PL de delegación de facultades 2026 (Oficio 245-2026-PR). Localizado automáticamente el 2026-09-02 (Congreso-Leyes); verificar vigencia/consolidación antes de citar.
01_normativa_fundamental/02_codigos	dleg_635_codigo_penal.pdf	https://www.leyes.congreso.gob.pe/Documentos/DecretosLegislativos/00635.pdf	Congreso-DLeg	Citada por el PL de delegación de facultades 2026 (Oficio 245-2026-PR). Localizado automáticamente el 2026-09-02 (Congreso-DLeg); verificar vigencia/consolidación antes de citar.
01_normativa_fundamental/02_codigos	dleg_957_nuevo_codigo_procesal_penal.pdf	https://www.leyes.congreso.gob.pe/Documentos/DecretosLegislativos/00957.pdf	Congreso-DLeg	Citada por el PL de delegación de facultades 2026 (Oficio 245-2026-PR). Localizado automáticamente el 2026-09-02 (Congreso-DLeg); verificar vigencia/consolidación antes de citar.
