# libro	título viejo	título propuesto	motivo (A -ción · B tilde conocida · C posible errata · D tilde sobrante)
63	¿El retorno de los elefantes blancos? África, deuda, y pobreza	¿El retorno de los elefantes blancos? África, deuda, y pobreza	C:blancos?bancos
92	General competitive analysis	General competitive analysis	C:competitive?competitiva/competitivo
150	Economic growth	Economic growth	C:Economic?economia/economica/economico
178	Modelos de crecimiento económico y dinámicas complejas	Modelos de crecimiento económico y dinámicas complejas	C:complejas?completas
224	Keynesian macroeconomics without the lm curve	Keynesian macroeconomics without the lm curve	C:Keynesian?keynesiana/keynesiano C:macroeconomics?macroeconomicos
348	El puesto del hombre en el cosmos	El puesto del hombre en el cosmos	C:cosmos?costos
350	Tratado de economía política - tomo primero	Tratado de economía política - tomo primero	C:primero?primer
420	Portfolio optimization mean - variance optimization (protegido)	Portfolio optimization mean - variance optimization (protegido)	C:Portfolio?portafolio
456	Como escribir y publicar trabajo científicos	Como escribir y publicar trabajo científicos	C:publicar?publica/publicas
714	Estadística inferencial aplicada	Estadística inferencial aplicada	C:inferencial?inferencia
799	Las ideas motrices de tres procesos de industrialización	Las ideas motrices de tres procesos de industrialización	C:motrices?matrices
915	Nuevas lecciones introductorias al psicoanálisis	Nuevas lecciones introductorias al psicoanálisis	C:introductorias?introductorios
1008	Déficit de la cuenta corriente: ¿estamos frente a un problema?	Déficit de la cuenta corriente: ¿estamos frente a un problema?	C:estamos?estados
1147	Perú 1990 2021 la causa del milagro económico constitución de 1993 o superciclo de las materias primas	Perú 1990 2021 la causa del milagro económico constitución de 1993 o superciclo de las materias primas	C:materias?material
1178	Robert merton y myron scholes: premios nobel de economía 1997 y sus aportes a la teoría financiera	Robert merton y myron scholes: premios nobel de economía 1997 y sus aportes a la teoría financiera	C:premios?precios
1550	¿Qué es la teoría de la preferencia revelada?	¿Qué es la teoría de la preferencia revelada?	C:preferencia?referencia
2016	Valoración económica de los recursos naturales en la cuenca binacional catamayo-chira	Valoración económica de los recursos naturales en la cuenca binacional catamayo-chira	C:cuenca?cuenta
2072	John stuart mill el utilitarismo que cambiaría el mundo	John stuart mill el utilitarismo que cambiaría el mundo	D:cambiaría?cambiaria
2109	Apuntes n 4 - competitivos con mercados completos	Apuntes n 4 - competitivos con mercados completos	C:completos?completas
2239	Modelos de ecuaciones simultaneas	Modelos de ecuaciones simultáneas	B:simultaneas→simultáneas
2242	Combinación de cortes transversales en el tiempo y métodos simples para datos de panel	Combinación de cortes transversales en el tiempo y métodos simples para datos de panel	C:cortes?costes
2783	Formas cuadráticas	Formas cuadráticas	C:Formas?normas
3137	Structural vars	Structural vars	C:Structural?estructural
3512	El estimador de mínimos cuadrados ordinarios (MCO)	El estimador de mínimos cuadrados ordinarios (MCO)	C:ordinarios?ordinarias
3549	Modelos de ecuaciones simultaneas definición	Modelos de ecuaciones simultáneas definición	B:simultaneas→simultáneas
3550	Modelos de ecuaciones simultaneas problema de identificación	Modelos de ecuaciones simultáneas problema de identificación	B:simultaneas→simultáneas
3551	Modelos de ecuaciones simultaneas estimación	Modelos de ecuaciones simultáneas estimación	B:simultaneas→simultáneas
3552	Modelos de ecuaciones simultaneas presentación del modelo	Modelos de ecuaciones simultáneas presentación del modelo	B:simultaneas→simultáneas
3684	¿Qué tan difícil es programar? HTML, CSS y JavaScript	¿Qué tan difícil es programar? HTML, CSS y JavaScript	C:programar?programa/programas
3731	Fallas de mercado	Fallas de mercado	C:Fallas?fallos
3831	Modelo de ecuaciones simultaneas programación en eviews	Modelo de ecuaciones simultáneas programación en eviews	B:simultaneas→simultáneas
4357	Walsh small open economics	Walsh small open economics	C:economics?economias/economicas/economicos
4525	Data visualization	Data visualization	C:visualization?visualizacion
4535	Grabar y modificar	Grabar y modificar	C:modificar?modifica
4571	Método simplex con tablas	Método simplex con tablas	C:simplex?simple
8519	Diferencias en medias	Diferencias en medias	C:medias?medidas
8522	Muestreo aleatorio y distribución del promedio muestral	Muestreo aleatorio y distribución del promedio muestral	C:muestral?muestra/muestras
8619	Sistemas de ecuaciones simultaneas	Sistemas de ecuaciones simultáneas	B:simultaneas→simultáneas
8881	El modelo descriptivo de las Naciones Unidas	El modelo descriptivo de las Naciones Unidas	C:Unidas?unidad
8981	Soluciones eficaces: políticas activas del mercado de trabajo en América Latina y el Caribe	Soluciones eficaces: políticas activas del mercado de trabajo en América Latina y el Caribe	C:activas?activos
9095	How strong infrastructure governance can end waste in public investment	How strong infrastructure governance can end waste in public investment	C:public?publica/publico
9138	Real options valuation	Real options valuation	C:valuation?valuacion
9195	Factors con forcats	Factors con forcats	C:Factors?factores
9198	Data transformation	Data transformation	C:transformation?transformacion
9621	Manual de escritura para carreras de humanidades	Manual de escritura para carreras de humanidades	C:carreras?carteras
9676	¿Cómo citar y referenciar según la norma Vancouver?	¿Cómo citar y referenciar según la norma Vancouver?	C:referenciar?referencia/referencias
9718	El problema histórico de nuestra América	El problema histórico de nuestra América	C:nuestra?muestra
9733	Textos Escogidos II	Textos Escogidos II	C:Escogidos?escogidas
9859	Variable Compleja y Aplicaciones	Variable Compleja y Aplicaciones	C:Compleja?completa
9874	En carrera: escritura y lectura de textos académicos y profesionales	En carrera: escritura y lectura de textos académicos y profesionales	C:carrera?cartera
9892	Cuentos para educar: dirigido a niños y niñas de entre 6 y 12 años para promover los valores en el deporte	Cuentos para educar: dirigido a niños y niñas de entre 6 y 12 años para promover los valores en el deporte	C:deporte?reporte
9922	Ley N.° 31145. Saneamiento físico legal predios rurales	Ley N.° 31145. Saneamiento físico legal predios rurales	C:predios?precios
9943	Programa Presupuestal 0146 Acceso de las familias a vivienda y entorno urbano adecuado: resultado específico (vigente al 2026)	Programa Presupuestal 0146 Acceso de las familias a vivienda y entorno urbano adecuado: resultado específico (vigente al 2026)	C:familias?familiar
10129	Decreto Legislativo N.° 1094. Código penal militar policial	Decreto Legislativo N.° 1094. Código penal militar policial	C:policial?policia
10150	Guía técnica legislativa MINJUS 4ta ed impresa	Guía técnica legislativa MINJUS 4ta ed impresa	C:impresa?empresa
10260	Tracking SDG7: The Energy Progress Report 2025	Tracking SDG7: The Energy Progress Report 2025	C:Report?reporte
10279	Ejecución del presupuesto público y su influencia sobre el desarrollo humano en las provincias de Ayacucho 2007--2019	Ejecución del presupuesto público y su influencia sobre el desarrollo humano en las provincias de Ayacucho 2007--2019	C:provincias?provincial
10286	La inversión pública y su efecto en el empleo formal en el Perú, 2019--2023	La inversión pública y su efecto en el empleo formal en el Perú, 2019--2023	C:formal?normal
10299	Benchmarking infrastructure development: PPP regulatory landscape, assessing quality and exploring reforms	Benchmarking infrastructure development: PPP regulatory landscape, assessing quality and exploring reforms	C:reforms?reformas
10300	Inversión pública en infraestructura vial y su influencia en la actividad económica de los sectores productivos en la provincia de Huamanga, 2009-2013	Inversión pública en infraestructura vial y su influencia en la actividad económica de los sectores productivos en la provincia de Huamanga, 2009-2013	C:provincia?provincial
10343	Organigrama de PRIDER, Programa Regional de Irrigación y Desarrollo Rural Integrado (MOP)	Organigrama de PRIDER, Programa Regional de Irrigación y Desarrollo Rural Integrado (MOP)	C:PRIDER?primer
10352	Proyecto de Ley N.° 00098/2026-CD. Ley que delega en el Poder Ejecutivo la facultad de legislar en materia de seguridad ciudadana, emprendedores y MYPE, empleo, desarrollo productivo y simplificación administrativa (autógrafa registrada, escaneo sin capa de texto)	Proyecto de Ley N.° 00098/2026-CD. Ley que delega en el Poder Ejecutivo la facultad de legislar en materia de seguridad ciudadana, emprendedores y MYPE, empleo, desarrollo productivo y simplificación administrativa (autógrafa registrada, escaneo sin capa de texto)	C:materia?material
10360	Perú al 2031: primer presupuesto del quinquenio. Presentación del proyecto de presupuesto 2027 (sustentación ante el Congreso, septiembre de 2026)	Perú al 2031: primer presupuesto del quinquenio. Presentación del proyecto de presupuesto 2027 (sustentación ante el Congreso, septiembre de 2026)	C:septiembre?setiembre
10419	Postwar U.S. Business Cycles: An Empirical Investigation	Postwar U.S. Business Cycles: An Empirical Investigation	C:Empirical?empirica C:Investigation?investigacion
