322	Stephanie, Schmitt-Grohe/International macroeconomics (322)	Stephanie, Schmitt-Grohe/International macroeconomics (borrador 2010) (322)
523	Stephanie, Schmitt-Grohe/International macroeconomics (523)	Stephanie, Schmitt-Grohe/International macroeconomics (borrador 2007) (523)
2196	Javier, Hualde/Principios del modelo de regresion lineal general (2196)	Javier, Hualde/Principios del modelo de regresion lineal general I (2196)
2197	Javier, Hualde/Principios del modelo de regresion lineal general (2197)	Javier, Hualde/Principios del modelo de regresion lineal general II (2197)
2198	Javier, Hualde/Contrastes de hipotesis e intervalos de confianza en regresion simple (2198)	Javier, Hualde/Contrastes de hipotesis e intervalos de confianza en regresion simple II (2198)
2199	Javier, Hualde/Contrastes de hipotesis e intervalos de confianza en regresion simple (2199)	Javier, Hualde/Contrastes de hipotesis e intervalos de confianza en regresion simple I (2199)
2200	Javier, Hualde/Principios del modelo de regresion lineal simple (2200)	Javier, Hualde/Principios del modelo de regresion lineal simple II (2200)
2201	Javier, Hualde/Principios del modelo de regresion lineal simple (2201)	Javier, Hualde/Principios del modelo de regresion lineal simple I (2201)
2275	Julian, Diaz Saavedra/Codigos del curso economia computacional (2275)	Julian, Diaz Saavedra/Codigos del curso economia computacional_ tema 5 (2275)
2276	Julian, Diaz Saavedra/Codigos del curso economia computacional (2276)	Julian, Diaz Saavedra/Codigos del curso economia computacional_ tema 6 (2276)
2281	Julian, Diaz Saavedra/El modelo neoclasico (2281)	Julian, Diaz Saavedra/El modelo neoclasico (cont. II) (2281)
2283	Julian, Diaz Saavedra/El modelo neoclasico (2283)	Julian, Diaz Saavedra/El modelo neoclasico (cont. I) (2283)
2288	Julian, Diaz Saavedra/Introduccion (2288)	Julian, Diaz Saavedra/Economia computacional_ introduccion (2288)
2684	Miguel, Casares/El medio plazo el mercado de trabajo (2684)	Miguel, Casares/El medio plazo_ el mercado de trabajo, parte 2 (2684)
2685	Miguel, Casares/El medio plazo el mercado de trabajo (2685)	Miguel, Casares/El medio plazo_ el mercado de trabajo, parte 1 (2685)
2687	Miguel, Casares/El corto plazo los mercados de bienes y financieros el modelo is lm (2687)	Miguel, Casares/El corto plazo_ los mercados de bienes y financieros, el modelo IS-LM, parte 2 (2687)
2688	Miguel, Casares/El corto plazo los mercados de bienes y financieros el modelo is lm (2688)	Miguel, Casares/El corto plazo_ los mercados de bienes y financieros, el modelo IS-LM, parte 1 (2688)
2725	Julian, Diaz Saavedra/Introduccion (2725)	Julian, Diaz Saavedra/Macroeconomia II_ introduccion (2725)
2911	Jorge, Alcalde-Unzu/Intervenciones del estado en un mercado de competencia perfecta (2911)	Jorge, Alcalde-Unzu/Intervenciones del Estado en un mercado de competencia perfecta II (2911)
2912	Jorge, Alcalde-Unzu/Intervenciones del estado en un mercado de competencia perfecta (2912)	Jorge, Alcalde-Unzu/Intervenciones del Estado en un mercado de competencia perfecta I (2912)
2913	Jorge, Alcalde-Unzu/Las decisiones de la empresa en un mercado de competencia perfecta (2913)	Jorge, Alcalde-Unzu/Las decisiones de la empresa en un mercado de competencia perfecta II (2913)
2914	Jorge, Alcalde-Unzu/Las decisiones de la empresa en un mercado de competencia perfecta (2914)	Jorge, Alcalde-Unzu/Las decisiones de la empresa en un mercado de competencia perfecta I (2914)
3103	Ministerio de Economia y Finanzas/Guia general para la identificacion, formulacion y evaluacion de proyectos de inversion (3103)	Ministerio de Economia y Finanzas/Guia general para la identificacion, formulacion y evaluacion de proyectos de inversion (2024) (3103)
3104	Ministerio de Economia y Finanzas/Guia general para la identificacion, formulacion y evaluacion de proyectos de inversion (3104)	Ministerio de Economia y Finanzas/Guia general para la identificacion, formulacion y evaluacion de proyectos de inversion (2019) (3104)
3177	Paula, Broitman/Elementos de una planificacion estrategica (3177)	Paula, Broitman/Elementos de una planificacion estrategica (parte 4) (3177)
3178	Paula, Broitman/Elementos de una planificacion estrategica (3178)	Paula, Broitman/Elementos de una planificacion estrategica (parte 3) (3178)
3179	Carlos, Diaz V_/Elementos de una planificacion estrategica (3179)	Carlos, Diaz V_/Elementos de una planificacion estrategica (parte 2) (3179)
3181	Carlos, Diaz V_/Elementos de una planificacion estrategica (3181)	Carlos, Diaz V_/Elementos de una planificacion estrategica (parte 1) (3181)
3183	Flavio, Perez Rojo/Econometria (3183)	Flavio, Perez Rojo/Econometria, clase 4_ cointegracion (3183)
3184	Flavio, Perez Rojo/Econometria (3184)	Flavio, Perez Rojo/Econometria, clase 3_ procesos estocasticos en series de tiempo II (3184)
3185	Flavio, Perez Rojo/Econometria (3185)	Flavio, Perez Rojo/Econometria, clase 2_ inferencia y pruebas de hipotesis (3185)
3186	Flavio, Perez Rojo/Econometria (3186)	Flavio, Perez Rojo/Econometria, clase 1_ introduccion (3186)
3241	Hugo, Lezama Coca/Eg i 2012 (3241)	Hugo, Lezama Coca/Economia general I_ semana 1 (3241)
3242	Hugo, Lezama Coca/Eg i 2012 (3242)	Hugo, Lezama Coca/Economia general I_ semana 14 (3242)
3244	Hugo, Lezama Coca/Eg i 2012 (3244)	Hugo, Lezama Coca/Economia general I_ semana 12 (3244)
3245	Hugo, Lezama Coca/Eg i 2012 (3245)	Hugo, Lezama Coca/Economia general I_ introduccion al funcionamiento de los mercados en economia abierta (3245)
3248	Hugo, Lezama Coca/Eg i 2012 (3248)	Hugo, Lezama Coca/Economia general I_ semana 9 (3248)
3249	Hugo, Lezama Coca/Eg i 2012 (3249)	Hugo, Lezama Coca/Economia general I_ semana 8 (3249)
3250	Hugo, Lezama Coca/Eg i 2012 (3250)	Hugo, Lezama Coca/Economia general I_ semana 7 (3250)
3251	Hugo, Lezama Coca/Eg i 2012 (3251)	Hugo, Lezama Coca/Economia general I_ semana 5 (3251)
3252	Hugo, Lezama Coca/Eg i 2012 (3252)	Hugo, Lezama Coca/Economia general I_ semana 4 (3252)
3253	Hugo, Lezama Coca/Eg i 2012 (3253)	Hugo, Lezama Coca/Economia general I_ semana 2 (3253)
3254	Hugo, Lezama Coca/Eg i 2012 (3254)	Hugo, Lezama Coca/Economia general I_ semana 3 (3254)
3379	Richard, Roca/Indice (3379)	Richard, Roca/Indice de Macroeconomia II (3379)
3393	Richard, Roca/Indice (3393)	Richard, Roca/Indice de Macroeconomia I (3393)
3554	Juan A., Huaripuma Vargas/Ecuaciones simultaneas (3554)	Juan A., Huaripuma Vargas/Ecuaciones simultaneas (2017) (3554)
3555	Juan A., Huaripuma Vargas/Ecuaciones simultaneas (3555)	Juan A., Huaripuma Vargas/Ecuaciones simultaneas (2021) (3555)
3707	Yulino, Anastacio Clemente/Economia monetaria i (3707)	Yulino, Anastacio Clemente/Economia monetaria I (2021) (3707)
3708	Yulino, Anastacio Clemente/Economia monetaria ii (3708)	Yulino, Anastacio Clemente/Economia monetaria II (2020) (3708)
3709	Yulino, Anastacio Clemente/Economia monetaria ii (3709)	Yulino, Anastacio Clemente/Economia monetaria II (2021) (3709)
3710	Yulino, Anastacio Clemente/Economia monetaria i (3710)	Yulino, Anastacio Clemente/Economia monetaria I (2020) (3710)
3714	Flavio, Perez Rojo/Teoria del consumidor (3714)	Flavio, Perez Rojo/Teoria del consumidor II (3714)
3715	Flavio, Perez Rojo/Teoria del consumidor (3715)	Flavio, Perez Rojo/Teoria del consumidor III (3715)
3717	Flavio, Perez Rojo/Teoria del productor (3717)	Flavio, Perez Rojo/Teoria del productor III (3717)
3718	Flavio, Perez Rojo/Teoria del productor (3718)	Flavio, Perez Rojo/Teoria del productor II (3718)
3719	Flavio, Perez Rojo/Teoria del productor (3719)	Flavio, Perez Rojo/Teoria del productor I (3719)
3808	Hugo, Perea/Demanda agregada_ economia cerrada (is-lm) (3808)	Hugo, Perea/Demanda agregada_ economia cerrada (IS-LM), parte 2 (3808)
3809	Hugo, Perea/Demanda agregada_ economia cerrada (is-lm) (3809)	Hugo, Perea/Demanda agregada_ economia cerrada (IS-LM), parte 1 (3809)
3813	Hugo, Perea/Crecimiento economico (3813)	Hugo, Perea/Crecimiento economico (parte 2) (3813)
3814	Hugo, Perea/Crecimiento economico (3814)	Hugo, Perea/Crecimiento economico (parte 1) (3814)
3839	Jose C., Ricci/Modelo lineal general - inferencia (3839)	Jose C., Ricci/Modelo lineal general - inferencia (2012-09-26) (3839)
3840	Jose C., Ricci/Modelo lineal general - inferencia (3840)	Jose C., Ricci/Modelo lineal general - inferencia (2012-09-20) (3840)
3942	Matias, Hisgen/Analisis de regresion multiple (3942)	Matias, Hisgen/Analisis de regresion multiple (cap. 4, inferencia) (3942)
3943	Matias, Hisgen/Analisis de regresion multiple (3943)	Matias, Hisgen/Analisis de regresion multiple (cap. 3) (3943)
3945	Matias, Hisgen/Series de tiempo (3945)	Matias, Hisgen/Series de tiempo_ correlacion serial (3945)
3947	Matias, Hisgen/Series de tiempo (3947)	Matias, Hisgen/Series de tiempo_ analisis basico (3947)
4318	Alejandra, Padilla Juarez/Introduccion a la sociologia, economia y ciencias politicas (4318)	Alejandra, Padilla Juarez/Introduccion a la sociologia, economia y ciencias politicas (parte 1) (4318)
4319	Alejandra, Padilla Juarez/Introduccion a la sociologia, economia y ciencias politicas (4319)	Alejandra, Padilla Juarez/Introduccion a la sociologia, economia y ciencias politicas (parte 2) (4319)
4320	Alejandra, Padilla Juarez/Introduccion a la sociologia, economia y ciencias politicas (4320)	Alejandra, Padilla Juarez/Introduccion a la sociologia, economia y ciencias politicas (parte 3) (4320)
4321	Alejandra, Padilla Juarez/Introduccion a la sociologia, economia y ciencias politicas (4321)	Alejandra, Padilla Juarez/Introduccion a la sociologia, economia y ciencias politicas (parte 4) (4321)
4331	Felix, Jimenez/Teoria del crecimiento dirigido por la demanda (4331)	Felix, Jimenez/Teoria del crecimiento dirigido por la demanda (notas de clase 14) (4331)
4344	Felix, Jimenez/Teoria del crecimiento dirigido por la demanda (4344)	Felix, Jimenez/Teoria del crecimiento dirigido por la demanda (notas de clase 15) (4344)
4526	Jose, Mendoza Sanchez/Regresiones (4526)	Jose, Mendoza Sanchez/Regresiones (parte 1) (4526)
4527	Jose, Mendoza Sanchez/Regresiones (4527)	Jose, Mendoza Sanchez/Regresiones (parte 2) (4527)
4529	Jose, Mendoza Sanchez/Series de tiempo (4529)	Jose, Mendoza Sanchez/Series de tiempo (parte 1) (4529)
4530	Jose, Mendoza Sanchez/Series de tiempo (4530)	Jose, Mendoza Sanchez/Series de tiempo (parte 3) (4530)
4531	Jose, Mendoza Sanchez/Series de tiempo (4531)	Jose, Mendoza Sanchez/Series de tiempo (parte 2) (4531)
8664	Graciela, Montero Gotusso/Balanza de pagos (8664)	Graciela, Montero Gotusso/Balanza de pagos (2007) (8664)
8678	CECEA/Indicadores del mercado de trabajo (8678)	CECEA/Indicadores del mercado de trabajo (2005) (8678)
8723	Jose Carlos, Navarro Levano/Gerencia social en el Peru (8723)	Jose Carlos, Navarro Levano/Gerencia social en el Peru_ sesion 5 (2012-II) (8723)
8725	Jose Carlos, Navarro Levano/Gerencia social en el Peru (8725)	Jose Carlos, Navarro Levano/Gerencia social en el Peru_ sesion 1 (2012-II) (8725)
8726	Jose Carlos, Navarro Levano/Gerencia social en el Peru (8726)	Jose Carlos, Navarro Levano/Gerencia social en el Peru_ sesion 2 (2012-II) (8726)
8727	Jose Carlos, Navarro Levano/Gerencia social en el Peru (8727)	Jose Carlos, Navarro Levano/Gerencia social en el Peru_ sesion 3 (2012-II) (8727)
8728	Jose Carlos, Navarro Levano/Gerencia social en el Peru (8728)	Jose Carlos, Navarro Levano/Gerencia social en el Peru_ sesion 4 (2012-II) (8728)
8729	Jose Carlos, Navarro Levano/Gerencia social en el Peru (8729)	Jose Carlos, Navarro Levano/Gerencia social en el Peru_ sesion 7 (2011-II) (8729)
8730	Jose Carlos, Navarro Levano/Gerencia social en el Peru (8730)	Jose Carlos, Navarro Levano/Gerencia social en el Peru_ sesion 8 (2012-II) (8730)
8731	Jose Carlos, Navarro Levano/Gerencia social en el Peru (8731)	Jose Carlos, Navarro Levano/Gerencia social en el Peru_ sesion 9 (2012-II) (8731)
8732	Jose Carlos, Navarro Levano/Gerencia social en el Peru (8732)	Jose Carlos, Navarro Levano/Gerencia social en el Peru_ sesion 10 (2012-II) (8732)
8733	Jose Carlos, Navarro Levano/Gerencia social en el Peru (8733)	Jose Carlos, Navarro Levano/Gerencia social en el Peru_ sesion 11 (2012-II) (8733)
8734	Jose Carlos, Navarro Levano/Gerencia social en el Peru (8734)	Jose Carlos, Navarro Levano/Gerencia social en el Peru_ sesion 13 (2012-II) (8734)
8735	Jose Carlos, Navarro Levano/Gerencia social en el Peru (8735)	Jose Carlos, Navarro Levano/Gerencia social en el Peru_ sesion 14 (2011-II) (8735)
8736	Jose Carlos, Navarro Levano/Gerencia social en el Peru (8736)	Jose Carlos, Navarro Levano/Gerencia social en el Peru_ sesion 15 (2011-II) (8736)
8737	Jose Carlos, Navarro Levano/Gerencia social en el Peru (8737)	Jose Carlos, Navarro Levano/Gerencia social en el Peru_ sesion 16 (2011-II) (8737)
8776	Manuel, Flores/Laboratorios de pruebas (8776)	Manuel, Flores/Laboratorios de pruebas (CyberSOC) (8776)
8777	Manuel, Flores/Bitacora del curso (8777)	Manuel, Flores/Bitacora del curso (CyberSOC) (8777)
8780	Manuel, Flores/Laboratorios de pruebas (8780)	Manuel, Flores/Laboratorios de pruebas (Ethical Hacking) (8780)
8782	Manuel, Flores/Bitacora del curso (8782)	Manuel, Flores/Bitacora del curso (Ethical Hacking) (8782)
8836	Guadalupe, Taipe Molina/El rol del estado (8836)	Guadalupe, Taipe Molina/El rol del Estado (semana 3) (8836)
8837	Guadalupe, Taipe Molina/El rol del estado (8837)	Guadalupe, Taipe Molina/El rol del Estado (semana 2) (8837)
8838	Guadalupe, Taipe Molina/El rol del estado (8838)	Guadalupe, Taipe Molina/El rol del Estado (semana 1) (8838)
9057	Ruly, Valenzuela/Investigacion operativa (9057)	Ruly, Valenzuela/Investigacion operativa (2023) (9057)
9058	Ruly, Valenzuela/Investigacion operativa (9058)	Ruly, Valenzuela/Investigacion operativa (2021) (9058)
9109	Doris, Alvarado/Temario (9109)	Doris, Alvarado/Temario_ gestion de tesoreria con SIAF-RP (9109)
9110	Doris, Alvarado/Temario (9110)	Doris, Alvarado/Temario_ introduccion al SIAF y reportes del modulo de proceso presupuestario (9110)
9222	Richard, Atao Quispe/Integracion economica (9222)	Richard, Atao Quispe/Integracion economica (semana 2, 2020) (9222)
9612	Walter, Enders/Stationary time-series models (9612)	Walter, Enders/Modeling volatility (9612)
