carpeta	322		Stephanie, Schmitt-Grohe/International macroeconomics (322)
carpeta	523		Stephanie, Schmitt-Grohe/International macroeconomics (523)
carpeta	2196		Javier, Hualde/Principios del modelo de regresion lineal general (2196)
carpeta	2197		Javier, Hualde/Principios del modelo de regresion lineal general (2197)
carpeta	2198		Javier, Hualde/Contrastes de hipotesis e intervalos de confianza en regresion simple (2198)
carpeta	2199		Javier, Hualde/Contrastes de hipotesis e intervalos de confianza en regresion simple (2199)
carpeta	2200		Javier, Hualde/Principios del modelo de regresion lineal simple (2200)
carpeta	2201		Javier, Hualde/Principios del modelo de regresion lineal simple (2201)
carpeta	2275		Julian, Diaz Saavedra/Codigos del curso economia computacional (2275)
carpeta	2276		Julian, Diaz Saavedra/Codigos del curso economia computacional (2276)
carpeta	2281		Julian, Diaz Saavedra/El modelo neoclasico (2281)
carpeta	2283		Julian, Diaz Saavedra/El modelo neoclasico (2283)
carpeta	2288		Julian, Diaz Saavedra/Introduccion (2288)
carpeta	2684		Miguel, Casares/El medio plazo el mercado de trabajo (2684)
carpeta	2685		Miguel, Casares/El medio plazo el mercado de trabajo (2685)
carpeta	2687		Miguel, Casares/El corto plazo los mercados de bienes y financieros el modelo is lm (2687)
carpeta	2688		Miguel, Casares/El corto plazo los mercados de bienes y financieros el modelo is lm (2688)
carpeta	2725		Julian, Diaz Saavedra/Introduccion (2725)
carpeta	2911		Jorge, Alcalde-Unzu/Intervenciones del estado en un mercado de competencia perfecta (2911)
carpeta	2912		Jorge, Alcalde-Unzu/Intervenciones del estado en un mercado de competencia perfecta (2912)
carpeta	2913		Jorge, Alcalde-Unzu/Las decisiones de la empresa en un mercado de competencia perfecta (2913)
carpeta	2914		Jorge, Alcalde-Unzu/Las decisiones de la empresa en un mercado de competencia perfecta (2914)
carpeta	3103		Ministerio de Economia y Finanzas/Guia general para la identificacion, formulacion y evaluacion de proyectos de inversion (3103)
carpeta	3104		Ministerio de Economia y Finanzas/Guia general para la identificacion, formulacion y evaluacion de proyectos de inversion (3104)
carpeta	3177		Paula, Broitman/Elementos de una planificacion estrategica (3177)
carpeta	3178		Paula, Broitman/Elementos de una planificacion estrategica (3178)
carpeta	3179		Carlos, Diaz V_/Elementos de una planificacion estrategica (3179)
carpeta	3181		Carlos, Diaz V_/Elementos de una planificacion estrategica (3181)
carpeta	3183		Flavio, Perez Rojo/Econometria (3183)
carpeta	3184		Flavio, Perez Rojo/Econometria (3184)
carpeta	3185		Flavio, Perez Rojo/Econometria (3185)
carpeta	3186		Flavio, Perez Rojo/Econometria (3186)
carpeta	3241		Hugo, Lezama Coca/Eg i 2012 (3241)
carpeta	3242		Hugo, Lezama Coca/Eg i 2012 (3242)
carpeta	3244		Hugo, Lezama Coca/Eg i 2012 (3244)
carpeta	3245		Hugo, Lezama Coca/Eg i 2012 (3245)
carpeta	3248		Hugo, Lezama Coca/Eg i 2012 (3248)
carpeta	3249		Hugo, Lezama Coca/Eg i 2012 (3249)
carpeta	3250		Hugo, Lezama Coca/Eg i 2012 (3250)
carpeta	3251		Hugo, Lezama Coca/Eg i 2012 (3251)
carpeta	3252		Hugo, Lezama Coca/Eg i 2012 (3252)
carpeta	3253		Hugo, Lezama Coca/Eg i 2012 (3253)
carpeta	3254		Hugo, Lezama Coca/Eg i 2012 (3254)
carpeta	3379		Richard, Roca/Indice (3379)
carpeta	3393		Richard, Roca/Indice (3393)
carpeta	3554		Juan A., Huaripuma Vargas/Ecuaciones simultaneas (3554)
carpeta	3555		Juan A., Huaripuma Vargas/Ecuaciones simultaneas (3555)
carpeta	3707		Yulino, Anastacio Clemente/Economia monetaria i (3707)
carpeta	3708		Yulino, Anastacio Clemente/Economia monetaria ii (3708)
carpeta	3709		Yulino, Anastacio Clemente/Economia monetaria ii (3709)
carpeta	3710		Yulino, Anastacio Clemente/Economia monetaria i (3710)
carpeta	3714		Flavio, Perez Rojo/Teoria del consumidor (3714)
carpeta	3715		Flavio, Perez Rojo/Teoria del consumidor (3715)
carpeta	3717		Flavio, Perez Rojo/Teoria del productor (3717)
carpeta	3718		Flavio, Perez Rojo/Teoria del productor (3718)
carpeta	3719		Flavio, Perez Rojo/Teoria del productor (3719)
carpeta	3808		Hugo, Perea/Demanda agregada_ economia cerrada (is-lm) (3808)
carpeta	3809		Hugo, Perea/Demanda agregada_ economia cerrada (is-lm) (3809)
carpeta	3813		Hugo, Perea/Crecimiento economico (3813)
carpeta	3814		Hugo, Perea/Crecimiento economico (3814)
carpeta	3839		Jose C., Ricci/Modelo lineal general - inferencia (3839)
carpeta	3840		Jose C., Ricci/Modelo lineal general - inferencia (3840)
carpeta	3942		Matias, Hisgen/Analisis de regresion multiple (3942)
carpeta	3943		Matias, Hisgen/Analisis de regresion multiple (3943)
carpeta	3945		Matias, Hisgen/Series de tiempo (3945)
carpeta	3947		Matias, Hisgen/Series de tiempo (3947)
carpeta	4318		Alejandra, Padilla Juarez/Introduccion a la sociologia, economia y ciencias politicas (4318)
carpeta	4319		Alejandra, Padilla Juarez/Introduccion a la sociologia, economia y ciencias politicas (4319)
carpeta	4320		Alejandra, Padilla Juarez/Introduccion a la sociologia, economia y ciencias politicas (4320)
carpeta	4321		Alejandra, Padilla Juarez/Introduccion a la sociologia, economia y ciencias politicas (4321)
carpeta	4331		Felix, Jimenez/Teoria del crecimiento dirigido por la demanda (4331)
carpeta	4344		Felix, Jimenez/Teoria del crecimiento dirigido por la demanda (4344)
carpeta	4526		Jose, Mendoza Sanchez/Regresiones (4526)
carpeta	4527		Jose, Mendoza Sanchez/Regresiones (4527)
carpeta	4529		Jose, Mendoza Sanchez/Series de tiempo (4529)
carpeta	4530		Jose, Mendoza Sanchez/Series de tiempo (4530)
carpeta	4531		Jose, Mendoza Sanchez/Series de tiempo (4531)
carpeta	8664		Graciela, Montero Gotusso/Balanza de pagos (8664)
carpeta	8678		CECEA/Indicadores del mercado de trabajo (8678)
carpeta	8723		Jose Carlos, Navarro Levano/Gerencia social en el Peru (8723)
carpeta	8725		Jose Carlos, Navarro Levano/Gerencia social en el Peru (8725)
carpeta	8726		Jose Carlos, Navarro Levano/Gerencia social en el Peru (8726)
carpeta	8727		Jose Carlos, Navarro Levano/Gerencia social en el Peru (8727)
carpeta	8728		Jose Carlos, Navarro Levano/Gerencia social en el Peru (8728)
carpeta	8729		Jose Carlos, Navarro Levano/Gerencia social en el Peru (8729)
carpeta	8730		Jose Carlos, Navarro Levano/Gerencia social en el Peru (8730)
carpeta	8731		Jose Carlos, Navarro Levano/Gerencia social en el Peru (8731)
carpeta	8732		Jose Carlos, Navarro Levano/Gerencia social en el Peru (8732)
carpeta	8733		Jose Carlos, Navarro Levano/Gerencia social en el Peru (8733)
carpeta	8734		Jose Carlos, Navarro Levano/Gerencia social en el Peru (8734)
carpeta	8735		Jose Carlos, Navarro Levano/Gerencia social en el Peru (8735)
carpeta	8736		Jose Carlos, Navarro Levano/Gerencia social en el Peru (8736)
carpeta	8737		Jose Carlos, Navarro Levano/Gerencia social en el Peru (8737)
carpeta	8776		Manuel, Flores/Laboratorios de pruebas (8776)
carpeta	8777		Manuel, Flores/Bitacora del curso (8777)
carpeta	8780		Manuel, Flores/Laboratorios de pruebas (8780)
carpeta	8782		Manuel, Flores/Bitacora del curso (8782)
carpeta	8836		Guadalupe, Taipe Molina/El rol del estado (8836)
carpeta	8837		Guadalupe, Taipe Molina/El rol del estado (8837)
carpeta	8838		Guadalupe, Taipe Molina/El rol del estado (8838)
carpeta	9057		Ruly, Valenzuela/Investigacion operativa (9057)
carpeta	9058		Ruly, Valenzuela/Investigacion operativa (9058)
carpeta	9109		Doris, Alvarado/Temario (9109)
carpeta	9110		Doris, Alvarado/Temario (9110)
carpeta	9222		Richard, Atao Quispe/Integracion economica (9222)
carpeta	9612		Walter, Enders/Stationary time-series models (9612)
formato	322	PDF	Stephanie, Schmitt-Grohe/International macroeconomics (322)/International macroeconomics - Stephanie, Schmitt-Grohe.pdf
formato	523	PDF	Stephanie, Schmitt-Grohe/International macroeconomics (523)/International macroeconomics - Stephanie, Schmitt-Grohe.pdf
formato	2196	PDF	Javier, Hualde/Principios del modelo de regresion lineal general (2196)/Principios del modelo de regresion lineal - Javier, Hualde.pdf
formato	2197	PDF	Javier, Hualde/Principios del modelo de regresion lineal general (2197)/Principios del modelo de regresion lineal - Javier, Hualde.pdf
formato	2198	PDF	Javier, Hualde/Contrastes de hipotesis e intervalos de confianza en regresion simple (2198)/Contrastes de hipotesis e intervalos de co - Javier, Hualde.pdf
formato	2199	PDF	Javier, Hualde/Contrastes de hipotesis e intervalos de confianza en regresion simple (2199)/Contrastes de hipotesis e intervalos de co - Javier, Hualde.pdf
formato	2200	PDF	Javier, Hualde/Principios del modelo de regresion lineal simple (2200)/Principios del modelo de regresion lineal - Javier, Hualde.pdf
formato	2201	PDF	Javier, Hualde/Principios del modelo de regresion lineal simple (2201)/Principios del modelo de regresion lineal - Javier, Hualde.pdf
formato	2275	PDF	Julian, Diaz Saavedra/Codigos del curso economia computacional (2275)/Codigos del curso economia computacional - Julian, Diaz Saavedra.pdf
formato	2276	PDF	Julian, Diaz Saavedra/Codigos del curso economia computacional (2276)/Codigos del curso economia computacional - Julian, Diaz Saavedra.pdf
formato	2281	PDF	Julian, Diaz Saavedra/El modelo neoclasico (2281)/El modelo neoclasico - Julian, Diaz Saavedra.pdf
formato	2283	PDF	Julian, Diaz Saavedra/El modelo neoclasico (2283)/El modelo neoclasico - Julian, Diaz Saavedra.pdf
formato	2288	PDF	Julian, Diaz Saavedra/Introduccion (2288)/Introduccion - Julian, Diaz Saavedra.pdf
formato	2684	PDF	Miguel, Casares/El medio plazo el mercado de trabajo (2684)/El medio plazo el mercado de trabajo - Miguel, Casares.pdf
formato	2685	PDF	Miguel, Casares/El medio plazo el mercado de trabajo (2685)/El medio plazo el mercado de trabajo - Miguel, Casares.pdf
formato	2687	PDF	Miguel, Casares/El corto plazo los mercados de bienes y financieros el modelo is lm (2687)/El corto plazo los mercados de bienes y fi - Miguel, Casares.pdf
formato	2688	PDF	Miguel, Casares/El corto plazo los mercados de bienes y financieros el modelo is lm (2688)/El corto plazo los mercados de bienes y fi - Miguel, Casares.pdf
formato	2725	PDF	Julian, Diaz Saavedra/Introduccion (2725)/Introduccion - Julian, Diaz Saavedra.pdf
formato	2911	PDF	Jorge, Alcalde-Unzu/Intervenciones del estado en un mercado de competencia perfecta (2911)/Intervenciones del estado en un mercado de - Jorge, Alcalde-Unzu.pdf
formato	2912	PDF	Jorge, Alcalde-Unzu/Intervenciones del estado en un mercado de competencia perfecta (2912)/Intervenciones del estado en un mercado de - Jorge, Alcalde-Unzu.pdf
formato	2913	PDF	Jorge, Alcalde-Unzu/Las decisiones de la empresa en un mercado de competencia perfecta (2913)/Las decisiones de la empresa en un mercado - Jorge, Alcalde-Unzu.pdf
formato	2914	PDF	Jorge, Alcalde-Unzu/Las decisiones de la empresa en un mercado de competencia perfecta (2914)/Las decisiones de la empresa en un mercado - Jorge, Alcalde-Unzu.pdf
formato	3103	PDF	Ministerio de Economia y Finanzas/Guia general para la identificacion, formulacion y evaluacion de proyectos de inversion (3103)/Guia general para la identificacion, formu - Ministerio de Economia y Finanzas.pdf
formato	3104	PDF	Ministerio de Economia y Finanzas/Guia general para la identificacion, formulacion y evaluacion de proyectos de inversion (3104)/Guia general para la identificacion, formu - Ministerio de Economia y Finanzas.pdf
formato	3177	PDF	Paula, Broitman/Elementos de una planificacion estrategica (3177)/Elementos de una planificacion estrategica - Paula, Broitman.pdf
formato	3178	PDF	Paula, Broitman/Elementos de una planificacion estrategica (3178)/Elementos de una planificacion estrategica - Paula, Broitman.pdf
formato	3179	PDF	Carlos, Diaz V_/Elementos de una planificacion estrategica (3179)/Elementos de una planificacion estrategica - Carlos, Diaz V_.pdf
formato	3181	PDF	Carlos, Diaz V_/Elementos de una planificacion estrategica (3181)/Elementos de una planificacion estrategica - Carlos, Diaz V_.pdf
formato	3183	PDF	Flavio, Perez Rojo/Econometria (3183)/Econometria - Flavio, Perez Rojo.pdf
formato	3184	PDF	Flavio, Perez Rojo/Econometria (3184)/Econometria - Flavio, Perez Rojo.pdf
formato	3185	PDF	Flavio, Perez Rojo/Econometria (3185)/Econometria - Flavio, Perez Rojo.pdf
formato	3186	PDF	Flavio, Perez Rojo/Econometria (3186)/Econometria - Flavio, Perez Rojo.pdf
formato	3241	PDF	Hugo, Lezama Coca/Eg i 2012 (3241)/Eg i 2012 - Hugo, Lezama Coca.pdf
formato	3242	PDF	Hugo, Lezama Coca/Eg i 2012 (3242)/Eg i 2012 - Hugo, Lezama Coca.pdf
formato	3244	PDF	Hugo, Lezama Coca/Eg i 2012 (3244)/Eg i 2012 - Hugo, Lezama Coca.pdf
formato	3245	PDF	Hugo, Lezama Coca/Eg i 2012 (3245)/Eg i 2012 - Hugo, Lezama Coca.pdf
formato	3248	PDF	Hugo, Lezama Coca/Eg i 2012 (3248)/Eg i 2012 - Hugo, Lezama Coca.pdf
formato	3249	PDF	Hugo, Lezama Coca/Eg i 2012 (3249)/Eg i 2012 - Hugo, Lezama Coca.pdf
formato	3250	PDF	Hugo, Lezama Coca/Eg i 2012 (3250)/Eg i 2012 - Hugo, Lezama Coca.pdf
formato	3251	PDF	Hugo, Lezama Coca/Eg i 2012 (3251)/Eg i 2012 - Hugo, Lezama Coca.pdf
formato	3252	PDF	Hugo, Lezama Coca/Eg i 2012 (3252)/Eg i 2012 - Hugo, Lezama Coca.pdf
formato	3253	PDF	Hugo, Lezama Coca/Eg i 2012 (3253)/Eg i 2012 - Hugo, Lezama Coca.pdf
formato	3254	PDF	Hugo, Lezama Coca/Eg i 2012 (3254)/Eg i 2012 - Hugo, Lezama Coca.pdf
formato	3379	PDF	Richard, Roca/Indice (3379)/Indice - Richard, Roca.pdf
formato	3393	PDF	Richard, Roca/Indice (3393)/Indice - Richard, Roca.pdf
formato	3554	PDF	Juan A., Huaripuma Vargas/Ecuaciones simultaneas (3554)/Ecuaciones simultaneas - Juan A., Huaripuma Vargas.pdf
formato	3555	PDF	Juan A., Huaripuma Vargas/Ecuaciones simultaneas (3555)/Ecuaciones simultaneas - Juan A., Huaripuma Vargas.pdf
formato	3707	PDF	Yulino, Anastacio Clemente/Economia monetaria i (3707)/Economia monetaria i - Yulino, Anastacio Clemente.pdf
formato	3708	PDF	Yulino, Anastacio Clemente/Economia monetaria ii (3708)/Economia monetaria ii - Yulino, Anastacio Clemente.pdf
formato	3709	PDF	Yulino, Anastacio Clemente/Economia monetaria ii (3709)/Economia monetaria ii - Yulino, Anastacio Clemente.pdf
formato	3710	PDF	Yulino, Anastacio Clemente/Economia monetaria i (3710)/Economia monetaria i - Yulino, Anastacio Clemente.pdf
formato	3714	PDF	Flavio, Perez Rojo/Teoria del consumidor (3714)/Teoria del consumidor - Flavio, Perez Rojo.pdf
formato	3715	PDF	Flavio, Perez Rojo/Teoria del consumidor (3715)/Teoria del consumidor - Flavio, Perez Rojo.pdf
formato	3717	PDF	Flavio, Perez Rojo/Teoria del productor (3717)/Teoria del productor - Flavio, Perez Rojo.pdf
formato	3718	PDF	Flavio, Perez Rojo/Teoria del productor (3718)/Teoria del productor - Flavio, Perez Rojo.pdf
formato	3719	PDF	Flavio, Perez Rojo/Teoria del productor (3719)/Teoria del productor - Flavio, Perez Rojo.pdf
formato	3808	PDF	Hugo, Perea/Demanda agregada_ economia cerrada (is-lm) (3808)/Demanda agregada_ economia cerrada (is-lm) - Hugo, Perea.pdf
formato	3809	PDF	Hugo, Perea/Demanda agregada_ economia cerrada (is-lm) (3809)/Demanda agregada_ economia cerrada (is-lm) - Hugo, Perea.pdf
formato	3813	PDF	Hugo, Perea/Crecimiento economico (3813)/Crecimiento economico - Hugo, Perea.pdf
formato	3814	PDF	Hugo, Perea/Crecimiento economico (3814)/Crecimiento economico - Hugo, Perea.pdf
formato	3839	PDF	Jose C., Ricci/Modelo lineal general - inferencia (3839)/Modelo lineal general - inferencia - Jose C., Ricci.pdf
formato	3840	PDF	Jose C., Ricci/Modelo lineal general - inferencia (3840)/Modelo lineal general - inferencia - Jose C., Ricci.pdf
formato	3942	PDF	Matias, Hisgen/Analisis de regresion multiple (3942)/Analisis de regresion multiple - Matias, Hisgen.pdf
formato	3943	PDF	Matias, Hisgen/Analisis de regresion multiple (3943)/Analisis de regresion multiple - Matias, Hisgen.pdf
formato	3945	PDF	Matias, Hisgen/Series de tiempo (3945)/Series de tiempo - Matias, Hisgen.pdf
formato	3947	PDF	Matias, Hisgen/Series de tiempo (3947)/Series de tiempo - Matias, Hisgen.pdf
formato	4318	PDF	Alejandra, Padilla Juarez/Introduccion a la sociologia, economia y ciencias politicas (4318)/Introduccion a la sociologia, economia y c - Alejandra, Padilla Juarez.pdf
formato	4319	PDF	Alejandra, Padilla Juarez/Introduccion a la sociologia, economia y ciencias politicas (4319)/Introduccion a la sociologia, economia y c - Alejandra, Padilla Juarez.pdf
formato	4320	PDF	Alejandra, Padilla Juarez/Introduccion a la sociologia, economia y ciencias politicas (4320)/Introduccion a la sociologia, economia y c - Alejandra, Padilla Juarez.pdf
formato	4321	PDF	Alejandra, Padilla Juarez/Introduccion a la sociologia, economia y ciencias politicas (4321)/Introduccion a la sociologia, economia y c - Alejandra, Padilla Juarez.pdf
formato	4331	PDF	Felix, Jimenez/Teoria del crecimiento dirigido por la demanda (4331)/Teoria del crecimiento dirigido por la dem - Felix, Jimenez.pdf
formato	4344	PDF	Felix, Jimenez/Teoria del crecimiento dirigido por la demanda (4344)/Teoria del crecimiento dirigido por la dem - Felix, Jimenez.pdf
formato	4526	PDF	Jose, Mendoza Sanchez/Regresiones (4526)/Regresiones - Jose, Mendoza Sanchez.pdf
formato	4527	PDF	Jose, Mendoza Sanchez/Regresiones (4527)/Regresiones - Jose, Mendoza Sanchez.pdf
formato	4529	PDF	Jose, Mendoza Sanchez/Series de tiempo (4529)/Series de tiempo - Jose, Mendoza Sanchez.pdf
formato	4530	PDF	Jose, Mendoza Sanchez/Series de tiempo (4530)/Series de tiempo - Jose, Mendoza Sanchez.pdf
formato	4531	PDF	Jose, Mendoza Sanchez/Series de tiempo (4531)/Series de tiempo - Jose, Mendoza Sanchez.pdf
formato	8664	PDF	Graciela, Montero Gotusso/Balanza de pagos (8664)/Balanza de pagos - Graciela, Montero Gotusso.pdf
formato	8678	PDF	CECEA/Indicadores del mercado de trabajo (8678)/Indicadores del mercado de trabajo - CECEA.pdf
formato	8723	PDF	Jose Carlos, Navarro Levano/Gerencia social en el Peru (8723)/Gerencia social en el Peru - Jose Carlos, Navarro Levano.pdf
formato	8725	PDF	Jose Carlos, Navarro Levano/Gerencia social en el Peru (8725)/Gerencia social en el Peru - Jose Carlos, Navarro Levano.pdf
formato	8726	PDF	Jose Carlos, Navarro Levano/Gerencia social en el Peru (8726)/Gerencia social en el Peru - Jose Carlos, Navarro Levano.pdf
formato	8727	PDF	Jose Carlos, Navarro Levano/Gerencia social en el Peru (8727)/Gerencia social en el Peru - Jose Carlos, Navarro Levano.pdf
formato	8728	PDF	Jose Carlos, Navarro Levano/Gerencia social en el Peru (8728)/Gerencia social en el Peru - Jose Carlos, Navarro Levano.pdf
formato	8729	PDF	Jose Carlos, Navarro Levano/Gerencia social en el Peru (8729)/Gerencia social en el Peru - Jose Carlos, Navarro Levano.pdf
formato	8730	PDF	Jose Carlos, Navarro Levano/Gerencia social en el Peru (8730)/Gerencia social en el Peru - Jose Carlos, Navarro Levano.pdf
formato	8731	PDF	Jose Carlos, Navarro Levano/Gerencia social en el Peru (8731)/Gerencia social en el Peru - Jose Carlos, Navarro Levano.pdf
formato	8732	PDF	Jose Carlos, Navarro Levano/Gerencia social en el Peru (8732)/Gerencia social en el Peru - Jose Carlos, Navarro Levano.pdf
formato	8733	PDF	Jose Carlos, Navarro Levano/Gerencia social en el Peru (8733)/Gerencia social en el Peru - Jose Carlos, Navarro Levano.pdf
formato	8734	PDF	Jose Carlos, Navarro Levano/Gerencia social en el Peru (8734)/Gerencia social en el Peru - Jose Carlos, Navarro Levano.pdf
formato	8735	PDF	Jose Carlos, Navarro Levano/Gerencia social en el Peru (8735)/Gerencia social en el Peru - Jose Carlos, Navarro Levano.pdf
formato	8736	PDF	Jose Carlos, Navarro Levano/Gerencia social en el Peru (8736)/Gerencia social en el Peru - Jose Carlos, Navarro Levano.pdf
formato	8737	PDF	Jose Carlos, Navarro Levano/Gerencia social en el Peru (8737)/Gerencia social en el Peru - Jose Carlos, Navarro Levano.pdf
formato	8776	PDF	Manuel, Flores/Laboratorios de pruebas (8776)/Laboratorios de pruebas - Manuel, Flores.pdf
formato	8777	PDF	Manuel, Flores/Bitacora del curso (8777)/Bitacora del curso - Manuel, Flores.pdf
formato	8780	PDF	Manuel, Flores/Laboratorios de pruebas (8780)/Laboratorios de pruebas - Manuel, Flores.pdf
formato	8782	PDF	Manuel, Flores/Bitacora del curso (8782)/Bitacora del curso - Manuel, Flores.pdf
formato	8836	PDF	Guadalupe, Taipe Molina/El rol del estado (8836)/El rol del estado - Guadalupe, Taipe Molina.pdf
formato	8837	PDF	Guadalupe, Taipe Molina/El rol del estado (8837)/El rol del estado - Guadalupe, Taipe Molina.pdf
formato	8838	PDF	Guadalupe, Taipe Molina/El rol del estado (8838)/El rol del estado - Guadalupe, Taipe Molina.pdf
formato	9057	PDF	Ruly, Valenzuela/Investigacion operativa (9057)/Investigacion operativa - Ruly, Valenzuela.pdf
formato	9058	PDF	Ruly, Valenzuela/Investigacion operativa (9058)/Investigacion operativa - Ruly, Valenzuela.pdf
formato	9109	PDF	Doris, Alvarado/Temario (9109)/Temario - Doris, Alvarado.pdf
formato	9110	PDF	Doris, Alvarado/Temario (9110)/Temario - Doris, Alvarado.pdf
formato	9222	PDF	Richard, Atao Quispe/Integracion economica (9222)/Integracion economica - Richard, Atao Quispe.pdf
formato	9612	PDF	Walter, Enders/Stationary time-series models (9612)/Stationary time-series models - Walter, Enders.pdf
