322	Stephanie, Schmitt-Grohe/International macroeconomics (322)/International macroeconomics - Stephanie, Schmitt-Grohe.pdf	Stephanie, Schmitt-Grohe/International macroeconomics (borrador 2010) (322)/International macroeconomics (borrador 201 - Stephanie, Schmitt-Grohe.pdf
523	Stephanie, Schmitt-Grohe/International macroeconomics (523)/International macroeconomics - Stephanie, Schmitt-Grohe.pdf	Stephanie, Schmitt-Grohe/International macroeconomics (borrador 2007) (523)/International macroeconomics (borrador 200 - Stephanie, Schmitt-Grohe.pdf
2196	Javier, Hualde/Principios del modelo de regresion lineal general (2196)/Principios del modelo de regresion lineal - Javier, Hualde.pdf	Javier, Hualde/Principios del modelo de regresion lineal general I (2196)/Principios del modelo de regresion lineal - Javier, Hualde.pdf
2197	Javier, Hualde/Principios del modelo de regresion lineal general (2197)/Principios del modelo de regresion lineal - Javier, Hualde.pdf	Javier, Hualde/Principios del modelo de regresion lineal general II (2197)/Principios del modelo de regresion lineal - Javier, Hualde.pdf
2198	Javier, Hualde/Contrastes de hipotesis e intervalos de confianza en regresion simple (2198)/Contrastes de hipotesis e intervalos de co - Javier, Hualde.pdf	Javier, Hualde/Contrastes de hipotesis e intervalos de confianza en regresion simple II (2198)/Contrastes de hipotesis e intervalos de co - Javier, Hualde.pdf
2199	Javier, Hualde/Contrastes de hipotesis e intervalos de confianza en regresion simple (2199)/Contrastes de hipotesis e intervalos de co - Javier, Hualde.pdf	Javier, Hualde/Contrastes de hipotesis e intervalos de confianza en regresion simple I (2199)/Contrastes de hipotesis e intervalos de co - Javier, Hualde.pdf
2200	Javier, Hualde/Principios del modelo de regresion lineal simple (2200)/Principios del modelo de regresion lineal - Javier, Hualde.pdf	Javier, Hualde/Principios del modelo de regresion lineal simple II (2200)/Principios del modelo de regresion lineal - Javier, Hualde.pdf
2201	Javier, Hualde/Principios del modelo de regresion lineal simple (2201)/Principios del modelo de regresion lineal - Javier, Hualde.pdf	Javier, Hualde/Principios del modelo de regresion lineal simple I (2201)/Principios del modelo de regresion lineal - Javier, Hualde.pdf
2275	Julian, Diaz Saavedra/Codigos del curso economia computacional (2275)/Codigos del curso economia computacional - Julian, Diaz Saavedra.pdf	Julian, Diaz Saavedra/Codigos del curso economia computacional_ tema 5 (2275)/Codigos del curso economia computacional_ - Julian, Diaz Saavedra.pdf
2276	Julian, Diaz Saavedra/Codigos del curso economia computacional (2276)/Codigos del curso economia computacional - Julian, Diaz Saavedra.pdf	Julian, Diaz Saavedra/Codigos del curso economia computacional_ tema 6 (2276)/Codigos del curso economia computacional_ - Julian, Diaz Saavedra.pdf
2281	Julian, Diaz Saavedra/El modelo neoclasico (2281)/El modelo neoclasico - Julian, Diaz Saavedra.pdf	Julian, Diaz Saavedra/El modelo neoclasico (cont. II) (2281)/El modelo neoclasico (cont. II) - Julian, Diaz Saavedra.pdf
2283	Julian, Diaz Saavedra/El modelo neoclasico (2283)/El modelo neoclasico - Julian, Diaz Saavedra.pdf	Julian, Diaz Saavedra/El modelo neoclasico (cont. I) (2283)/El modelo neoclasico (cont. I) - Julian, Diaz Saavedra.pdf
2288	Julian, Diaz Saavedra/Introduccion (2288)/Introduccion - Julian, Diaz Saavedra.pdf	Julian, Diaz Saavedra/Economia computacional_ introduccion (2288)/Economia computacional_ introduccion - Julian, Diaz Saavedra.pdf
2684	Miguel, Casares/El medio plazo el mercado de trabajo (2684)/El medio plazo el mercado de trabajo - Miguel, Casares.pdf	Miguel, Casares/El medio plazo_ el mercado de trabajo, parte 2 (2684)/El medio plazo_ el mercado de trabajo, par - Miguel, Casares.pdf
2685	Miguel, Casares/El medio plazo el mercado de trabajo (2685)/El medio plazo el mercado de trabajo - Miguel, Casares.pdf	Miguel, Casares/El medio plazo_ el mercado de trabajo, parte 1 (2685)/El medio plazo_ el mercado de trabajo, par - Miguel, Casares.pdf
2687	Miguel, Casares/El corto plazo los mercados de bienes y financieros el modelo is lm (2687)/El corto plazo los mercados de bienes y fi - Miguel, Casares.pdf	Miguel, Casares/El corto plazo_ los mercados de bienes y financieros, el modelo IS-LM, parte 2 (2687)/El corto plazo_ los mercados de bienes y f - Miguel, Casares.pdf
2688	Miguel, Casares/El corto plazo los mercados de bienes y financieros el modelo is lm (2688)/El corto plazo los mercados de bienes y fi - Miguel, Casares.pdf	Miguel, Casares/El corto plazo_ los mercados de bienes y financieros, el modelo IS-LM, parte 1 (2688)/El corto plazo_ los mercados de bienes y f - Miguel, Casares.pdf
2725	Julian, Diaz Saavedra/Introduccion (2725)/Introduccion - Julian, Diaz Saavedra.pdf	Julian, Diaz Saavedra/Macroeconomia II_ introduccion (2725)/Macroeconomia II_ introduccion - Julian, Diaz Saavedra.pdf
2911	Jorge, Alcalde-Unzu/Intervenciones del estado en un mercado de competencia perfecta (2911)/Intervenciones del estado en un mercado de - Jorge, Alcalde-Unzu.pdf	Jorge, Alcalde-Unzu/Intervenciones del Estado en un mercado de competencia perfecta II (2911)/Intervenciones del Estado en un mercado de - Jorge, Alcalde-Unzu.pdf
2912	Jorge, Alcalde-Unzu/Intervenciones del estado en un mercado de competencia perfecta (2912)/Intervenciones del estado en un mercado de - Jorge, Alcalde-Unzu.pdf	Jorge, Alcalde-Unzu/Intervenciones del Estado en un mercado de competencia perfecta I (2912)/Intervenciones del Estado en un mercado de - Jorge, Alcalde-Unzu.pdf
2913	Jorge, Alcalde-Unzu/Las decisiones de la empresa en un mercado de competencia perfecta (2913)/Las decisiones de la empresa en un mercado - Jorge, Alcalde-Unzu.pdf	Jorge, Alcalde-Unzu/Las decisiones de la empresa en un mercado de competencia perfecta II (2913)/Las decisiones de la empresa en un mercado - Jorge, Alcalde-Unzu.pdf
2914	Jorge, Alcalde-Unzu/Las decisiones de la empresa en un mercado de competencia perfecta (2914)/Las decisiones de la empresa en un mercado - Jorge, Alcalde-Unzu.pdf	Jorge, Alcalde-Unzu/Las decisiones de la empresa en un mercado de competencia perfecta I (2914)/Las decisiones de la empresa en un mercado - Jorge, Alcalde-Unzu.pdf
3103	Ministerio de Economia y Finanzas/Guia general para la identificacion, formulacion y evaluacion de proyectos de inversion (3103)/Guia general para la identificacion, formu - Ministerio de Economia y Finanzas.pdf	Ministerio de Economia y Finanzas/Guia general para la identificacion, formulacion y evaluacion de proyectos de inversion (2024) (3103)/Guia general para la identificacion, formu - Ministerio de Economia y Finanzas.pdf
3104	Ministerio de Economia y Finanzas/Guia general para la identificacion, formulacion y evaluacion de proyectos de inversion (3104)/Guia general para la identificacion, formu - Ministerio de Economia y Finanzas.pdf	Ministerio de Economia y Finanzas/Guia general para la identificacion, formulacion y evaluacion de proyectos de inversion (2019) (3104)/Guia general para la identificacion, formu - Ministerio de Economia y Finanzas.pdf
3177	Paula, Broitman/Elementos de una planificacion estrategica (3177)/Elementos de una planificacion estrategica - Paula, Broitman.pdf	Paula, Broitman/Elementos de una planificacion estrategica (parte 4) (3177)/Elementos de una planificacion estrategica - Paula, Broitman.pdf
3178	Paula, Broitman/Elementos de una planificacion estrategica (3178)/Elementos de una planificacion estrategica - Paula, Broitman.pdf	Paula, Broitman/Elementos de una planificacion estrategica (parte 3) (3178)/Elementos de una planificacion estrategica - Paula, Broitman.pdf
3179	Carlos, Diaz V_/Elementos de una planificacion estrategica (3179)/Elementos de una planificacion estrategica - Carlos, Diaz V_.pdf	Carlos, Diaz V_/Elementos de una planificacion estrategica (parte 2) (3179)/Elementos de una planificacion estrategica - Carlos, Diaz V_.pdf
3181	Carlos, Diaz V_/Elementos de una planificacion estrategica (3181)/Elementos de una planificacion estrategica - Carlos, Diaz V_.pdf	Carlos, Diaz V_/Elementos de una planificacion estrategica (parte 1) (3181)/Elementos de una planificacion estrategica - Carlos, Diaz V_.pdf
3183	Flavio, Perez Rojo/Econometria (3183)/Econometria - Flavio, Perez Rojo.pdf	Flavio, Perez Rojo/Econometria, clase 4_ cointegracion (3183)/Econometria, clase 4_ cointegracion - Flavio, Perez Rojo.pdf
3184	Flavio, Perez Rojo/Econometria (3184)/Econometria - Flavio, Perez Rojo.pdf	Flavio, Perez Rojo/Econometria, clase 3_ procesos estocasticos en series de tiempo II (3184)/Econometria, clase 3_ procesos estocastico - Flavio, Perez Rojo.pdf
3185	Flavio, Perez Rojo/Econometria (3185)/Econometria - Flavio, Perez Rojo.pdf	Flavio, Perez Rojo/Econometria, clase 2_ inferencia y pruebas de hipotesis (3185)/Econometria, clase 2_ inferencia y pruebas - Flavio, Perez Rojo.pdf
3186	Flavio, Perez Rojo/Econometria (3186)/Econometria - Flavio, Perez Rojo.pdf	Flavio, Perez Rojo/Econometria, clase 1_ introduccion (3186)/Econometria, clase 1_ introduccion - Flavio, Perez Rojo.pdf
3241	Hugo, Lezama Coca/Eg i 2012 (3241)/Eg i 2012 - Hugo, Lezama Coca.pdf	Hugo, Lezama Coca/Economia general I_ semana 1 (3241)/Economia general I_ semana 1 - Hugo, Lezama Coca.pdf
3242	Hugo, Lezama Coca/Eg i 2012 (3242)/Eg i 2012 - Hugo, Lezama Coca.pdf	Hugo, Lezama Coca/Economia general I_ semana 14 (3242)/Economia general I_ semana 14 - Hugo, Lezama Coca.pdf
3244	Hugo, Lezama Coca/Eg i 2012 (3244)/Eg i 2012 - Hugo, Lezama Coca.pdf	Hugo, Lezama Coca/Economia general I_ semana 12 (3244)/Economia general I_ semana 12 - Hugo, Lezama Coca.pdf
3245	Hugo, Lezama Coca/Eg i 2012 (3245)/Eg i 2012 - Hugo, Lezama Coca.pdf	Hugo, Lezama Coca/Economia general I_ introduccion al funcionamiento de los mercados en economia abierta (3245)/Economia general I_ introduccion al funcio - Hugo, Lezama Coca.pdf
3248	Hugo, Lezama Coca/Eg i 2012 (3248)/Eg i 2012 - Hugo, Lezama Coca.pdf	Hugo, Lezama Coca/Economia general I_ semana 9 (3248)/Economia general I_ semana 9 - Hugo, Lezama Coca.pdf
3249	Hugo, Lezama Coca/Eg i 2012 (3249)/Eg i 2012 - Hugo, Lezama Coca.pdf	Hugo, Lezama Coca/Economia general I_ semana 8 (3249)/Economia general I_ semana 8 - Hugo, Lezama Coca.pdf
3250	Hugo, Lezama Coca/Eg i 2012 (3250)/Eg i 2012 - Hugo, Lezama Coca.pdf	Hugo, Lezama Coca/Economia general I_ semana 7 (3250)/Economia general I_ semana 7 - Hugo, Lezama Coca.pdf
3251	Hugo, Lezama Coca/Eg i 2012 (3251)/Eg i 2012 - Hugo, Lezama Coca.pdf	Hugo, Lezama Coca/Economia general I_ semana 5 (3251)/Economia general I_ semana 5 - Hugo, Lezama Coca.pdf
3252	Hugo, Lezama Coca/Eg i 2012 (3252)/Eg i 2012 - Hugo, Lezama Coca.pdf	Hugo, Lezama Coca/Economia general I_ semana 4 (3252)/Economia general I_ semana 4 - Hugo, Lezama Coca.pdf
3253	Hugo, Lezama Coca/Eg i 2012 (3253)/Eg i 2012 - Hugo, Lezama Coca.pdf	Hugo, Lezama Coca/Economia general I_ semana 2 (3253)/Economia general I_ semana 2 - Hugo, Lezama Coca.pdf
3254	Hugo, Lezama Coca/Eg i 2012 (3254)/Eg i 2012 - Hugo, Lezama Coca.pdf	Hugo, Lezama Coca/Economia general I_ semana 3 (3254)/Economia general I_ semana 3 - Hugo, Lezama Coca.pdf
3379	Richard, Roca/Indice (3379)/Indice - Richard, Roca.pdf	Richard, Roca/Indice de Macroeconomia II (3379)/Indice de Macroeconomia II - Richard, Roca.pdf
3393	Richard, Roca/Indice (3393)/Indice - Richard, Roca.pdf	Richard, Roca/Indice de Macroeconomia I (3393)/Indice de Macroeconomia I - Richard, Roca.pdf
3554	Juan A., Huaripuma Vargas/Ecuaciones simultaneas (3554)/Ecuaciones simultaneas - Juan A., Huaripuma Vargas.pdf	Juan A., Huaripuma Vargas/Ecuaciones simultaneas (2017) (3554)/Ecuaciones simultaneas (2017) - Juan A., Huaripuma Vargas.pdf
3555	Juan A., Huaripuma Vargas/Ecuaciones simultaneas (3555)/Ecuaciones simultaneas - Juan A., Huaripuma Vargas.pdf	Juan A., Huaripuma Vargas/Ecuaciones simultaneas (2021) (3555)/Ecuaciones simultaneas (2021) - Juan A., Huaripuma Vargas.pdf
3707	Yulino, Anastacio Clemente/Economia monetaria i (3707)/Economia monetaria i - Yulino, Anastacio Clemente.pdf	Yulino, Anastacio Clemente/Economia monetaria I (2021) (3707)/Economia monetaria I (2021) - Yulino, Anastacio Clemente.pdf
3708	Yulino, Anastacio Clemente/Economia monetaria ii (3708)/Economia monetaria ii - Yulino, Anastacio Clemente.pdf	Yulino, Anastacio Clemente/Economia monetaria II (2020) (3708)/Economia monetaria II (2020) - Yulino, Anastacio Clemente.pdf
3709	Yulino, Anastacio Clemente/Economia monetaria ii (3709)/Economia monetaria ii - Yulino, Anastacio Clemente.pdf	Yulino, Anastacio Clemente/Economia monetaria II (2021) (3709)/Economia monetaria II (2021) - Yulino, Anastacio Clemente.pdf
3710	Yulino, Anastacio Clemente/Economia monetaria i (3710)/Economia monetaria i - Yulino, Anastacio Clemente.pdf	Yulino, Anastacio Clemente/Economia monetaria I (2020) (3710)/Economia monetaria I (2020) - Yulino, Anastacio Clemente.pdf
3714	Flavio, Perez Rojo/Teoria del consumidor (3714)/Teoria del consumidor - Flavio, Perez Rojo.pdf	Flavio, Perez Rojo/Teoria del consumidor II (3714)/Teoria del consumidor II - Flavio, Perez Rojo.pdf
3715	Flavio, Perez Rojo/Teoria del consumidor (3715)/Teoria del consumidor - Flavio, Perez Rojo.pdf	Flavio, Perez Rojo/Teoria del consumidor III (3715)/Teoria del consumidor III - Flavio, Perez Rojo.pdf
3717	Flavio, Perez Rojo/Teoria del productor (3717)/Teoria del productor - Flavio, Perez Rojo.pdf	Flavio, Perez Rojo/Teoria del productor III (3717)/Teoria del productor III - Flavio, Perez Rojo.pdf
3718	Flavio, Perez Rojo/Teoria del productor (3718)/Teoria del productor - Flavio, Perez Rojo.pdf	Flavio, Perez Rojo/Teoria del productor II (3718)/Teoria del productor II - Flavio, Perez Rojo.pdf
3719	Flavio, Perez Rojo/Teoria del productor (3719)/Teoria del productor - Flavio, Perez Rojo.pdf	Flavio, Perez Rojo/Teoria del productor I (3719)/Teoria del productor I - Flavio, Perez Rojo.pdf
3808	Hugo, Perea/Demanda agregada_ economia cerrada (is-lm) (3808)/Demanda agregada_ economia cerrada (is-lm) - Hugo, Perea.pdf	Hugo, Perea/Demanda agregada_ economia cerrada (IS-LM), parte 2 (3808)/Demanda agregada_ economia cerrada (IS-LM) - Hugo, Perea.pdf
3809	Hugo, Perea/Demanda agregada_ economia cerrada (is-lm) (3809)/Demanda agregada_ economia cerrada (is-lm) - Hugo, Perea.pdf	Hugo, Perea/Demanda agregada_ economia cerrada (IS-LM), parte 1 (3809)/Demanda agregada_ economia cerrada (IS-LM) - Hugo, Perea.pdf
3813	Hugo, Perea/Crecimiento economico (3813)/Crecimiento economico - Hugo, Perea.pdf	Hugo, Perea/Crecimiento economico (parte 2) (3813)/Crecimiento economico (parte 2) - Hugo, Perea.pdf
3814	Hugo, Perea/Crecimiento economico (3814)/Crecimiento economico - Hugo, Perea.pdf	Hugo, Perea/Crecimiento economico (parte 1) (3814)/Crecimiento economico (parte 1) - Hugo, Perea.pdf
3839	Jose C., Ricci/Modelo lineal general - inferencia (3839)/Modelo lineal general - inferencia - Jose C., Ricci.pdf	Jose C., Ricci/Modelo lineal general - inferencia (2012-09-26) (3839)/Modelo lineal general - inferencia (2012-0 - Jose C., Ricci.pdf
3840	Jose C., Ricci/Modelo lineal general - inferencia (3840)/Modelo lineal general - inferencia - Jose C., Ricci.pdf	Jose C., Ricci/Modelo lineal general - inferencia (2012-09-20) (3840)/Modelo lineal general - inferencia (2012-0 - Jose C., Ricci.pdf
3942	Matias, Hisgen/Analisis de regresion multiple (3942)/Analisis de regresion multiple - Matias, Hisgen.pdf	Matias, Hisgen/Analisis de regresion multiple (cap. 4, inferencia) (3942)/Analisis de regresion multiple (cap. 4, in - Matias, Hisgen.pdf
3943	Matias, Hisgen/Analisis de regresion multiple (3943)/Analisis de regresion multiple - Matias, Hisgen.pdf	Matias, Hisgen/Analisis de regresion multiple (cap. 3) (3943)/Analisis de regresion multiple (cap. 3) - Matias, Hisgen.pdf
3945	Matias, Hisgen/Series de tiempo (3945)/Series de tiempo - Matias, Hisgen.pdf	Matias, Hisgen/Series de tiempo_ correlacion serial (3945)/Series de tiempo_ correlacion serial - Matias, Hisgen.pdf
3947	Matias, Hisgen/Series de tiempo (3947)/Series de tiempo - Matias, Hisgen.pdf	Matias, Hisgen/Series de tiempo_ analisis basico (3947)/Series de tiempo_ analisis basico - Matias, Hisgen.pdf
4318	Alejandra, Padilla Juarez/Introduccion a la sociologia, economia y ciencias politicas (4318)/Introduccion a la sociologia, economia y c - Alejandra, Padilla Juarez.pdf	Alejandra, Padilla Juarez/Introduccion a la sociologia, economia y ciencias politicas (parte 1) (4318)/Introduccion a la sociologia, economia y c - Alejandra, Padilla Juarez.pdf
4319	Alejandra, Padilla Juarez/Introduccion a la sociologia, economia y ciencias politicas (4319)/Introduccion a la sociologia, economia y c - Alejandra, Padilla Juarez.pdf	Alejandra, Padilla Juarez/Introduccion a la sociologia, economia y ciencias politicas (parte 2) (4319)/Introduccion a la sociologia, economia y c - Alejandra, Padilla Juarez.pdf
4320	Alejandra, Padilla Juarez/Introduccion a la sociologia, economia y ciencias politicas (4320)/Introduccion a la sociologia, economia y c - Alejandra, Padilla Juarez.pdf	Alejandra, Padilla Juarez/Introduccion a la sociologia, economia y ciencias politicas (parte 3) (4320)/Introduccion a la sociologia, economia y c - Alejandra, Padilla Juarez.pdf
4321	Alejandra, Padilla Juarez/Introduccion a la sociologia, economia y ciencias politicas (4321)/Introduccion a la sociologia, economia y c - Alejandra, Padilla Juarez.pdf	Alejandra, Padilla Juarez/Introduccion a la sociologia, economia y ciencias politicas (parte 4) (4321)/Introduccion a la sociologia, economia y c - Alejandra, Padilla Juarez.pdf
4331	Felix, Jimenez/Teoria del crecimiento dirigido por la demanda (4331)/Teoria del crecimiento dirigido por la dem - Felix, Jimenez.pdf	Felix, Jimenez/Teoria del crecimiento dirigido por la demanda (notas de clase 14) (4331)/Teoria del crecimiento dirigido por la dem - Felix, Jimenez.pdf
4344	Felix, Jimenez/Teoria del crecimiento dirigido por la demanda (4344)/Teoria del crecimiento dirigido por la dem - Felix, Jimenez.pdf	Felix, Jimenez/Teoria del crecimiento dirigido por la demanda (notas de clase 15) (4344)/Teoria del crecimiento dirigido por la dem - Felix, Jimenez.pdf
4526	Jose, Mendoza Sanchez/Regresiones (4526)/Regresiones - Jose, Mendoza Sanchez.pdf	Jose, Mendoza Sanchez/Regresiones (parte 1) (4526)/Regresiones (parte 1) - Jose, Mendoza Sanchez.pdf
4527	Jose, Mendoza Sanchez/Regresiones (4527)/Regresiones - Jose, Mendoza Sanchez.pdf	Jose, Mendoza Sanchez/Regresiones (parte 2) (4527)/Regresiones (parte 2) - Jose, Mendoza Sanchez.pdf
4529	Jose, Mendoza Sanchez/Series de tiempo (4529)/Series de tiempo - Jose, Mendoza Sanchez.pdf	Jose, Mendoza Sanchez/Series de tiempo (parte 1) (4529)/Series de tiempo (parte 1) - Jose, Mendoza Sanchez.pdf
4530	Jose, Mendoza Sanchez/Series de tiempo (4530)/Series de tiempo - Jose, Mendoza Sanchez.pdf	Jose, Mendoza Sanchez/Series de tiempo (parte 3) (4530)/Series de tiempo (parte 3) - Jose, Mendoza Sanchez.pdf
4531	Jose, Mendoza Sanchez/Series de tiempo (4531)/Series de tiempo - Jose, Mendoza Sanchez.pdf	Jose, Mendoza Sanchez/Series de tiempo (parte 2) (4531)/Series de tiempo (parte 2) - Jose, Mendoza Sanchez.pdf
8664	Graciela, Montero Gotusso/Balanza de pagos (8664)/Balanza de pagos - Graciela, Montero Gotusso.pdf	Graciela, Montero Gotusso/Balanza de pagos (2007) (8664)/Balanza de pagos (2007) - Graciela, Montero Gotusso.pdf
8678	CECEA/Indicadores del mercado de trabajo (8678)/Indicadores del mercado de trabajo - CECEA.pdf	CECEA/Indicadores del mercado de trabajo (2005) (8678)/Indicadores del mercado de trabajo (2005) - CECEA.pdf
8723	Jose Carlos, Navarro Levano/Gerencia social en el Peru (8723)/Gerencia social en el Peru - Jose Carlos, Navarro Levano.pdf	Jose Carlos, Navarro Levano/Gerencia social en el Peru_ sesion 5 (2012-II) (8723)/Gerencia social en el Peru_ sesion 5 (2012 - Jose Carlos, Navarro Levano.pdf
8725	Jose Carlos, Navarro Levano/Gerencia social en el Peru (8725)/Gerencia social en el Peru - Jose Carlos, Navarro Levano.pdf	Jose Carlos, Navarro Levano/Gerencia social en el Peru_ sesion 1 (2012-II) (8725)/Gerencia social en el Peru_ sesion 1 (2012 - Jose Carlos, Navarro Levano.pdf
8726	Jose Carlos, Navarro Levano/Gerencia social en el Peru (8726)/Gerencia social en el Peru - Jose Carlos, Navarro Levano.pdf	Jose Carlos, Navarro Levano/Gerencia social en el Peru_ sesion 2 (2012-II) (8726)/Gerencia social en el Peru_ sesion 2 (2012 - Jose Carlos, Navarro Levano.pdf
8727	Jose Carlos, Navarro Levano/Gerencia social en el Peru (8727)/Gerencia social en el Peru - Jose Carlos, Navarro Levano.pdf	Jose Carlos, Navarro Levano/Gerencia social en el Peru_ sesion 3 (2012-II) (8727)/Gerencia social en el Peru_ sesion 3 (2012 - Jose Carlos, Navarro Levano.pdf
8728	Jose Carlos, Navarro Levano/Gerencia social en el Peru (8728)/Gerencia social en el Peru - Jose Carlos, Navarro Levano.pdf	Jose Carlos, Navarro Levano/Gerencia social en el Peru_ sesion 4 (2012-II) (8728)/Gerencia social en el Peru_ sesion 4 (2012 - Jose Carlos, Navarro Levano.pdf
8729	Jose Carlos, Navarro Levano/Gerencia social en el Peru (8729)/Gerencia social en el Peru - Jose Carlos, Navarro Levano.pdf	Jose Carlos, Navarro Levano/Gerencia social en el Peru_ sesion 7 (2011-II) (8729)/Gerencia social en el Peru_ sesion 7 (2011 - Jose Carlos, Navarro Levano.pdf
8730	Jose Carlos, Navarro Levano/Gerencia social en el Peru (8730)/Gerencia social en el Peru - Jose Carlos, Navarro Levano.pdf	Jose Carlos, Navarro Levano/Gerencia social en el Peru_ sesion 8 (2012-II) (8730)/Gerencia social en el Peru_ sesion 8 (2012 - Jose Carlos, Navarro Levano.pdf
8731	Jose Carlos, Navarro Levano/Gerencia social en el Peru (8731)/Gerencia social en el Peru - Jose Carlos, Navarro Levano.pdf	Jose Carlos, Navarro Levano/Gerencia social en el Peru_ sesion 9 (2012-II) (8731)/Gerencia social en el Peru_ sesion 9 (2012 - Jose Carlos, Navarro Levano.pdf
8732	Jose Carlos, Navarro Levano/Gerencia social en el Peru (8732)/Gerencia social en el Peru - Jose Carlos, Navarro Levano.pdf	Jose Carlos, Navarro Levano/Gerencia social en el Peru_ sesion 10 (2012-II) (8732)/Gerencia social en el Peru_ sesion 10 (201 - Jose Carlos, Navarro Levano.pdf
8733	Jose Carlos, Navarro Levano/Gerencia social en el Peru (8733)/Gerencia social en el Peru - Jose Carlos, Navarro Levano.pdf	Jose Carlos, Navarro Levano/Gerencia social en el Peru_ sesion 11 (2012-II) (8733)/Gerencia social en el Peru_ sesion 11 (201 - Jose Carlos, Navarro Levano.pdf
8734	Jose Carlos, Navarro Levano/Gerencia social en el Peru (8734)/Gerencia social en el Peru - Jose Carlos, Navarro Levano.pdf	Jose Carlos, Navarro Levano/Gerencia social en el Peru_ sesion 13 (2012-II) (8734)/Gerencia social en el Peru_ sesion 13 (201 - Jose Carlos, Navarro Levano.pdf
8735	Jose Carlos, Navarro Levano/Gerencia social en el Peru (8735)/Gerencia social en el Peru - Jose Carlos, Navarro Levano.pdf	Jose Carlos, Navarro Levano/Gerencia social en el Peru_ sesion 14 (2011-II) (8735)/Gerencia social en el Peru_ sesion 14 (201 - Jose Carlos, Navarro Levano.pdf
8736	Jose Carlos, Navarro Levano/Gerencia social en el Peru (8736)/Gerencia social en el Peru - Jose Carlos, Navarro Levano.pdf	Jose Carlos, Navarro Levano/Gerencia social en el Peru_ sesion 15 (2011-II) (8736)/Gerencia social en el Peru_ sesion 15 (201 - Jose Carlos, Navarro Levano.pdf
8737	Jose Carlos, Navarro Levano/Gerencia social en el Peru (8737)/Gerencia social en el Peru - Jose Carlos, Navarro Levano.pdf	Jose Carlos, Navarro Levano/Gerencia social en el Peru_ sesion 16 (2011-II) (8737)/Gerencia social en el Peru_ sesion 16 (201 - Jose Carlos, Navarro Levano.pdf
8776	Manuel, Flores/Laboratorios de pruebas (8776)/Laboratorios de pruebas - Manuel, Flores.pdf	Manuel, Flores/Laboratorios de pruebas (CyberSOC) (8776)/Laboratorios de pruebas (CyberSOC) - Manuel, Flores.pdf
8777	Manuel, Flores/Bitacora del curso (8777)/Bitacora del curso - Manuel, Flores.pdf	Manuel, Flores/Bitacora del curso (CyberSOC) (8777)/Bitacora del curso (CyberSOC) - Manuel, Flores.pdf
8780	Manuel, Flores/Laboratorios de pruebas (8780)/Laboratorios de pruebas - Manuel, Flores.pdf	Manuel, Flores/Laboratorios de pruebas (Ethical Hacking) (8780)/Laboratorios de pruebas (Ethical Hacking) - Manuel, Flores.pdf
8782	Manuel, Flores/Bitacora del curso (8782)/Bitacora del curso - Manuel, Flores.pdf	Manuel, Flores/Bitacora del curso (Ethical Hacking) (8782)/Bitacora del curso (Ethical Hacking) - Manuel, Flores.pdf
8836	Guadalupe, Taipe Molina/El rol del estado (8836)/El rol del estado - Guadalupe, Taipe Molina.pdf	Guadalupe, Taipe Molina/El rol del Estado (semana 3) (8836)/El rol del Estado (semana 3) - Guadalupe, Taipe Molina.pdf
8837	Guadalupe, Taipe Molina/El rol del estado (8837)/El rol del estado - Guadalupe, Taipe Molina.pdf	Guadalupe, Taipe Molina/El rol del Estado (semana 2) (8837)/El rol del Estado (semana 2) - Guadalupe, Taipe Molina.pdf
8838	Guadalupe, Taipe Molina/El rol del estado (8838)/El rol del estado - Guadalupe, Taipe Molina.pdf	Guadalupe, Taipe Molina/El rol del Estado (semana 1) (8838)/El rol del Estado (semana 1) - Guadalupe, Taipe Molina.pdf
9057	Ruly, Valenzuela/Investigacion operativa (9057)/Investigacion operativa - Ruly, Valenzuela.pdf	Ruly, Valenzuela/Investigacion operativa (2023) (9057)/Investigacion operativa (2023) - Ruly, Valenzuela.pdf
9058	Ruly, Valenzuela/Investigacion operativa (9058)/Investigacion operativa - Ruly, Valenzuela.pdf	Ruly, Valenzuela/Investigacion operativa (2021) (9058)/Investigacion operativa (2021) - Ruly, Valenzuela.pdf
9109	Doris, Alvarado/Temario (9109)/Temario - Doris, Alvarado.pdf	Doris, Alvarado/Temario_ gestion de tesoreria con SIAF-RP (9109)/Temario_ gestion de tesoreria con SIAF-RP - Doris, Alvarado.pdf
9110	Doris, Alvarado/Temario (9110)/Temario - Doris, Alvarado.pdf	Doris, Alvarado/Temario_ introduccion al SIAF y reportes del modulo de proceso presupuestario (9110)/Temario_ introduccion al SIAF y reportes d - Doris, Alvarado.pdf
9222	Richard, Atao Quispe/Integracion economica (9222)/Integracion economica - Richard, Atao Quispe.pdf	Richard, Atao Quispe/Integracion economica (semana 2, 2020) (9222)/Integracion economica (semana 2, 2020) - Richard, Atao Quispe.pdf
9612	Walter, Enders/Stationary time-series models (9612)/Stationary time-series models - Walter, Enders.pdf	Walter, Enders/Modeling volatility (9612)/Modeling volatility - Walter, Enders.pdf
