37	Alexis, de Tocqueville/La democracia en america (37)	Alexis, de Tocqueville/La democracia en America (37)
42	Waldo, Mendoza Bellido/La historia fiscal del peru_ 1980-2020 (42)	Waldo, Mendoza Bellido/La historia fiscal del Peru_ 1980-2020 (42)
54	Jesus, Huerta de Soto/A proposito del proceso de unificacion monetaria en europa (54)	Jesus, Huerta de Soto/A proposito del proceso de unificacion monetaria en Europa (54)
63	Artur, Colom Jaen/_El retorno de los elefantes blancos_ africa, deuda, y pobreza (63)	Artur, Colom Jaen/_El retorno de los elefantes blancos_ Africa, deuda, y pobreza (63)
75	Waldo, Mendoza Bellido/Macroeconomia intermedia para america latina (75)	Waldo, Mendoza Bellido/Macroeconomia intermedia para America latina (75)
169	Marco, Baquero Latorre/Seleccion intrumemtos monetarios regla poole (169)	Marco, Baquero Latorre/La seleccion de instrumentos y la implementacion de la politica monetaria (169)
176	Mario, Blejer/El futuro de los mercados financieros en america latina (176)	Mario, Blejer/El futuro de los mercados financieros en America latina (176)
178	Francisco Jose, Vazquez Hernandez/Modelos crecimiento economico dinanmicas complejas (178)	Francisco Jose, Vazquez Hernandez/Modelos de crecimiento economico y dinamicas complejas (178)
289	Carmen Astrid, Romero/Tipos de cambio multiple en colombia 1932 1967 (289)	Carmen Astrid, Romero/Tipos de cambio multiple en Colombia 1932 1967 (289)
352	Nassir, Sapag Chain/Preparcion y evaluacion de proyectos (352)	Nassir, Sapag Chain/Preparacion y evaluacion de proyectos (352)
362	Jouseline, Salay/Un modelo de ciclos reales aplicado a guatemala (362)	Jouseline, Salay/Un modelo de ciclos reales aplicado a Guatemala (362)
383	Luis, Rincon/Introduccion a la probabibidad (383)	Luis, Rincon/Introduccion a la probabilidad (383)
385	Luis, Rincon/Curso intermedio de probabibidad (385)	Luis, Rincon/Curso intermedio de probabilidad (385)
400	Union Europea/Evaluacion ex ante del programa operativo feder de galicia 2014-2020 (400)	Union Europea/Evaluacion ex ante del programa operativo feder de Galicia 2014-2020 (400)
445	Unknown/Heraclito vs Pitagoras y Parmenides (445)	Unknown/Heraclito vs. Pitagoras y Parmenides (445)
453	Jose Maria, Dagnino Pastore/Economia publica cosesion de ensayos (453)	Jose Maria, Dagnino Pastore/Economia publica_ coleccion de ensayos (453)
462	Platon/Dialogos vol 01 platon (462)	Platon/Dialogos vol 01 Platon (462)
463	Platon/Dialogos vol 05 platon (463)	Platon/Dialogos vol 05 Platon (463)
552	CEPAL/Panorama social de america latina 2022 (552)	CEPAL/Panorama social de America latina 2022 (552)
646	Hubert, Escaith/Emergencia del euro y sus implicaciones para america latina y el caribe (646)	Hubert, Escaith/Emergencia del euro y sus implicaciones para America latina y el caribe (646)
648	CEPAL/Panorama social de america latina 2005 (648)	CEPAL/Panorama social de America latina 2005 (648)
657	Manoel, Bittencourt/Inflacion y crecimiento economico_ evidencia con datos de panel para america del sur (657)	Manoel, Bittencourt/Inflacion y crecimiento economico_ evidencia con datos de panel para America del sur (657)
659	Cesar, Carrera Yalan/El canal del credito bancario en el peru_ evidencia y mecanismo de transmision (659)	Cesar, Carrera Yalan/El canal del credito bancario en el Peru_ evidencia y mecanismo de transmision (659)
765	Jaime, Ros/La liberalizacion de la balanza de pagos en mexico_ efectos en el crecimiento, la desigualdad y (765)	Jaime, Ros/La liberalizacion de la balanza de pagos en Mexico_ efectos en el crecimiento, la desigualdad y (765)
851	Erick, Lahura/El efecto traspaso de la tasa de interes y la politica monetaria en el peru_ 1995-2004_ (851)	Erick, Lahura/El efecto traspaso de la tasa de interes y la politica monetaria en el Peru_ 1995-2004_ (851)
861	Noam, Chomsky/Las intenciones del tio sam (861)	Noam, Chomsky/Las intenciones del Tio Sam (861)
888	Friedrich, Engels/Cuestion social en rusia (888)	Friedrich, Engels/Cuestion social en Rusia (888)
891	Friedrich, Engels/Revolucion y contrarevolucion en alemania (891)	Friedrich, Engels/Revolucion y contrarrevolucion en Alemania (891)
915	Sigmund, Freud/Nuevas sesion es introductorias al psicoanalisis (915)	Sigmund, Freud/Nuevas lecciones introductorias al psicoanalisis (915)
929	Sigmund, Freud/Algunas sesion es elementales de psicoanalisis (929)	Sigmund, Freud/Algunas lecciones elementales de psicoanalisis (929)
1008	Jose, De Gregorio/Discucion deficit cuenta corriente estamos frente aun problema (1008)	Jose, De Gregorio/Deficit de la cuenta corriente_ _estamos frente a un problema_ (1008)
1023	Jacques, Lacan/Psicoanalisis radiofonia television (1023)	Jacques, Lacan/Psicoanalisis, radiofonia y television (1023)
1165	Cecilia, Garavito Masalias/Microeconomia preferencias y esesion es (1165)	Cecilia, Garavito Masalias/Microeconomia_ preferencias y elecciones de los consumidores (1165)
1166	Carlos, Contreras/Origenes historicos de la desigualdad en el peru (1166)	Carlos, Contreras/Origenes historicos de la desigualdad en el Peru (1166)
1175	Richard, Roca/El repunte de la inflacion en peru 2006-2008_ causas, consecuencias y perspectivas (1175)	Richard, Roca/El repunte de la inflacion en Peru 2006-2008_ causas, consecuencias y perspectivas (1175)
1184	Richard, Roca/Lineamientos de politica tributaria para el peru (1184)	Richard, Roca/Lineamientos de politica tributaria para el Peru (1184)
1267	Friedrich, Engels/El problema del campesino en francia y en alemania (1267)	Friedrich, Engels/El problema del campesino en Francia y en Alemania (1267)
1310	Friedrich, Nietzsche/La genealgia de la moral (1310)	Friedrich, Nietzsche/La genealogia de la moral (1310)
1384	Carlos, Aquino Rodriguez/Relaciones del peru con taiwan (1384)	Carlos, Aquino Rodriguez/Relaciones del Peru con Taiwan (1384)
1400	Carlos, Aquino Rodriguez/Importancia de la participacion del Peru en el focalae (1400)	Carlos, Aquino Rodriguez/Importancia de la participacion del Peru en el FOCALAE (1400)
1560	Jose Ignacio, Lopez Gaviria/Precios e inflaccion (1560)	Jose Ignacio, Lopez Gaviria/Precios e inflacion (1560)
1563	Karl R., Popper/La influencia de las ideas filosoficas en europa (1563)	Karl R., Popper/La influencia de las ideas filosoficas en Europa (1563)
1578	Alex/Transcripcion de abimael guzman ante el gein (1578)	Alex/Transcripcion de Abimael Guzman ante el GEIN (1578)
1602	James S., Costain/Modelo barro gordon reglas o discresion (1602)	James S., Costain/El modelo Barro-Gordon_ _reglas o discrecion_ (1602)
1879	Richard, Webb/El presidente garcia y el banco de oro (1879)	Richard, Webb/El presidente Garcia y el banco de oro (1879)
2017	Juan, Palomino/Desarrollo de los estudios de economia regional en el peru_ aportes y criticas (2017)	Juan, Palomino/Desarrollo de los estudios de economia regional en el Peru_ aportes y criticas (2017)
2039	Juan Carlos, Feres/El metodo de las necesidades basicas insatisfechas (nbi) y sus aplicaciones en america latina (2039)	Juan Carlos, Feres/El metodo de las necesidades basicas insatisfechas (nbi) y sus aplicaciones en America latina (2039)
2041	CEPAL/Panorama social de america latina 2007 (2041)	CEPAL/Panorama social de America latina 2007 (2041)
2045	CEPAL/La distribucion del ingreso en uruguay 1986-1999_ alternativas para su medicion (2045)	CEPAL/La distribucion del ingreso en Uruguay 1986-1999_ alternativas para su medicion (2045)
2046	Desarrollo humano y pobreza en Uruguay/Parte i. desarrollo humano y pobreza en uruguay (2046)	Desarrollo humano y pobreza en Uruguay/Parte i. desarrollo humano y pobreza en Uruguay (2046)
2049	CECEA/Introduccion al sistema de cuentas nacioanles revision 1993 economia descriptiva i (2049)	CECEA/Introduccion al sistema de cuentas nacionales revision 1993 economia descriptiva i (2049)
2110	Edmundo, Beteta Obreros/Aplicacion de una metologia para departamento en 2005-2012 (2110)	Edmundo, Beteta Obreros/Aplicacion de una metodologia para el analisis de las desigualdades socioeconomicas en acceso a (2110)
2154	Miguel, Casares/Modelos de crecimiento endogeno con comportamiento optimizador ii (2154)	Miguel, Casares/Modelos de crecimiento endogeno con comportamiento optimizador II (2154)
2155	Miguel, Casares/Modelos de crecimiento endogeno con comportamiento optimizador i (2155)	Miguel, Casares/Modelos de crecimiento endogeno con comportamiento optimizador I (2155)
2242	Javier, Hualde/Combinacion de cortes transversales en el tiempo y metodos simples para data de panel (2242)	Javier, Hualde/Combinacion de cortes transversales en el tiempo y metodos simples para datos de panel (2242)
2423	Paula, Gonzalez/La esesion publica ii (2423)	Paula, Gonzalez/La eleccion publica II (2423)
2424	Paula, Gonzalez/La esesion publica i (2424)	Paula, Gonzalez/La eleccion publica I (2424)
2443	Miguel, Priale Ugas/Metodologias de esp evaluacion contingente y evaluacion hedonica (2443)	Miguel, Priale Ugas/Metodologias de evaluacion social de proyectos_ evaluacion contingente y evaluacion hedonica (2443)
2908	Jorge, Alcalde-Unzu/La competencia monopolistica y el oligopolio (2908)	Jorge, Alcalde-Unzu/La competencia monopolistica y el oligopolio II (2908)
2909	Jorge, Alcalde-Unzu/La competencia monopolistica y el oligopolio (2909)	Jorge, Alcalde-Unzu/La competencia monopolistica y el oligopolio I (2909)
3170	Fabrizio, Orrego Peche/Cosolidado de ejercicos juegos y contratos (3170)	Fabrizio, Orrego Peche/Consolidado de ejercicios_ juegos y contratos (3170)
3172	Victor, Roca Buiza/Las infraestructuras del mercado financiero en el peru el rol del bcrp (3172)	Victor, Roca Buiza/Las infraestructuras del mercado financiero en el Peru el rol del bcrp (3172)
3338	Zenon, Quispe Misaico/Una aproximacion a la demanda de los principales agregados monetarios en el peru_ junio 1991 - (3338)	Zenon, Quispe Misaico/Una aproximacion a la demanda de los principales agregados monetarios en el Peru_ junio 1991 - (3338)
3496	Leonardo, Gasparini/Desiguald_ extensiones (3496)	Leonardo, Gasparini/Desigualdad_ extensiones (3496)
3512	Jose, Mendoza Sanchez/El estimador de minimos cuadrados ordinarios mco (3512)	Jose, Mendoza Sanchez/El estimador de minimos cuadrados ordinarios (MCO) (3512)
3536	INFOX/Modelos de seleccion discreta probit y logit modelo de probab (3536)	INFOX/Modelos de seleccion discreta probit y logit_ modelo de probabilidad lineal (3536)
3573	Victor, Gamarra Echenique/Introduccion a los experimentos aleatorios tamamo de muestra (3573)	Victor, Gamarra Echenique/Tamano de muestra y poder estadistico (3573)
3684	Liliam, Valdiviezo/Es dificil programar (3684)	Liliam, Valdiviezo/_Que tan dificil es programar_ HTML, CSS y JavaScript (3684)
3738	Ricardo, Crispin Morris/Vizualizacion de datos (3738)	Ricardo, Crispin Morris/Visualizacion de datos (3738)
3739	Ricardo, Crispin Morris/Vizualizacion de datos (3739)	Ricardo, Crispin Morris/Visualizacion de datos (3739)
3926	Janice, Seinfeld/Bibliografa sugerida (3926)	Janice, Seinfeld/Bibliografia sugerida (3926)
3985	Amira Pamela, Canova Arce/La reconstruccion industrial de europa despues de la segunda guerra mundial (3985)	Amira Pamela, Canova Arce/La reconstruccion industrial de Europa despues de la segunda guerra mundial (3985)
4027	Banco Central de Reserva del Peru/Museo numismatico del peru (4027)	Banco Central de Reserva del Peru/Museo numismatico del Peru (4027)
4054	Enrique, Gonzalez Paucarhuanca/Vison general de las teorias de crecimiento economico (4054)	Enrique, Gonzalez Paucarhuanca/Vision general de las teorias de crecimiento economico (4054)
4118	Pelayo, Hilario Valenzuela/Investigacion de mercados de la panaderia raul (4118)	Pelayo, Hilario Valenzuela/Investigacion de mercados de la panaderia Raul (4118)
4173	Tony, Hinojosa Vivanco/Evaluacion de protectos en empresas en marcha ii (4173)	Tony, Hinojosa Vivanco/Evaluacion de proyectos en empresas en marcha II (4173)
4174	Tony, Hinojosa Vivanco/Evaluacion de protectos en empresas en marcha i (4174)	Tony, Hinojosa Vivanco/Evaluacion de proyectos en empresas en marcha I (4174)
4265	Zenon, Quispe Misaico/La politica monetaria del banco central de reserva del peru (4265)	Zenon, Quispe Misaico/La politica monetaria del banco central de reserva del Peru (4265)
4318	Alejandra, Padilla Juarez/Introducion a la sociologia econonomia y ciencias politicas (4318)	Alejandra, Padilla Juarez/Introduccion a la sociologia, economia y ciencias politicas (4318)
4319	Alejandra, Padilla Juarez/Introducion a la sociologia econonomia y ciencias politicas (4319)	Alejandra, Padilla Juarez/Introduccion a la sociologia, economia y ciencias politicas (4319)
4320	Alejandra, Padilla Juarez/Introducion a la sociologia econonomia y ciencias politicas (4320)	Alejandra, Padilla Juarez/Introduccion a la sociologia, economia y ciencias politicas (4320)
4321	Alejandra, Padilla Juarez/Introducion a la sociologia econonomia y ciencias politicas (4321)	Alejandra, Padilla Juarez/Introduccion a la sociologia, economia y ciencias politicas (4321)
4343	Felix, Jimenez/Teoria del crecimiento endogeno primera generacion (4343)	Felix, Jimenez/Teoria del crecimiento endogeno_ primera generacion (4343)
4347	Felix, Jimenez/Teoria del crecimiento endogeno segunda generacion (4347)	Felix, Jimenez/Teoria del crecimiento endogeno_ segunda generacion (4347)
4380	Waldo, Mendoza Bellido/La ensenanza de macroeconomia en los programas de pregrado en el peru (4380)	Waldo, Mendoza Bellido/La ensenanza de macroeconomia en los programas de pregrado en el Peru (4380)
4435	Renzo, Alvarez Carcheri/Teoria del consumidor i (4435)	Renzo, Alvarez Carcheri/Teoria del consumidor I (4435)
4521	Joan Mogas Amoros, Pere Riera/Esesion contingente bosques (4521)	Joan Mogas Amoros, Pere Riera/Comparacion de la ordenacion contingente y del experimento de eleccion en la valoracion de las (4521)
4522	Carlos, Aguirre Nunez/Precios hedonicos ruido (4522)	Carlos, Aguirre Nunez/Impacto del ruido urbano en el valor de los departamentos nuevos_ un estudio de precio hedonico (4522)
8529	Zenon, Quispe Misaico/La politica monetaria del banco central de reserva del peru (8529)	Zenon, Quispe Misaico/La politica monetaria del banco central de reserva del Peru (8529)
8537	Youel, Rojas Zea/Introducion (8537)	Youel, Rojas Zea/Introduccion (8537)
8689	Graciela, Montero Gotusso/Scn en uruguay (8689)	Graciela, Montero Gotusso/Scn en Uruguay (8689)
8723	Jose Carlos, Navarro Levano/Gerencia social en el peru (8723)	Jose Carlos, Navarro Levano/Gerencia social en el Peru (8723)
8725	Jose Carlos, Navarro Levano/Gerencia social en el peru (8725)	Jose Carlos, Navarro Levano/Gerencia social en el Peru (8725)
8726	Jose Carlos, Navarro Levano/Gerencia social en el peru (8726)	Jose Carlos, Navarro Levano/Gerencia social en el Peru (8726)
8727	Jose Carlos, Navarro Levano/Gerencia social en el peru (8727)	Jose Carlos, Navarro Levano/Gerencia social en el Peru (8727)
8728	Jose Carlos, Navarro Levano/Gerencia social en el peru (8728)	Jose Carlos, Navarro Levano/Gerencia social en el Peru (8728)
8729	Jose Carlos, Navarro Levano/Gerencia social en el peru (8729)	Jose Carlos, Navarro Levano/Gerencia social en el Peru (8729)
8730	Jose Carlos, Navarro Levano/Gerencia social en el peru (8730)	Jose Carlos, Navarro Levano/Gerencia social en el Peru (8730)
8731	Jose Carlos, Navarro Levano/Gerencia social en el peru (8731)	Jose Carlos, Navarro Levano/Gerencia social en el Peru (8731)
8732	Jose Carlos, Navarro Levano/Gerencia social en el peru (8732)	Jose Carlos, Navarro Levano/Gerencia social en el Peru (8732)
8733	Jose Carlos, Navarro Levano/Gerencia social en el peru (8733)	Jose Carlos, Navarro Levano/Gerencia social en el Peru (8733)
8734	Jose Carlos, Navarro Levano/Gerencia social en el peru (8734)	Jose Carlos, Navarro Levano/Gerencia social en el Peru (8734)
8735	Jose Carlos, Navarro Levano/Gerencia social en el peru (8735)	Jose Carlos, Navarro Levano/Gerencia social en el Peru (8735)
8736	Jose Carlos, Navarro Levano/Gerencia social en el peru (8736)	Jose Carlos, Navarro Levano/Gerencia social en el Peru (8736)
8737	Jose Carlos, Navarro Levano/Gerencia social en el peru (8737)	Jose Carlos, Navarro Levano/Gerencia social en el Peru (8737)
8827	Ministerio de Economia y Finanzas/Seguimiento y evaluacion de la invesion publica (8827)	Ministerio de Economia y Finanzas/Seguimiento y evaluacion de la inversion publica (8827)
8966	Alberto, Pasco Font/Reformas estructurales y bienestar una mirada al peru de los noventa (8966)	Alberto, Pasco Font/Reformas estructurales y bienestar una mirada al Peru de los noventa (8966)
8976	Alejandro, Rodriguez Arana/La curva de phillips en mexico_ _existe una relacion de largo plazo entre la inflacion y la bre (8976)	Alejandro, Rodriguez Arana/La curva de phillips en Mexico_ _existe una relacion de largo plazo entre la inflacion y la bre (8976)
9117	Doris, Alvarado/Aplicaicones en el siaf para la gestion presupuestaria (9117)	Doris, Alvarado/Aplicaciones en el SIAF para la gestion presupuestaria (9117)
9676	Milagros/_Como citas y referenciar segun la norma Vancouver_ (9676)	Milagros/_Como citar y referenciar segun la norma Vancouver_ (9676)
9725	Victor Raul, Haya de la Torre/Por la emancipacion de America latina, articulos, mensajes, discuros (1923-1927) (9725)	Victor Raul, Haya de la Torre/Por la emancipacion de America Latina_ articulos, mensajes, discursos (1923-1927) (9725)
9935	Banco Central de Reserva del Peru/Reporte de Estabilidad Financiera, noviembre 2024. Recuadro 9_ Mercado ois en soles los derivad (9935)	Banco Central de Reserva del Peru/Reporte de Estabilidad Financiera, noviembre 2024. Recuadro 9_ Mercado OIS en soles (9935)
10046	Contraloria General de la Republica/Ley N.deg 29622. Amplia facultades sancionadoras contraloria (10046)	Contraloria General de la Republica/Ley N.deg 29622. Amplia facultades sancionadoras de la Contraloria (10046)
