37	Alexis, de Tocqueville/La democracia en america (37)/La democracia en america - Alexis, de Tocqueville.epub	Alexis, de Tocqueville/La democracia en America (37)/La democracia en America - Alexis, de Tocqueville.epub
42	Waldo, Mendoza Bellido/La historia fiscal del peru_ 1980-2020 (42)/La historia fiscal del peru_ 1980-2020 - Waldo, Mendoza Bellido.epub	Waldo, Mendoza Bellido/La historia fiscal del Peru_ 1980-2020 (42)/La historia fiscal del Peru_ 1980-2020 - Waldo, Mendoza Bellido.epub
54	Jesus, Huerta de Soto/A proposito del proceso de unificacion monetaria en europa (54)/A proposito del proceso de unificacion mon - Jesus, Huerta de Soto.pdf	Jesus, Huerta de Soto/A proposito del proceso de unificacion monetaria en Europa (54)/A proposito del proceso de unificacion mon - Jesus, Huerta de Soto.pdf
63	Artur, Colom Jaen/_El retorno de los elefantes blancos_ africa, deuda, y pobreza (63)/_El retorno de los elefantes blancos_ afri - Artur, Colom Jaen.pdf	Artur, Colom Jaen/_El retorno de los elefantes blancos_ Africa, deuda, y pobreza (63)/_El retorno de los elefantes blancos_ Afri - Artur, Colom Jaen.pdf
75	Waldo, Mendoza Bellido/Macroeconomia intermedia para america latina (75)/Macroeconomia intermedia para america lati - Waldo, Mendoza Bellido.pdf	Waldo, Mendoza Bellido/Macroeconomia intermedia para America latina (75)/Macroeconomia intermedia para America lati - Waldo, Mendoza Bellido.pdf
169	Marco, Baquero Latorre/Seleccion intrumemtos monetarios regla poole (169)/Seleccion intrumemtos monetarios regla poo - Marco, Baquero Latorre.pdf	Marco, Baquero Latorre/La seleccion de instrumentos y la implementacion de la politica monetaria (169)/La seleccion de instrumentos y la implemen - Marco, Baquero Latorre.pdf
176	Mario, Blejer/El futuro de los mercados financieros en america latina (176)/El futuro de los mercados financieros en a - Mario, Blejer.pdf	Mario, Blejer/El futuro de los mercados financieros en America latina (176)/El futuro de los mercados financieros en A - Mario, Blejer.pdf
178	Francisco Jose, Vazquez Hernandez/Modelos crecimiento economico dinanmicas complejas (178)/Modelos crecimiento economico dinanmicas c - Francisco Jose, Vazquez Hernandez.pdf	Francisco Jose, Vazquez Hernandez/Modelos de crecimiento economico y dinamicas complejas (178)/Modelos de crecimiento economico y dinamic - Francisco Jose, Vazquez Hernandez.pdf
289	Carmen Astrid, Romero/Tipos de cambio multiple en colombia 1932 1967 (289)/Tipos de cambio multiple en colombia 1932 - Carmen Astrid, Romero.pdf	Carmen Astrid, Romero/Tipos de cambio multiple en Colombia 1932 1967 (289)/Tipos de cambio multiple en Colombia 1932 - Carmen Astrid, Romero.pdf
352	Nassir, Sapag Chain/Preparcion y evaluacion de proyectos (352)/Preparcion y evaluacion de proyectos - Nassir, Sapag Chain.pdf	Nassir, Sapag Chain/Preparacion y evaluacion de proyectos (352)/Preparacion y evaluacion de proyectos - Nassir, Sapag Chain.pdf
362	Jouseline, Salay/Un modelo de ciclos reales aplicado a guatemala (362)/Un modelo de ciclos reales aplicado a guat - Jouseline, Salay.pdf	Jouseline, Salay/Un modelo de ciclos reales aplicado a Guatemala (362)/Un modelo de ciclos reales aplicado a Guat - Jouseline, Salay.pdf
383	Luis, Rincon/Introduccion a la probabibidad (383)/Introduccion a la probabibidad - Luis, Rincon.pdf	Luis, Rincon/Introduccion a la probabilidad (383)/Introduccion a la probabilidad - Luis, Rincon.pdf
385	Luis, Rincon/Curso intermedio de probabibidad (385)/Curso intermedio de probabibidad - Luis, Rincon.pdf	Luis, Rincon/Curso intermedio de probabilidad (385)/Curso intermedio de probabilidad - Luis, Rincon.pdf
400	Union Europea/Evaluacion ex ante del programa operativo feder de galicia 2014-2020 (400)/Evaluacion ex ante del programa operativo - Union Europea.pdf	Union Europea/Evaluacion ex ante del programa operativo feder de Galicia 2014-2020 (400)/Evaluacion ex ante del programa operativo - Union Europea.pdf
445	Unknown/Heraclito vs Pitagoras y Parmenides (445)/Heraclito vs Pitagoras y Parmenides - Unknown.pdf	Unknown/Heraclito vs. Pitagoras y Parmenides (445)/Heraclito vs. Pitagoras y Parmenides - Unknown.pdf
453	Jose Maria, Dagnino Pastore/Economia publica cosesion de ensayos (453)/Economia publica cosesion de ensayos - Jose Maria, Dagnino Pastore.pdf	Jose Maria, Dagnino Pastore/Economia publica_ coleccion de ensayos (453)/Economia publica_ coleccion de ensayos - Jose Maria, Dagnino Pastore.pdf
462	Platon/Dialogos vol 01 platon (462)/Dialogos vol 01 platon - Platon.pdf	Platon/Dialogos vol 01 Platon (462)/Dialogos vol 01 Platon - Platon.pdf
463	Platon/Dialogos vol 05 platon (463)/Dialogos vol 05 platon - Platon.pdf	Platon/Dialogos vol 05 Platon (463)/Dialogos vol 05 Platon - Platon.pdf
552	CEPAL/Panorama social de america latina 2022 (552)/Panorama social de america latina 2022 - CEPAL.pdf	CEPAL/Panorama social de America latina 2022 (552)/Panorama social de America latina 2022 - CEPAL.pdf
646	Hubert, Escaith/Emergencia del euro y sus implicaciones para america latina y el caribe (646)/Emergencia del euro y sus implicaciones pa - Hubert, Escaith.pdf	Hubert, Escaith/Emergencia del euro y sus implicaciones para America latina y el caribe (646)/Emergencia del euro y sus implicaciones pa - Hubert, Escaith.pdf
648	CEPAL/Panorama social de america latina 2005 (648)/Panorama social de america latina 2005 - CEPAL.pdf	CEPAL/Panorama social de America latina 2005 (648)/Panorama social de America latina 2005 - CEPAL.pdf
657	Manoel, Bittencourt/Inflacion y crecimiento economico_ evidencia con datos de panel para america del sur (657)/Inflacion y crecimiento economico_ evidenc - Manoel, Bittencourt.pdf	Manoel, Bittencourt/Inflacion y crecimiento economico_ evidencia con datos de panel para America del sur (657)/Inflacion y crecimiento economico_ evidenc - Manoel, Bittencourt.pdf
659	Cesar, Carrera Yalan/El canal del credito bancario en el peru_ evidencia y mecanismo de transmision (659)/El canal del credito bancario en el peru_ - Cesar, Carrera Yalan.pdf	Cesar, Carrera Yalan/El canal del credito bancario en el Peru_ evidencia y mecanismo de transmision (659)/El canal del credito bancario en el Peru_ - Cesar, Carrera Yalan.pdf
765	Jaime, Ros/La liberalizacion de la balanza de pagos en mexico_ efectos en el crecimiento, la desigualdad y (765)/La liberalizacion de la balanza de pagos e - Jaime, Ros.pdf	Jaime, Ros/La liberalizacion de la balanza de pagos en Mexico_ efectos en el crecimiento, la desigualdad y (765)/La liberalizacion de la balanza de pagos e - Jaime, Ros.pdf
851	Erick, Lahura/El efecto traspaso de la tasa de interes y la politica monetaria en el peru_ 1995-2004_ (851)/El efecto traspaso de la tasa de interes y - Erick, Lahura.pdf	Erick, Lahura/El efecto traspaso de la tasa de interes y la politica monetaria en el Peru_ 1995-2004_ (851)/El efecto traspaso de la tasa de interes y - Erick, Lahura.pdf
861	Noam, Chomsky/Las intenciones del tio sam (861)/Las intenciones del tio sam - Noam, Chomsky.pdf	Noam, Chomsky/Las intenciones del Tio Sam (861)/Las intenciones del Tio Sam - Noam, Chomsky.pdf
888	Friedrich, Engels/Cuestion social en rusia (888)/Cuestion social en rusia - Friedrich, Engels.pdf	Friedrich, Engels/Cuestion social en Rusia (888)/Cuestion social en Rusia - Friedrich, Engels.pdf
891	Friedrich, Engels/Revolucion y contrarevolucion en alemania (891)/Revolucion y contrarevolucion en alemania - Friedrich, Engels.pdf	Friedrich, Engels/Revolucion y contrarrevolucion en Alemania (891)/Revolucion y contrarrevolucion en Alemania - Friedrich, Engels.pdf
915	Sigmund, Freud/Nuevas sesion es introductorias al psicoanalisis (915)/Nuevas sesion es introductorias al psicoan - Sigmund, Freud.pdf	Sigmund, Freud/Nuevas lecciones introductorias al psicoanalisis (915)/Nuevas lecciones introductorias al psicoan - Sigmund, Freud.pdf
929	Sigmund, Freud/Algunas sesion es elementales de psicoanalisis (929)/Algunas sesion es elementales de psicoanal - Sigmund, Freud.pdf	Sigmund, Freud/Algunas lecciones elementales de psicoanalisis (929)/Algunas lecciones elementales de psicoanal - Sigmund, Freud.pdf
1008	Jose, De Gregorio/Discucion deficit cuenta corriente estamos frente aun problema (1008)/Discucion deficit cuenta corriente estamos - Jose, De Gregorio.pdf	Jose, De Gregorio/Deficit de la cuenta corriente_ _estamos frente a un problema_ (1008)/Deficit de la cuenta corriente_ _estamos f - Jose, De Gregorio.pdf
1023	Jacques, Lacan/Psicoanalisis radiofonia television (1023)/Psicoanalisis radiofonia television - Jacques, Lacan.pdf	Jacques, Lacan/Psicoanalisis, radiofonia y television (1023)/Psicoanalisis, radiofonia y television - Jacques, Lacan.pdf
1165	Cecilia, Garavito Masalias/Microeconomia preferencias y esesion es (1165)/Microeconomia preferencias y esesion es - Cecilia, Garavito Masalias.pdf	Cecilia, Garavito Masalias/Microeconomia_ preferencias y elecciones de los consumidores (1165)/Microeconomia_ preferencias y elecciones d - Cecilia, Garavito Masalias.pdf
1166	Carlos, Contreras/Origenes historicos de la desigualdad en el peru (1166)/Origenes historicos de la desigualdad en e - Carlos, Contreras.pdf	Carlos, Contreras/Origenes historicos de la desigualdad en el Peru (1166)/Origenes historicos de la desigualdad en e - Carlos, Contreras.pdf
1175	Richard, Roca/El repunte de la inflacion en peru 2006-2008_ causas, consecuencias y perspectivas (1175)/El repunte de la inflacion en peru 2006-20 - Richard, Roca.pdf	Richard, Roca/El repunte de la inflacion en Peru 2006-2008_ causas, consecuencias y perspectivas (1175)/El repunte de la inflacion en Peru 2006-20 - Richard, Roca.pdf
1184	Richard, Roca/Lineamientos de politica tributaria para el peru (1184)/Lineamientos de politica tributaria para e - Richard, Roca.pdf	Richard, Roca/Lineamientos de politica tributaria para el Peru (1184)/Lineamientos de politica tributaria para e - Richard, Roca.pdf
1267	Friedrich, Engels/El problema del campesino en francia y en alemania (1267)/El problema del campesino en francia y en - Friedrich, Engels.pdf	Friedrich, Engels/El problema del campesino en Francia y en Alemania (1267)/El problema del campesino en Francia y en - Friedrich, Engels.pdf
1310	Friedrich, Nietzsche/La genealgia de la moral (1310)/La genealgia de la moral - Friedrich, Nietzsche.pdf	Friedrich, Nietzsche/La genealogia de la moral (1310)/La genealogia de la moral - Friedrich, Nietzsche.pdf
1384	Carlos, Aquino Rodriguez/Relaciones del peru con taiwan (1384)/Relaciones del peru con taiwan - Carlos, Aquino Rodriguez.pdf	Carlos, Aquino Rodriguez/Relaciones del Peru con Taiwan (1384)/Relaciones del Peru con Taiwan - Carlos, Aquino Rodriguez.pdf
1400	Carlos, Aquino Rodriguez/Importancia de la participacion del Peru en el focalae (1400)/Importancia de la participacion del Peru e - Carlos, Aquino Rodriguez.pdf	Carlos, Aquino Rodriguez/Importancia de la participacion del Peru en el FOCALAE (1400)/Importancia de la participacion del Peru e - Carlos, Aquino Rodriguez.pdf
1560	Jose Ignacio, Lopez Gaviria/Precios e inflaccion (1560)/Precios e inflaccion - Jose Ignacio, Lopez Gaviria.pdf	Jose Ignacio, Lopez Gaviria/Precios e inflacion (1560)/Precios e inflacion - Jose Ignacio, Lopez Gaviria.pdf
1563	Karl R., Popper/La influencia de las ideas filosoficas en europa (1563)/La influencia de las ideas filosoficas en - Karl R., Popper.pdf	Karl R., Popper/La influencia de las ideas filosoficas en Europa (1563)/La influencia de las ideas filosoficas en - Karl R., Popper.pdf
1578	Alex/Transcripcion de abimael guzman ante el gein (1578)/Transcripcion de abimael guzman ante el ge - Alex.pdf	Alex/Transcripcion de Abimael Guzman ante el GEIN (1578)/Transcripcion de Abimael Guzman ante el GE - Alex.pdf
1602	James S., Costain/Modelo barro gordon reglas o discresion (1602)/Modelo barro gordon reglas o discresion - James S., Costain.pdf	James S., Costain/El modelo Barro-Gordon_ _reglas o discrecion_ (1602)/El modelo Barro-Gordon_ _reglas o discreci - James S., Costain.pdf
1879	Richard, Webb/El presidente garcia y el banco de oro (1879)/El presidente garcia y el banco de oro - Richard, Webb.pdf	Richard, Webb/El presidente Garcia y el banco de oro (1879)/El presidente Garcia y el banco de oro - Richard, Webb.pdf
2017	Juan, Palomino/Desarrollo de los estudios de economia regional en el peru_ aportes y criticas (2017)/Desarrollo de los estudios de economia reg - Juan, Palomino.pdf	Juan, Palomino/Desarrollo de los estudios de economia regional en el Peru_ aportes y criticas (2017)/Desarrollo de los estudios de economia reg - Juan, Palomino.pdf
2039	Juan Carlos, Feres/El metodo de las necesidades basicas insatisfechas (nbi) y sus aplicaciones en america latina (2039)/El metodo de las necesidades basicas insat - Juan Carlos, Feres.pdf	Juan Carlos, Feres/El metodo de las necesidades basicas insatisfechas (nbi) y sus aplicaciones en America latina (2039)/El metodo de las necesidades basicas insat - Juan Carlos, Feres.pdf
2041	CEPAL/Panorama social de america latina 2007 (2041)/Panorama social de america latina 2007 - CEPAL.pdf	CEPAL/Panorama social de America latina 2007 (2041)/Panorama social de America latina 2007 - CEPAL.pdf
2045	CEPAL/La distribucion del ingreso en uruguay 1986-1999_ alternativas para su medicion (2045)/La distribucion del ingreso en uruguay 198 - CEPAL.pdf	CEPAL/La distribucion del ingreso en Uruguay 1986-1999_ alternativas para su medicion (2045)/La distribucion del ingreso en Uruguay 198 - CEPAL.pdf
2046	Desarrollo humano y pobreza en Uruguay/Parte i. desarrollo humano y pobreza en uruguay (2046)/Parte i. desarrollo humano y pobreza en ur - Desarrollo humano y pobreza en Uruguay.pdf	Desarrollo humano y pobreza en Uruguay/Parte i. desarrollo humano y pobreza en Uruguay (2046)/Parte i. desarrollo humano y pobreza en Ur - Desarrollo humano y pobreza en Uruguay.pdf
2049	CECEA/Introduccion al sistema de cuentas nacioanles revision 1993 economia descriptiva i (2049)/Introduccion al sistema de cuentas nacioan - CECEA.pdf	CECEA/Introduccion al sistema de cuentas nacionales revision 1993 economia descriptiva i (2049)/Introduccion al sistema de cuentas naciona - CECEA.pdf
2110	Edmundo, Beteta Obreros/Aplicacion de una metologia para departamento en 2005-2012 (2110)/Aplicacion de una metologia para departame - Edmundo, Beteta Obreros.pdf	Edmundo, Beteta Obreros/Aplicacion de una metodologia para el analisis de las desigualdades socioeconomicas en acceso a (2110)/Aplicacion de una metodologia para el anal - Edmundo, Beteta Obreros.pdf
2154	Miguel, Casares/Modelos de crecimiento endogeno con comportamiento optimizador ii (2154)/Modelos de crecimiento endogeno con compor - Miguel, Casares.pdf	Miguel, Casares/Modelos de crecimiento endogeno con comportamiento optimizador II (2154)/Modelos de crecimiento endogeno con compor - Miguel, Casares.pdf
2155	Miguel, Casares/Modelos de crecimiento endogeno con comportamiento optimizador i (2155)/Modelos de crecimiento endogeno con compor - Miguel, Casares.pdf	Miguel, Casares/Modelos de crecimiento endogeno con comportamiento optimizador I (2155)/Modelos de crecimiento endogeno con compor - Miguel, Casares.pdf
2242	Javier, Hualde/Combinacion de cortes transversales en el tiempo y metodos simples para data de panel (2242)/Combinacion de cortes transversales en el - Javier, Hualde.pdf	Javier, Hualde/Combinacion de cortes transversales en el tiempo y metodos simples para datos de panel (2242)/Combinacion de cortes transversales en el - Javier, Hualde.pdf
2423	Paula, Gonzalez/La esesion publica ii (2423)/La esesion publica ii - Paula, Gonzalez.pdf	Paula, Gonzalez/La eleccion publica II (2423)/La eleccion publica II - Paula, Gonzalez.pdf
2424	Paula, Gonzalez/La esesion publica i (2424)/La esesion publica i - Paula, Gonzalez.pdf	Paula, Gonzalez/La eleccion publica I (2424)/La eleccion publica I - Paula, Gonzalez.pdf
2443	Miguel, Priale Ugas/Metodologias de esp evaluacion contingente y evaluacion hedonica (2443)/Metodologias de esp evaluacion contingente - Miguel, Priale Ugas.pdf	Miguel, Priale Ugas/Metodologias de evaluacion social de proyectos_ evaluacion contingente y evaluacion hedonica (2443)/Metodologias de evaluacion social de proye - Miguel, Priale Ugas.pdf
2908	Jorge, Alcalde-Unzu/La competencia monopolistica y el oligopolio (2908)/La competencia monopolistica y el oligopol - Jorge, Alcalde-Unzu.pdf	Jorge, Alcalde-Unzu/La competencia monopolistica y el oligopolio II (2908)/La competencia monopolistica y el oligopol - Jorge, Alcalde-Unzu.pdf
2909	Jorge, Alcalde-Unzu/La competencia monopolistica y el oligopolio (2909)/La competencia monopolistica y el oligopol - Jorge, Alcalde-Unzu.pdf	Jorge, Alcalde-Unzu/La competencia monopolistica y el oligopolio I (2909)/La competencia monopolistica y el oligopol - Jorge, Alcalde-Unzu.pdf
3170	Fabrizio, Orrego Peche/Cosolidado de ejercicos juegos y contratos (3170)/Cosolidado de ejercicos juegos y contratos - Fabrizio, Orrego Peche.pdf	Fabrizio, Orrego Peche/Consolidado de ejercicios_ juegos y contratos (3170)/Consolidado de ejercicios_ juegos y contra - Fabrizio, Orrego Peche.pdf
3172	Victor, Roca Buiza/Las infraestructuras del mercado financiero en el peru el rol del bcrp (3172)/Las infraestructuras del mercado financier - Victor, Roca Buiza.pdf	Victor, Roca Buiza/Las infraestructuras del mercado financiero en el Peru el rol del bcrp (3172)/Las infraestructuras del mercado financier - Victor, Roca Buiza.pdf
3338	Zenon, Quispe Misaico/Una aproximacion a la demanda de los principales agregados monetarios en el peru_ junio 1991 - (3338)/Una aproximacion a la demanda de los princ - Zenon, Quispe Misaico.pdf	Zenon, Quispe Misaico/Una aproximacion a la demanda de los principales agregados monetarios en el Peru_ junio 1991 - (3338)/Una aproximacion a la demanda de los princ - Zenon, Quispe Misaico.pdf
3496	Leonardo, Gasparini/Desiguald_ extensiones (3496)/Desiguald_ extensiones - Leonardo, Gasparini.pdf	Leonardo, Gasparini/Desigualdad_ extensiones (3496)/Desigualdad_ extensiones - Leonardo, Gasparini.pdf
3512	Jose, Mendoza Sanchez/El estimador de minimos cuadrados ordinarios mco (3512)/El estimador de minimos cuadrados ordinari - Jose, Mendoza Sanchez.pdf	Jose, Mendoza Sanchez/El estimador de minimos cuadrados ordinarios (MCO) (3512)/El estimador de minimos cuadrados ordinari - Jose, Mendoza Sanchez.pdf
3536	INFOX/Modelos de seleccion discreta probit y logit modelo de probab (3536)/Modelos de seleccion discreta probit y log - INFOX.pdf	INFOX/Modelos de seleccion discreta probit y logit_ modelo de probabilidad lineal (3536)/Modelos de seleccion discreta probit y log - INFOX.pdf
3573	Victor, Gamarra Echenique/Introduccion a los experimentos aleatorios tamamo de muestra (3573)/Introduccion a los experimentos aleatorios - Victor, Gamarra Echenique.pdf	Victor, Gamarra Echenique/Tamano de muestra y poder estadistico (3573)/Tamano de muestra y poder estadistico - Victor, Gamarra Echenique.pdf
3684	Liliam, Valdiviezo/Es dificil programar (3684)/Es dificil programar - Liliam, Valdiviezo.pdf	Liliam, Valdiviezo/_Que tan dificil es programar_ HTML, CSS y JavaScript (3684)/_Que tan dificil es programar_ HTML, CSS y - Liliam, Valdiviezo.pdf
3738	Ricardo, Crispin Morris/Vizualizacion de datos (3738)/Vizualizacion de datos - Ricardo, Crispin Morris.pdf	Ricardo, Crispin Morris/Visualizacion de datos (3738)/Visualizacion de datos - Ricardo, Crispin Morris.pdf
3739	Ricardo, Crispin Morris/Vizualizacion de datos (3739)/Vizualizacion de datos - Ricardo, Crispin Morris.pdf	Ricardo, Crispin Morris/Visualizacion de datos (3739)/Visualizacion de datos - Ricardo, Crispin Morris.pdf
3926	Janice, Seinfeld/Bibliografa sugerida (3926)/Bibliografa sugerida - Janice, Seinfeld.pdf	Janice, Seinfeld/Bibliografia sugerida (3926)/Bibliografia sugerida - Janice, Seinfeld.pdf
3985	Amira Pamela, Canova Arce/La reconstruccion industrial de europa despues de la segunda guerra mundial (3985)/La reconstruccion industrial de europa des - Amira Pamela, Canova Arce.pdf	Amira Pamela, Canova Arce/La reconstruccion industrial de Europa despues de la segunda guerra mundial (3985)/La reconstruccion industrial de Europa des - Amira Pamela, Canova Arce.pdf
4027	Banco Central de Reserva del Peru/Museo numismatico del peru (4027)/Museo numismatico del peru - Banco Central de Reserva del Peru.pdf	Banco Central de Reserva del Peru/Museo numismatico del Peru (4027)/Museo numismatico del Peru - Banco Central de Reserva del Peru.pdf
4054	Enrique, Gonzalez Paucarhuanca/Vison general de las teorias de crecimiento economico (4054)/Vison general de las teorias de crecimient - Enrique, Gonzalez Paucarhuanca.pdf	Enrique, Gonzalez Paucarhuanca/Vision general de las teorias de crecimiento economico (4054)/Vision general de las teorias de crecimien - Enrique, Gonzalez Paucarhuanca.pdf
4118	Pelayo, Hilario Valenzuela/Investigacion de mercados de la panaderia raul (4118)/Investigacion de mercados de la panaderia - Pelayo, Hilario Valenzuela.pdf	Pelayo, Hilario Valenzuela/Investigacion de mercados de la panaderia Raul (4118)/Investigacion de mercados de la panaderia - Pelayo, Hilario Valenzuela.pdf
4173	Tony, Hinojosa Vivanco/Evaluacion de protectos en empresas en marcha ii (4173)/Evaluacion de protectos en empresas en mar - Tony, Hinojosa Vivanco.pdf	Tony, Hinojosa Vivanco/Evaluacion de proyectos en empresas en marcha II (4173)/Evaluacion de proyectos en empresas en mar - Tony, Hinojosa Vivanco.pdf
4174	Tony, Hinojosa Vivanco/Evaluacion de protectos en empresas en marcha i (4174)/Evaluacion de protectos en empresas en mar - Tony, Hinojosa Vivanco.pdf	Tony, Hinojosa Vivanco/Evaluacion de proyectos en empresas en marcha I (4174)/Evaluacion de proyectos en empresas en mar - Tony, Hinojosa Vivanco.pdf
4265	Zenon, Quispe Misaico/La politica monetaria del banco central de reserva del peru (4265)/La politica monetaria del banco central de - Zenon, Quispe Misaico.pdf	Zenon, Quispe Misaico/La politica monetaria del banco central de reserva del Peru (4265)/La politica monetaria del banco central de - Zenon, Quispe Misaico.pdf
4318	Alejandra, Padilla Juarez/Introducion a la sociologia econonomia y ciencias politicas (4318)/Introducion a la sociologia econonomia y c - Alejandra, Padilla Juarez.pdf	Alejandra, Padilla Juarez/Introduccion a la sociologia, economia y ciencias politicas (4318)/Introduccion a la sociologia, economia y c - Alejandra, Padilla Juarez.pdf
4319	Alejandra, Padilla Juarez/Introducion a la sociologia econonomia y ciencias politicas (4319)/Introducion a la sociologia econonomia y c - Alejandra, Padilla Juarez.pdf	Alejandra, Padilla Juarez/Introduccion a la sociologia, economia y ciencias politicas (4319)/Introduccion a la sociologia, economia y c - Alejandra, Padilla Juarez.pdf
4320	Alejandra, Padilla Juarez/Introducion a la sociologia econonomia y ciencias politicas (4320)/Introducion a la sociologia econonomia y c - Alejandra, Padilla Juarez.pdf	Alejandra, Padilla Juarez/Introduccion a la sociologia, economia y ciencias politicas (4320)/Introduccion a la sociologia, economia y c - Alejandra, Padilla Juarez.pdf
4321	Alejandra, Padilla Juarez/Introducion a la sociologia econonomia y ciencias politicas (4321)/Introducion a la sociologia econonomia y c - Alejandra, Padilla Juarez.pdf	Alejandra, Padilla Juarez/Introduccion a la sociologia, economia y ciencias politicas (4321)/Introduccion a la sociologia, economia y c - Alejandra, Padilla Juarez.pdf
4343	Felix, Jimenez/Teoria del crecimiento endogeno primera generacion (4343)/Teoria del crecimiento endogeno primera ge - Felix, Jimenez.pdf	Felix, Jimenez/Teoria del crecimiento endogeno_ primera generacion (4343)/Teoria del crecimiento endogeno_ primera g - Felix, Jimenez.pdf
4347	Felix, Jimenez/Teoria del crecimiento endogeno segunda generacion (4347)/Teoria del crecimiento endogeno segunda ge - Felix, Jimenez.pdf	Felix, Jimenez/Teoria del crecimiento endogeno_ segunda generacion (4347)/Teoria del crecimiento endogeno_ segunda g - Felix, Jimenez.pdf
4380	Waldo, Mendoza Bellido/La ensenanza de macroeconomia en los programas de pregrado en el peru (4380)/La ensenanza de macroeconomia en los progr - Waldo, Mendoza Bellido.pdf	Waldo, Mendoza Bellido/La ensenanza de macroeconomia en los programas de pregrado en el Peru (4380)/La ensenanza de macroeconomia en los progr - Waldo, Mendoza Bellido.pdf
4435	Renzo, Alvarez Carcheri/Teoria del consumidor i (4435)/Teoria del consumidor i - Renzo, Alvarez Carcheri.pdf	Renzo, Alvarez Carcheri/Teoria del consumidor I (4435)/Teoria del consumidor I - Renzo, Alvarez Carcheri.pdf
4521	Joan Mogas Amoros, Pere Riera/Esesion contingente bosques (4521)/Esesion contingente bosques - Joan Mogas Amoros, Pere Riera.pdf	Joan Mogas Amoros, Pere Riera/Comparacion de la ordenacion contingente y del experimento de eleccion en la valoracion de las (4521)/Comparacion de la ordenacion contingente y - Joan Mogas Amoros, Pere Riera.pdf
4522	Carlos, Aguirre Nunez/Precios hedonicos ruido (4522)/Precios hedonicos ruido - Carlos, Aguirre Nunez.pdf	Carlos, Aguirre Nunez/Impacto del ruido urbano en el valor de los departamentos nuevos_ un estudio de precio hedonico (4522)/Impacto del ruido urbano en el valor de lo - Carlos, Aguirre Nunez.pdf
8529	Zenon, Quispe Misaico/La politica monetaria del banco central de reserva del peru (8529)/La politica monetaria del banco central de - Zenon, Quispe Misaico.pdf	Zenon, Quispe Misaico/La politica monetaria del banco central de reserva del Peru (8529)/La politica monetaria del banco central de - Zenon, Quispe Misaico.pdf
8537	Youel, Rojas Zea/Introducion (8537)/Introducion - Youel, Rojas Zea.pdf	Youel, Rojas Zea/Introduccion (8537)/Introduccion - Youel, Rojas Zea.pdf
8689	Graciela, Montero Gotusso/Scn en uruguay (8689)/Scn en uruguay - Graciela, Montero Gotusso.pdf	Graciela, Montero Gotusso/Scn en Uruguay (8689)/Scn en Uruguay - Graciela, Montero Gotusso.pdf
8723	Jose Carlos, Navarro Levano/Gerencia social en el peru (8723)/Gerencia social en el peru - Jose Carlos, Navarro Levano.pdf	Jose Carlos, Navarro Levano/Gerencia social en el Peru (8723)/Gerencia social en el Peru - Jose Carlos, Navarro Levano.pdf
8725	Jose Carlos, Navarro Levano/Gerencia social en el peru (8725)/Gerencia social en el peru - Jose Carlos, Navarro Levano.pdf	Jose Carlos, Navarro Levano/Gerencia social en el Peru (8725)/Gerencia social en el Peru - Jose Carlos, Navarro Levano.pdf
8726	Jose Carlos, Navarro Levano/Gerencia social en el peru (8726)/Gerencia social en el peru - Jose Carlos, Navarro Levano.pdf	Jose Carlos, Navarro Levano/Gerencia social en el Peru (8726)/Gerencia social en el Peru - Jose Carlos, Navarro Levano.pdf
8727	Jose Carlos, Navarro Levano/Gerencia social en el peru (8727)/Gerencia social en el peru - Jose Carlos, Navarro Levano.pdf	Jose Carlos, Navarro Levano/Gerencia social en el Peru (8727)/Gerencia social en el Peru - Jose Carlos, Navarro Levano.pdf
8728	Jose Carlos, Navarro Levano/Gerencia social en el peru (8728)/Gerencia social en el peru - Jose Carlos, Navarro Levano.pdf	Jose Carlos, Navarro Levano/Gerencia social en el Peru (8728)/Gerencia social en el Peru - Jose Carlos, Navarro Levano.pdf
8729	Jose Carlos, Navarro Levano/Gerencia social en el peru (8729)/Gerencia social en el peru - Jose Carlos, Navarro Levano.pdf	Jose Carlos, Navarro Levano/Gerencia social en el Peru (8729)/Gerencia social en el Peru - Jose Carlos, Navarro Levano.pdf
8730	Jose Carlos, Navarro Levano/Gerencia social en el peru (8730)/Gerencia social en el peru - Jose Carlos, Navarro Levano.pdf	Jose Carlos, Navarro Levano/Gerencia social en el Peru (8730)/Gerencia social en el Peru - Jose Carlos, Navarro Levano.pdf
8731	Jose Carlos, Navarro Levano/Gerencia social en el peru (8731)/Gerencia social en el peru - Jose Carlos, Navarro Levano.pdf	Jose Carlos, Navarro Levano/Gerencia social en el Peru (8731)/Gerencia social en el Peru - Jose Carlos, Navarro Levano.pdf
8732	Jose Carlos, Navarro Levano/Gerencia social en el peru (8732)/Gerencia social en el peru - Jose Carlos, Navarro Levano.pdf	Jose Carlos, Navarro Levano/Gerencia social en el Peru (8732)/Gerencia social en el Peru - Jose Carlos, Navarro Levano.pdf
8733	Jose Carlos, Navarro Levano/Gerencia social en el peru (8733)/Gerencia social en el peru - Jose Carlos, Navarro Levano.pdf	Jose Carlos, Navarro Levano/Gerencia social en el Peru (8733)/Gerencia social en el Peru - Jose Carlos, Navarro Levano.pdf
8734	Jose Carlos, Navarro Levano/Gerencia social en el peru (8734)/Gerencia social en el peru - Jose Carlos, Navarro Levano.pdf	Jose Carlos, Navarro Levano/Gerencia social en el Peru (8734)/Gerencia social en el Peru - Jose Carlos, Navarro Levano.pdf
8735	Jose Carlos, Navarro Levano/Gerencia social en el peru (8735)/Gerencia social en el peru - Jose Carlos, Navarro Levano.pdf	Jose Carlos, Navarro Levano/Gerencia social en el Peru (8735)/Gerencia social en el Peru - Jose Carlos, Navarro Levano.pdf
8736	Jose Carlos, Navarro Levano/Gerencia social en el peru (8736)/Gerencia social en el peru - Jose Carlos, Navarro Levano.pdf	Jose Carlos, Navarro Levano/Gerencia social en el Peru (8736)/Gerencia social en el Peru - Jose Carlos, Navarro Levano.pdf
8737	Jose Carlos, Navarro Levano/Gerencia social en el peru (8737)/Gerencia social en el peru - Jose Carlos, Navarro Levano.pdf	Jose Carlos, Navarro Levano/Gerencia social en el Peru (8737)/Gerencia social en el Peru - Jose Carlos, Navarro Levano.pdf
8827	Ministerio de Economia y Finanzas/Seguimiento y evaluacion de la invesion publica (8827)/Seguimiento y evaluacion de la invesion pu - Ministerio de Economia y Finanzas.pdf	Ministerio de Economia y Finanzas/Seguimiento y evaluacion de la inversion publica (8827)/Seguimiento y evaluacion de la inversion p - Ministerio de Economia y Finanzas.pdf
8966	Alberto, Pasco Font/Reformas estructurales y bienestar una mirada al peru de los noventa (8966)/Reformas estructurales y bienestar una mir - Alberto, Pasco Font.pdf	Alberto, Pasco Font/Reformas estructurales y bienestar una mirada al Peru de los noventa (8966)/Reformas estructurales y bienestar una mir - Alberto, Pasco Font.pdf
8976	Alejandro, Rodriguez Arana/La curva de phillips en mexico_ _existe una relacion de largo plazo entre la inflacion y la bre (8976)/La curva de phillips en mexico_ _existe un - Alejandro, Rodriguez Arana.pdf	Alejandro, Rodriguez Arana/La curva de phillips en Mexico_ _existe una relacion de largo plazo entre la inflacion y la bre (8976)/La curva de phillips en Mexico_ _existe un - Alejandro, Rodriguez Arana.pdf
9117	Doris, Alvarado/Aplicaicones en el siaf para la gestion presupuestaria (9117)/Aplicaicones en el siaf para la gestion pr - Doris, Alvarado.pdf	Doris, Alvarado/Aplicaciones en el SIAF para la gestion presupuestaria (9117)/Aplicaciones en el SIAF para la gestion pr - Doris, Alvarado.pdf
9676	Milagros/_Como citas y referenciar segun la norma Vancouver_ (9676)/_Como citas y referenciar segun la norma V - Milagros.pdf	Milagros/_Como citar y referenciar segun la norma Vancouver_ (9676)/_Como citar y referenciar segun la norma V - Milagros.pdf
9725	Victor Raul, Haya de la Torre/Por la emancipacion de America latina, articulos, mensajes, discuros (1923-1927) (9725)/Por la emancipacion de America latina, art - Victor Raul, Haya de la Torre.pdf	Victor Raul, Haya de la Torre/Por la emancipacion de America Latina_ articulos, mensajes, discursos (1923-1927) (9725)/Por la emancipacion de America Latina_ art - Victor Raul, Haya de la Torre.pdf
9935	Banco Central de Reserva del Peru/Reporte de Estabilidad Financiera, noviembre 2024. Recuadro 9_ Mercado ois en soles los derivad (9935)/Reporte de Estabilidad Financiera, noviemb - Banco Central de Reserva del Peru.pdf	Banco Central de Reserva del Peru/Reporte de Estabilidad Financiera, noviembre 2024. Recuadro 9_ Mercado OIS en soles (9935)/Reporte de Estabilidad Financiera, noviemb - Banco Central de Reserva del Peru.pdf
10046	Contraloria General de la Republica/Ley N.deg 29622. Amplia facultades sancionadoras contraloria (10046)/Ley N.deg 29622. Amplia facultades sancion - Contraloria General de la Republica.pdf	Contraloria General de la Republica/Ley N.deg 29622. Amplia facultades sancionadoras de la Contraloria (10046)/Ley N.deg 29622. Amplia facultades sancion - Contraloria General de la Republica.pdf
