id	autores	titulo	tipo_zotero	clasificador	editorial	fecha	identificador	idioma	tags	confianza	nota
9887	Charles T., Horngren & Srikant M., Datar & Madhav V., Rajan	Contabilidad de costos: un enfoque gerencial	Book	Libro	Pearson Educacion	2012	isbn:9786073210249	Spanish	contabilidad_costos, contabilidad, administracion	alta	14a ed.; archivo con extension corrupta .unenfoquegerencial, renombrar a .pdf
9892	Clara, Redondo & Chema, Gomez de Lora & Esperanza, Fabregat & Raquel, Miguez	Cuentos para educar: dirigido a ninos y ninas de entre 6 y 12 anos para promover los valores en el deporte	Book	Libro	CEAPA	2009		Spanish	pedagogia, didactica, aprendizaje	alta	1a ed. dic. 2009; sin ISBN, solo deposito legal
9899	Leticia, Dotras	Cuentos para educar	Book	Libro	Editorial CCS	2011	isbn:9788490236192	Spanish	pedagogia, didactica	alta	5a ed. enero 2011; serie Materiales para educadores; ISBN de la version epub
9894	Clara, Penalver & Sara, Sanchez	Cuentos para educar con inteligencia emocional	Book	Libro	Penguin Random House Grupo Editorial	2014	isbn:9788448843809	Spanish	pedagogia, psychology, aprendizaje	alta	Edicion digital dic. 2014; Sara Sanchez es la ilustradora
9898	Maria Victoria, Ramirez & Ana Belen, Carmona & Carlos, de la Cruz	Cuentos para educar en familia: dirigido a ninos y ninas de entre 6 y 12 anos para fomentar la educacion sexual	Book	Libro	CEAPA	2009		Spanish	pedagogia, didactica, aprendizaje	alta	1a ed. nov. 2009; sin ISBN
9897	Laureano, Benitez Grande-Caballero	Cuentos para educar en valores: actividades para animacion a la lectura, educacion para la ciudadania, etica y tutorias	Book	Libro	Editorial CCS	2011	isbn:9788490238233	Spanish	pedagogia, didactica, ethics	alta	Serie Materiales para educadores; ISBN de la version epub; apellido con guion obliga separador | en nombre de archivo
9896	Begona, Ibarrola	Cuentos para educar ninos felices	Book	Extracto	Ediciones SM	2010		Spanish	pedagogia, psychology, aprendizaje	media	Escaneo sin texto identificado por OCR; solo extracto de 20 paginas; ilustraciones de Jesus Gaban
9895	Luis M., Benavides	Cuentos para ser humano: cuentos, peliculas y canciones con valores	Book	Libro	Editorial CCS	2012	isbn:9788490237021	Spanish	pedagogia, didactica, ethics	alta	Coleccion Gestos y palabras; ISBN de la version pdf
9891	Arlette, Beltran & Hanny, Cueva	Ejercicios de evaluacion privada de proyectos	Book	Ejercicios resueltos	Universidad del Pacifico, Centro de Investigacion	2002	isbn:9972603431	Spanish	evaluacion_privada, proyectos_inversion, formulacion_proyectos	media	Escaneo identificado por OCR; 3a ed., ultima reimpresion junio 2002
9885	Josette, Jolibert & Robert, Gloton	El poder de leer: tecnicas, procedimientos y orientaciones para la ensenanza y aprendizaje de la lectura	Book	Libro	Editorial Gedisa	2003	isbn:8474320488	Spanish	pedagogia, didactica, aprendizaje	media	Escaneo identificado por OCR; compiladores (Editor en Zotero); 5a ed.; trad. de Le pouvoir de lire
9883	Adrian, Quispe Andia & Kriss Melody, Calla Vasquez & Judith Soledad, Yangali Vicente & Jose Luis, Rodriguez Lopez & Ilich Ivan, Pumacayo Palomino	Estadistica no parametrica aplicada a la investigacion cientifica con software SPSS, MINITAB y Excel: enfoque practico	Book	Libro	Editorial EIDEC	2019	isbn:9789585203099	Spanish	estadistica, inferencia_estadistica, metodologia_investigacion	alta	1a ed. 2019-12-18; coleccion Resultado de Investigacion vol. 1
9882	Rene, Cornejo Diaz	Evaluacion de proyectos: con ejemplos	Manuscript	Documento de trabajo		2017		Spanish	evaluacion_privada, proyectos_inversion, finanzas_corporativas	alta	Borrador docente de uso exclusivo en la Universidad ESAN; sin editorial ni ISBN
9889	Carlos, Aliaga	Final II parte	Manuscript	Documento de trabajo		2012		Spanish	matematicas_financieras, economia_financiera	baja	Autor deducido de marca de agua; fecha de metadatos PDF; texto de anualidades sin portada ni ISBN
9906	Ministerio de Economia y Finanzas	Turismo: guia para la formulacion de proyectos de inversion exitosos	Report	Guia	Ministerio de Economia y Finanzas, Direccion General de Politica de Inversiones	2011		Spanish	formulacion_proyectos, proyectos_inversion, evaluacion_social, gestion_publica	alta	Guia metodologica gubernamental (MEF/DGPI con MINCETUR), 1a ed. octubre 2011
9903	Roman, Vershynin	High-dimensional probability: an introduction with applications in data science	Book	Libro	Cambridge University Press	2026	url:https://www.math.uci.edu/~rvershyn/	English	probability, estadistica, data_science	alta	2a ed., version pre-publicacion (2026-05-28) sin ISBN; titulo con guion obliga separador | en nombre de archivo
9886	Jose M., Martin Senmache Sarmiento	Matematica financiera	Book	Libro	T-Asesora con Precision S.A.C.	2013		Spanish	matematicas_financieras, economia_financiera	alta	4a ed. octubre 2013, Lima, para www.e-financebook.com; sin ISBN
9890	Mauricio M., Virreira Avila	Evaluacion financiera de proyectos de inversion: metodos y aplicaciones	Book	Libro	Universidad Privada de Santa Cruz de la Sierra (UPSA)	2020		Spanish	evaluacion_privada, proyectos_inversion, finanzas_corporativas	media	UPSA como editorial segun presentacion de la rectora; sin ISBN visible
9880	Carlos, Aliaga Valdez	Manual de matematica financiera: texto, problemas y casos	Book	Libro	Universidad del Pacifico, Centro de Investigacion	1995		Spanish	matematicas_financieras, economia_financiera	alta	2a ed. agosto 1995; serie Apuntes de Estudio 18; ISBN ilegible en el escaneo
9884	Luis, Valdivieso Serrano	Notas de tecnicas de muestreo	Book	Libro	Pontificia Universidad Catolica del Peru, Departamento Academico de Ciencias	2021	isbn:9786124775727	Spanish	muestreo, estadistica, inferencia_estadistica, programming_r	alta	2a edicion digital octubre 2021; PUCP
9881	Nassir, Sapag Chain	Proyectos de inversion: formulacion y evaluacion	Book	Libro	Pearson Educacion	2011	isbn:9789563431070	Spanish	proyectos_inversion, formulacion_proyectos, evaluacion_privada	alta	2a ed., Pearson Educacion de Chile; ISBN de la version impresa
9888	Nassir, Sapag Chain & Reinaldo, Sapag Chain & Jose Manuel, Sapag Puelma	Preparacion y evaluacion de proyectos	Book	Libro	McGraw-Hill/Interamericana Editores	2014	isbn:9786071511447	Spanish	proyectos_inversion, formulacion_proyectos, evaluacion_privada	alta	"6a ed. completa (370 pp.); el ""pp. 52-61"" del titulo actual es erroneo"
9893	Isa, Mancheno	Tecnicas, actividades y cuentos para educar las emociones de los ninos	Book	Recurso educativo		2020		Spanish	pedagogia, psychology, aprendizaje	media	Ebook autopublicado sin editorial ni ISBN; fecha de metadatos PDF
48	Pedro, Solbes Mira & Rodrigo, de Rato y Figaredo	60 años después de Bretton Woods	Magazine Article	Articulo de revista	Información Comercial Española (Boletín Económico de ICE)	2004-07	url:https://www.revistasice.com/index.php/BICE/article/view/3603	Spanish	finanzas_internacionales, economia_internacional, historia_economica	alta	Conferencias del seminario FMI-Banco de España (Madrid, 14-06-2004), BICE n. 2814, pp. 11-21 | Identificado por busqueda web 2026-07-27: https://www.revistasice.com/index.php/BICE/article/view/3603
4389		Acumulacion de capital y crecimiento (II). El modelo de Solow	Presentation	Diapositiva		2008		Spanish	macroeconomia, crecimiento_economico, teoria_macroeconomica	media	Diapositivas Beamer del curso Macroeconomia III 2008-09, Capitulo 4; sin autor
3332		Analisis en forma estrategica: juegos estaticos I	Manuscript	Apuntes de clase		2008		Spanish	microeconomia, teoria_juegos	baja	Apuntes de teoria de juegos (dominacion, mejor respuesta, equilibrio de Nash); fecha solo por metadatos PDF
3330		Analisis en forma estrategica: juegos estaticos II	Manuscript	Apuntes de clase		2008		Spanish	microeconomia, teoria_juegos	baja	Continuacion del item 3332: equilibrio de Nash y aplicaciones (Cournot, Bertrand); fecha solo por metadatos PDF
460	Halbert, White	Asymptotic theory for econometricians	Book	Libro	Academic Press	2001	isbn:0124766525	English	fundamentos_econometria, inferencia_estadistica, series_tiempo	media	Ed. revisada (2a) 2001; ISBN y editorial en pagina legal; autor identificado via ISBN (no legible en OCR)
1544		Bayesian econometrics	Manuscript	Apuntes de clase				English	econometria_bayesiana, fundamentos_econometria, estadistica_bayesiana	baja	"Apunte de curso (""in this course""); titulo original con errata ""econometrcis"" corregida; sin autor ni fecha"
436		Bretton Woods, el BM y el FMI	Manuscript	Apuntes de clase				Spanish	economia_internacional, finanzas_internacionales, historia_economica	baja	Apunte sobre FMI, BM, ONU y cooperacion del Estado Espanol; sin autor ni fecha fiable
447		Capitalizacion y actualizacion	Book Section	Capitulo de libro				Spanish	matematicas_financieras, economia_financiera	baja	Capitulo 6 de un libro de matematica financiera argentino no identificado (inicia en p. 61 del original)
444	Martin, Ellison	Cash in advance model (Monetary Economics, cap. 4)	Manuscript	Apuntes de clase	University of Oxford / University of Warwick (EC924)		url:https://users.ox.ac.uk/~exet2581/msc/ec924cia.pdf	English	macroeconomia, politica_monetaria, macroeconomia_dinamica	alta	PDF idéntico alojado en la página personal de Martin Ellison en Oxford; capítulo 4 de sus lecture notes de Monetary Economics | Identificado por busqueda web 2026-07-27: https://users.ox.ac.uk/~exet2581/msc/ec924cia.pdf
3074		Combinatoria	Manuscript	Apuntes de estudio		2004		Spanish	estadistica, probabilidad_estadistica, matematica_discreta	baja	Capitulo 1 de apuntes espanoles de probabilidad y estadistica; mismo origen que id 3084
449	John, Petroff	Comparacion entre el modelo clasico y el de Keynes	Manuscript	Apuntes de clase	PEOI (Professional Education Organization International)		url:https://peoi.org/Courses/Coursessp/mac/mac7.html	Spanish	macroeconomia, historia_pensamiento_economico	media	Capítulo 7 del curso online de Macroeconomía de PEOI; título y frases literales coinciden; curso firmado por Petroff | Identificado por busqueda web 2026-07-27: https://peoi.org/Courses/Coursessp/mac/mac7.html
1767		Conjunto de tests en EViews	Manuscript	Handout		2009		Spanish	fundamentos_econometria, eviews	baja	Tabla-resumen de 2 paginas de contrastes econometricos con comandos EViews; fecha solo por metadatos PDF
563	Stephen D., Williamson	Consumer and firm behavior: the work-leisure decision and profit maximization	Book Section	Capitulo de libro				English	macroeconomia, teoria_macroeconomica, economia_laboral	media	Capitulo 4 de Macroeconomics de Williamson (identificado por contenido; autor no impreso en el extracto); edicion/editorial sin determinar
3912		Contrataciones publicas	Presentation	Presentacion		2020-10		Spanish	gestion_publica, legislacion, presupuesto_publico	media	358 diapositivas de capacitacion sobre la Ley de Contrataciones del Estado (Peru); portada fechada Octubre 2020; sin ponente
143		"Crecimiento sostenido ""guiado"" por las exportaciones. Un modelo tipo AK para una economia abierta"	Manuscript	Apuntes de clase		2005		Spanish	crecimiento_economico, comercio_internacional, macroeconomia	baja	Nota TeX de crecimiento endogeno (export-led growth, modelo AK); fecha solo por metadatos PDF
167	Jesus, Huerta de Soto	Critica de las teorias monetarista y keynesiana	Book Section	Capitulo de libro				Spanish	macroeconomia, ciclos_economicos, politica_monetaria, historia_pensamiento_economico	media	"Capitulo VII (pp. 397-466) de ""Dinero, credito bancario y ciclos economicos"" (obra contenedora en encabezado); autor deducido del titulo de la obra"
4016		Argentina. Desarrollo socioeconomico en el siglo XX e inicios del siglo XXI	Presentation	Diapositiva				Spanish	historia_economica, economia_desarrollo	baja	10 diapositivas (modelo agroexportador, ISI); titulo Calibre corregido; sin autor ni fecha fiable
3751		Diseno metodologico de la investigacion	Presentation	Diapositiva				Spanish	metodologia_investigacion, diseno_investigacion	media	Diapositivas Semana 7 del curso Metodologia de la Investigacion I (contexto peruano); sin docente ni fecha
3084		Distribucion binomial y distribucion normal	Manuscript	Apuntes de estudio		2004		Spanish	estadistica, probabilidad_estadistica, inferencia_estadistica	baja	Capitulo 3 de los mismos apuntes que id 3074; fecha solo por metadatos PDF
210	Fabio-Cesare, Bagliano & Giuseppe, Bertola	Dynamic consumption theory	Book Section	Capitulo de libro				English	macroeconomia_dinamica, teoria_macroeconomica, macroeconomia	media	"Capitulo 1 de ""Models for dynamic macroeconomics"" (identificado por contenido; autores no impresos en extracto); nombre de archivo con separador | por guion en ""Fabio-Cesare"""
1731		El comercio y los efectos de la formacion de uniones aduaneras	Manuscript	Apuntes de clase				Spanish	comercio_internacional, economia_internacional	baja	Esquema del Tema 1 de un curso de economia internacional (contexto espanol/UE); sin autor ni fecha
1599		El dinero	Manuscript	Apuntes de clase		2006		Spanish	macroeconomia, politica_monetaria, macroeconomia_dinamica	baja	Capitulo 4 de apuntes del curso 2006-2007: modelo OLG con dinero; sin autor
8873		El mercado de bienes	Presentation	Diapositiva				Spanish	macroeconomia, teoria_macroeconomica	baja	Tema 2 de un curso de Macroeconomia (estructura tipo Blanchard, no citado); sin autor ni fecha
8874		El mercado de bienes en una economia abierta	Presentation	Diapositiva				Spanish	macroeconomia, economia_internacional, teoria_macroeconomica	baja	Tema 12 del mismo curso que id 8873 (relacion IS en economia abierta); sin autor ni fecha
123		El modelo de informacion imperfecta de Lucas	Manuscript	Apuntes de clase		2014		Spanish	macroeconomia, macroeconomia_avanzada, teoria_macroeconomica	media	Apuntes de macroeconomia avanzada compuestos en TeX; fecha de metadatos del PDF; sin autor en el documento
8881		El modelo descriptivo de las Naciones Unidas	Presentation	Diapositiva				Spanish	macroeconomia, economia_descriptiva	media	Diapositivas de clase sobre contabilidad social de la ONU; sin autor ni fecha validos
78	Camara de Diputados de Mexico. Division de Economia y Comercio	El sistema financiero internacional. Consideraciones sobre el reto de insertar a las economias pequenas al mercado mundial de capitales	Report	Informe	Camara de Diputados del H. Congreso de la Union, Sistema de Investigacion y Analisis	2003		Spanish	finanzas_internacionales, economia_internacional, mercados_financieros	media	Autoria institucional declarada en el texto; sigla CDDHCU en metadatos; abstract tomado del resumen ejecutivo
3989		Escuela keynesiana	Presentation	Diapositiva		2017		Spanish	historia_pensamiento_economico, macroeconomia, teoria_economica	media	Diapositivas PowerPoint sobre Keynes y la crisis de 1929; ano de metadatos y registro previo
1967		Estado de resultados	Book Section	Capitulo de libro				Spanish	contabilidad, contabilidad_financiera, analisis_financiero	media	"Unidad 3 del libro ""Contabilidad financiera I"" (cabecera corrida), pp. impresas 91-108; obra sin autor/editorial visibles"
3329		Estrategias mixtas	Manuscript	Apuntes de clase		2008		Spanish	teoria_juegos, microeconomia	media	Apuntes de teoria de juegos (serie con 3325, 3326, 4367); fecha de metadatos PDF
9599		Evaluacion econometrica	Manuscript	Resumen				Spanish	fundamentos_econometria, regresion	baja	Cuadro-resumen de 2 paginas sobre heteroscedasticidad y autocorrelacion; sin autor ni fecha
4392	A., Novales & C., Sebastian	Expectativas y politica macroeconomica	Presentation	Diapositiva				Spanish	macroeconomia, politica_economica, teoria_macroeconomica	media	"Autores por pie de copyright ""(c) A. Novales y C. Sebastian"" en cada lamina; solo iniciales con evidencia"
9582		Extensions to consumer theory: intertemporal choice, uncertainty and revealed preferences	Presentation	Diapositiva				English	microeconomia, teoria_economica	media	Diapositivas de microeconomia en ingles; titulo compuesto desde la portada; sin autor ni fecha
1773	Claudia Raquel, Baqueiro Lezama	Finanzas corporativas	Thesis	Capitulo	Universidad de las Américas Puebla	2003-12	url:https://catarina.udlap.mx/u_dl_a/tales/documentos/lcp/baqueiro_l_cr/capitulo2.pdf	Spanish	finanzas_corporativas, economia_financiera	alta	Capitulo II de la tesis de licenciatura UDLAP sobre arrendamiento financiero; reconvertido a Thesis | Identificado por busqueda web 2026-07-27: https://catarina.udlap.mx/u_dl_a/tales/documentos/lcp/baqueiro_l_cr/capitulo2.pdf
1717	Juan Carlos, Mendieta López	Apuntes de microeconomía II: teoría del consumidor, teoría del productor y competencia imperfecta	Manuscript	Apuntes de clase	Universidad de los Andes, Facultad de Economía	2005	url:https://economia.uniandes.edu.co/sites/default/files/pregrado/pracademicos/200720/Microeconomia2-JuanCarlosMendieta-200720.pdf	Spanish	microeconomia, regulacion, teoria_regulacion	alta	Texto literal identico a los Apuntes de Microeconomia II de Mendieta (Uniandes, nov. 2005); el titulo anterior venia solo del nombre de archivo | Identificado por busqueda web 2026-07-27: https://economia.uniandes.edu.co/sites/default/files/pregrado/pracademicos/200720/Microeconomia2-JuanCarlosMendieta-200720.pdf
4463		Gestion publica	Manuscript	Monografia		2018		Spanish	gestion_publica, administracion	baja	Monografia compilada de 141 pp. sin autor; contexto probable de administracion publica peruana
3908	Superintendencia de Banca, Seguros y AFP (Perú)	Glosario de indicadores financieros	Manuscript	Handout	Superintendencia de Banca, Seguros y AFP	2010	url:https://www.sbs.gob.pe/app/stats/Glosarios/Glosario_Banca_(Mayo2010).doc	Spanish	banca, analisis_financiero, referencia	alta	Definiciones literalmente identicas al glosario oficial de la SBS (verificado Ratio de Capital Global y Cartera Atrasada) | Identificado por busqueda web 2026-07-27: https://www.sbs.gob.pe/app/stats/Glosarios/Glosario_Banca_(Mayo2010).doc
9878	MoureDev Pro	Guia rapida de fundamentos en Python	Report	Guia	MoureDev Pro		url:https://mouredev.pro/recursos	Spanish	python, fundamento_programacion	media	Titulo de metadatos incrustados; autoria institucional por mouredev.pro/recursos; sin fecha
9877	MoureDev Pro	Guia rapida de Markdown	Report	Guia	MoureDev Pro		url:https://mouredev.pro/recursos	Spanish	fundamento_programacion, desarrollo_web	media	Titulo de metadatos incrustados; autoria institucional por mouredev.pro/recursos; sin fecha; tag nuevo sugerido: markdown
445		Heraclito vs Pitagoras y Parmenides	Manuscript	Lectura				Spanish	filosofia, historia	baja	PDF escaneado sin capa de texto; unica evidencia el titulo del archivo; se recomienda OCR y recatalogar
3075		Indice general	Book Section	Extracto		2004		Spanish	probabilidad_estadistica, estadistica	baja	Indice de obra de matematicas no identificada; misma fuente que ids 3082 y 3076
3082		Inferencia estadistica	Book Section	Capitulo		2004		Spanish	estadistica, inferencia_estadistica, muestreo	media	Capitulo 4, pp. impresas 56-68, de obra no identificada; corrige errata del titulo del archivo
4367		Informacion incompleta (asimetria)	Manuscript	Apuntes de clase				Spanish	teoria_juegos, informacion_asimetrica, microeconomia	media	Apuntes de teoria de juegos (serie 2008 con 3325, 3326, 3329); fecha propia invalida, queda vacia
3326		Informacion incompleta: juegos dinamicos o de senalizacion	Manuscript	Apuntes de clase		2008		Spanish	teoria_juegos, informacion_asimetrica, microeconomia	media	Apuntes de teoria de juegos sobre senalizacion y equilibrio bayesiano perfecto; fecha de metadatos PDF
3076		Integracion. Calculo de areas	Book Section	Capitulo		2004		Spanish	calculo_integral, matematicas_i	media	Capitulo 11, pp. impresas 193-209, de obra no identificada; misma fuente que ids 3075 y 3082
3325		Introduccion	Manuscript	Apuntes de clase		2008		Spanish	teoria_juegos, microeconomia	media	Introduccion de curso de teoria de juegos (serie con 3326, 3329, 4367); considerar renombrar para desambiguar
1659	Universidad de la República (Uruguay), Facultad de Ingeniería	Introduccion a la investigacion operativa	Manuscript	Apuntes de clase	Universidad de la República, Facultad de Ingeniería		url:https://eva.interior.udelar.edu.uy/pluginfile.php/21186/mod_resource/content/1/IO%20Teorico.pdf	Spanish	investigacion_operativa, simulacion	media	Copia identica (164 pp.) como teorico oficial del curso Introduccion a la Investigacion de Operaciones (EVA UdelaR) | Identificado por busqueda web 2026-07-27: https://eva.interior.udelar.edu.uy/pluginfile.php/21186/mod_resource/content/1/IO%20Teorico.pdf
9594		Analisis de regresion	Presentation	Diapositiva				Spanish	fundamentos_econometria,regresion,estadistica	baja	"Diapositivas sin autor ni fecha; portada dice solo ""Analisis de regresion"""
1658		Inflacion y tasa de paro	Manuscript	Apuntes de clase				Spanish	macroeconomia,inflacion,desempleo	baja	Apuntes sobre la curva de Phillips; numeracion 3.x sugiere capitulo de obra no identificada; PDF de 2005
3328		Juegos dinamicos	Manuscript	Apuntes de clase				Spanish	teoria_juegos,microeconomia	media	Apuntes de curso de teoria de juegos (2008); misma serie que 3327
3327		Juegos repetidos	Manuscript	Apuntes de clase				Spanish	teoria_juegos,microeconomia	media	Apuntes de curso de teoria de juegos (2008); misma serie que 3328
1493		La relacion sobre la tasa de cambio y caos	Manuscript	Apuntes de estudio				Spanish	macroeconomia,finanzas_internacionales	baja	Ensayo breve sobre dolarizacion sin autor ni fecha; LibreOffice Writer
3077		Limites y continuidad de funciones	Book Section	Capitulo de libro				Spanish	matematicas_i,calculo_diferencial	media	Capitulo 9 (pp. 145-160) de libro de matematicas no identificado; mismo origen que 3080
1973	Instituto Europeo de Gestion Empresarial	Manual de analisis de estados financieros	Report	Guia	Instituto Europeo de Gestion Empresarial	2007		Spanish	analisis_financiero,contabilidad_financiera,finanzas_corporativas	media	Copyright institucional 2007 en ultima pagina; sin autor personal
568		Manual de investigacion operativa	Report	Guia de estudio	Escuela de Economia, Universidad de Carabobo			Spanish	investigacion_operativa,matematica_economistas	media	Manual de estudio de la asignatura Investigacion de Operaciones (U. de Carabobo) segun su prefacio; autor personal no consta
3080		Matrices y determinantes	Book Section	Capitulo de libro				Spanish	algebra_lineal,matematicas_i	media	Capitulo 6 de libro de matematicas no identificado; mismo origen que 3077
8872		Matriz de transacciones economicas	Presentation	Diapositiva				Spanish	macroeconomia,economia_descriptiva	baja	Diapositivas Impress de cuentas nacionales; serie con 8875/8876/8877; tag nuevo sugerido cuentas_nacionales
1615	Virginia Maria, Fontes Gonçalves	Do racionalismo crítico ao anarquismo pluralista (cap. 3: A epistemologia anarquista de Paul Feyerabend)	Thesis	Capitulo	PUC-Rio, Departamento de Filosofia	2004-03	url:https://www.maxwell.vrac.puc-rio.br/5407/5407_4.PDF	Portuguese	epistemologia,filosofia,metodologia_investigacion	alta	Capitulo 3 de disertacion de maestria PUC-Rio 2004; misma Certificacao Digital 0210601 | Identificado por busqueda web 2026-07-27: https://www.maxwell.vrac.puc-rio.br/5407/5407_4.PDF
8856	Direccion Nacional de Cuentas Internacionales	Metodologia de estimacion del balance de pagos	Report	Informe tecnico	Secretaria de Politica Economica	2000-12		Spanish	balanza_pagos,macroeconomia,economia_internacional	alta	Documento metodologico oficial argentino con fecha de actualizacion diciembre 2000 impresa en portada
8875		Modelo basico insumo-producto	Presentation	Diapositiva				Spanish	macroeconomia,modelamiento_economico	baja	Diapositivas Impress; titulo con guion obliga a separador alternativo en nombre de archivo
112		Modelos de eleccion intertemporal	Book Section	Capitulo de libro				Spanish	macroeconomia,teoria_macroeconomica	baja	Capitulo 4 (desde p. 94) de libro de macro no identificado; texto del PDF con codificacion desplazada (ilegible al copiar)
8876		Modelo input-output: modelo de demanda	Presentation	Diapositiva				Spanish	macroeconomia,modelamiento_economico	baja	Diapositivas Impress; titulo con guion obliga a separador alternativo en nombre de archivo
242	Antonio, Martín Arroyo	Modelos cambiarios	Manuscript	Documento de trabajo	Universidad Autónoma de Madrid	1988	url:https://repositorio.uam.es/server/api/core/bitstreams/fb7792f7-1957-40cf-8938-a448cc734099/content	Spanish	finanzas_internacionales,macroeconometria,series_tiempo	alta	"Extracto de la tesis doctoral ""Soluciones ARMA-ER a modelos monetarios con expectativas racionales"" (UAM, dir. A. Garcia Ferrer) | Identificado por busqueda web 2026-07-27: https://repositorio.uam.es/server/api/core/bitstreams/fb7792f7-1957-40cf-8938-a448cc734099/content"
1655		Naturaleza de la econometria y de los datos economicos	Manuscript	Apuntes de clase				Spanish	fundamentos_econometria,estadistica	baja	Apuntes que siguen el cap. 1 de Wooldridge sin citarlo; sin autor ni fecha
8877		Numeros indice	Presentation	Diapositiva				Spanish	estadistica,economia_descriptiva	baja	Diapositivas Impress (38 laminas); posible duplicado tematico de 9590
9590		Numeros indices	Presentation	Diapositiva				Spanish	estadistica,economia_descriptiva	baja	Diapositivas Impress (21 laminas) sin texto extraible salvo el titulo; posible duplicado tematico de 8877
9131		Opciones reales	Presentation	Diapositiva				Spanish	opciones_reales,finanzas_corporativas,derivados_financieros	baja	Diapositivas Impress sobre valuacion por opciones reales; sin autor ni fecha
3904	Consejo Normativo de Contabilidad	Plan contable general empresarial	Report	Normativa	Consejo Normativo de Contabilidad			Spanish	contabilidad,contabilidad_financiera	media	PCGE peruano completo (239 pp.); version y resolucion aprobatoria no constan en el texto; PDF de 2016
136		Politica fiscal optima	Book Section	Capitulo de libro				Spanish	politica_fiscal,macroeconomia_dinamica,finanzas_publicas	media	Capitulo 15 (pp. 29-50) de manual de macroeconomia dinamica no identificado; metadato Creator confirma cap15
9693	Vicerrectorado Academico	Por que y como debemos combatir el plagio	Report	Guia	Vicerrectorado Academico			Spanish	metodologia_investigacion,redaccion,ethics	media	Guia universitaria sobre plagio; universidad no nombrada en el PDF (indicios apuntan a la PUCP); PDF de 2023
3083		Probabilidad	Book Section	Apuntes de estudio		2004		Spanish	probabilidad_estadistica, estadistica, mathematics	media	Capitulo 2 (pp. 15-32) de compendio anonimo de apuntes de matematicas y estadistica; fecha tomada de metadatos del PDF
9090		Problem set 1	Manuscript	Problemas				English	macroeconomia, economia_internacional	media	Hoja de ejercicios del curso International Macroeconomics (cita Obstfeld-Rogoff cap. 1); sin autor ni fecha
9103		Problem set 2	Manuscript	Problemas				English	macroeconomia, economia_internacional	media	Hoja de ejercicios del curso International Macroeconomics; pareja del id 9090; sin autor ni fecha
3078		Programación lineal	Book Section	Apuntes de estudio				Spanish	mathematics, investigacion_operativa	media	Capitulo 8 (pp. 127-140) del mismo compendio anonimo; titulo corregido de erratas; fecha incrustada 2025 descartada por regeneracion
1660		¿Qué es la ingeniería financiera?	Manuscript	Lectura				Spanish	economia_financiera, derivados_financieros, gestion_riesgos	media	Lectura 2 de curso de finanzas; sin autor, fuente ni fecha en el PDF
3331		Representación de juegos	Presentation	Diapositiva		2008		Spanish	teoria_juegos, microeconomia	media	Diapositivas de clase de teoria de juegos (formas extensiva y normal); fecha de metadatos incrustados
391	Banco de Guatemala	Resumen circunstanciado de lo actuado por la Junta Monetaria con motivo de la emisión de la resolución JM-303-2002, por la que determinó la política monetaria, cambiaria y crediticia para 2003	Report	Documento oficial	Banco de Guatemala			Spanish	politica_monetaria, macroeconomia, banca	alta	Informe oficial del Banco de Guatemala (sesiones dic. 2002); fecha de publicacion no consta; nombre de archivo con separador alternativo | por guiones en el titulo
478	Desirée, Romero Molina	Resumen tema 3: muestreo estratificado	Manuscript	Resumen	Universidad de Granada		url:http://www.ugr.es/~deromero/resumen3.pdf	Spanish	muestreo, estadistica, inferencia_estadistica	media	Documento identico alojado en la pagina personal UGR de la profesora (Dpto. Estadistica e I.O.) | Identificado por busqueda web 2026-07-27: http://www.ugr.es/~deromero/resumen3.pdf
3079		Sistemas de ecuaciones lineales	Book Section	Apuntes de estudio		2004		Spanish	algebra_lineal, mathematics	media	Capitulo 7 (pp. 109-124) del mismo compendio anonimo; fecha de metadatos del PDF
1933	Efxto	¿Qué es el FED (Sistema de Reserva Federal)?	Manuscript	Lectura	Efxto		url:https://efxto.com/diccionario/fed-sistema-de-reserva-federal	Spanish	politica_monetaria, banca, macroeconomia	media	Frase de apertura coincide literalmente con el articulo del diccionario Efxto | Identificado por busqueda web 2026-07-27: https://efxto.com/diccionario/fed-sistema-de-reserva-federal
8865		Agregados económicos	Presentation	Diapositiva				Spanish	macroeconomia, teoria_macroeconomica	media	99 laminas de curso de macroeconomia (Tema 1: produccion agregada, PIB, contabilidad nacional); sin autor ni fecha
334		Sociología económica	Manuscript	Apuntes de estudio				Spanish	sociology, socioeconomia, social_science	baja	Apuntes extensos (146 pp.) compilados desde HTML; sin autor, fuente ni fecha
3949		Teorías de la demanda	Book Section	Capitulo de libro				Spanish	microeconomia, teoria_economica	media	Capitulo 3 (pp. 74-112) de manual de microeconomia no identificado (utilidad, leyes de Gossen); fecha de archivo 2016/17 es de digitalizacion
3081		Test de hipótesis	Book Section	Apuntes de estudio		2004		Spanish	inferencia_estadistica, estadistica	media	Capitulo 5 (pp. 72-79) del mismo compendio anonimo (menciona PAU espanolas); fecha de metadatos del PDF
440	Jean-Pierre, Danthine & John B., Donaldson	Intermediate financial theory, cap. 7: The capital asset pricing model (CAPM)	Document	Lectura	Prentice Hall	2002		English	economia_financiera, teoria_portafolio	alta	Escaneo = cap. 7 (p. 121) de Intermediate Financial Theory; primera pagina cotejada por imagen | Identificado por busqueda web 2026-07-27: https://www.studocu.com/en-us/document/stanford-university/behavioral-finance/danthine-fm-finance-theory/15504750
9271	Natural Resource Governance Institute	The resource curse: The political and economic challenges of natural resource wealth	Report	Informe	Natural Resource Governance Institute	2015-03		English	recursos_naturales, economia_desarrollo, ciencia_politica	alta	NRGI Reader (marzo 2015) sobre la maldicion de los recursos; autoria institucional; serie NRGI Reader
9619	Departamento de Matemáticas CSI/ITESM	Valores y vectores propios	Manuscript	Apuntes de clase		2009-04-01		Spanish	algebra_lineal, mathematics	alta	Apuntes de clase firmados por el Departamento de Matematicas del ITESM (leccion 9); en el nombre de archivo la barra de CSI/ITESM se sustituye por guion
9620	Julio, Benítez López	Valores y vectores propios	Manuscript	Apuntes de clase	Universitat Politècnica de València	2009	url:https://personales.upv.es/jbenitez/cajon_sastre/val_prop.pdf	Spanish	algebra_lineal, mathematics	media	Documento identico en la pagina personal UPV del profesor; sin firma en el PDF | Identificado por busqueda web 2026-07-27: https://personales.upv.es/jbenitez/cajon_sastre/val_prop.pdf
4357		Walsh small open economics	Manuscript	Apuntes de clase				Spanish	macroeconomia_avanzada, politica_monetaria, economia_internacional	baja	Notas de clase en espanol sobre el modelo de la seccion 6.5 de Walsh (Monetary Theory and Policy, 2.a ed.); sin autor ni fecha
1430	W. Kip, Viscusi & John M., Vernon & Joseph E., Harrington	Introducción a la regulación económica	Book Section	Capitulo de libro	MIT Press		url:https://archive.org/details/economicsofregul0000visc_p1o1	Spanish	regulacion, organizacion_industrial, microeconomia	media	"Traduccion docente del cap. ""Introduction to Economic Regulation"" de Economics of Regulation and Antitrust | Identificado por busqueda web 2026-07-27: https://archive.org/details/economicsofregul0000visc_p1o1"
254	Varios autores	Manual de economía política del capitalismo	Book	Libro	Granica			Spanish	economia_politica, economia_marxista, historia_pensamiento_economico	alta	Libro completo, edicion Granica (Buenos Aires) sin fecha (s/f) segun portada digital; digitalizacion Koba 2010
9910	Olivier, Blanchard	Macroeconomía	Book	Libro	Pearson Educación	2017	isbn:9788490355350	Spanish	macroeconomia, teoria_macroeconomica, politica_economica	alta	7a ed.; traduccion y revision tecnica de Jose Isidoro Garcia de Paso (Univ. Complutense de Madrid); Place: Madrid; 576 p.; ficha 9910_macroeconomia-blanchard.md
9911	Emiliano, Brancaccio & Samuele, Bibi	Anti-Blanchard. Un enfoque comparativo para el estudio de la macroeconomía	Book	Libro	Universidad Peruana de Ciencias Aplicadas	2021-06	isbn:9786123183271,doi:10.19083/978-612-318-327-1	Spanish	macroeconomia, teoria_macroeconomica, economia_heterodoxa	alta	1a ed.; ISBN de la version epub; Place: Lima; 382 p.; URL elibro.net/es/ereader/posgradofce/177618; ficha 9911_anti-blanchard.md
9912	Waldo, Mendoza Bellido & Pedro, Herrera Catalán	Macroeconomía. Un marco de análisis para una economía pequeña y abierta	Book	Libro	Fondo Editorial de la Pontificia Universidad Católica del Perú	2006-11	isbn:9972427811	Spanish	macroeconomia, economia_internacional, politica_economica	alta	1a ed.; Place: Lima; 739 p.; ISBN-10; Deposito Legal BNP 2006-8923; ficha 9912_macroeconomia-mendoza-herrera.md
9913	Sara Beatriz, Guardia	César Guardia Mayorga. Insigne maestro	Presentation	Presentación		2015-04-22T12:00:00		Spanish	filosofia, historia, educacion_superior	alta	Conferencia magistral apertura ciclo 2015-I UNE Enrique Guzman y Valle; Sub tipo Keynote speech; 14 p.; pubdate con hora local -05; ficha 9913_cesar-guardia-mayorga-insigne-maestro.md
9914	Congreso de la República	Decreto Legislativo N.° 1280. Ley marco gestion servicios saneamiento	Statute	Normativa	Diario Oficial El Peruano	2016	norma:decreto_legislativo_1280	Spanish	desarrollo_productivo, legislacion	alta	ingesta CIL 2026-09-02; Decreto Legislativo N.° 1280; Citada por el PL de delegación de facultades 2026 (Oficio 245-2026-PR). Localizado automáticamente el 2026-09-02 (Congre
9915	Congreso de la República	Decreto Ley N.° 25844. Ley de concesiones electricas	Statute	Normativa	Diario Oficial El Peruano	1998	norma:decreto_ley_25844	Spanish	desarrollo_productivo, legislacion	alta	ingesta CIL 2026-09-02; OCR pendiente; Decreto Ley N.° 25844; Citada por el PL de delegación de facultades 2026 (Oficio 245-2026-PR). Localizado automáticamente el 2026-09-02 (Congre
9916	Congreso de la República	Ley N.° 27829. Bono familiar habitacional	Statute	Normativa	Diario Oficial El Peruano	2013	norma:ley_27829	Spanish	desarrollo_productivo, legislacion	alta	ingesta CIL 2026-09-02; Ley N.° 27829; Citada por el PL de delegación de facultades 2026 (Oficio 245-2026-PR). Localizado automáticamente el 2026-09-02 (Congre
9917	Congreso de la República	Ley N.° 28832. Desarrollo eficiente generacion electrica	Statute	Normativa	Diario Oficial El Peruano	2012	norma:ley_28832	Spanish	desarrollo_productivo, legislacion	alta	ingesta CIL 2026-09-02; OCR pendiente; Ley N.° 28832; Citada por el PL de delegación de facultades 2026 (Oficio 245-2026-PR). Localizado automáticamente el 2026-09-02 (Congre
9918	Congreso de la República	Ley N.° 28890. Crea sierra exportadora	Statute	Normativa	Diario Oficial El Peruano	2012	norma:ley_28890	Spanish	desarrollo_productivo, legislacion	alta	ingesta CIL 2026-09-02; OCR pendiente; Ley N.° 28890; Citada por el PL de delegación de facultades 2026 (Oficio 245-2026-PR). Localizado automáticamente el 2026-09-02 (Congre
9919	Congreso de la República	Ley N.° 29148. Fondo de garantia para el campo fogasa	Statute	Normativa	Diario Oficial El Peruano	2012	norma:ley_29148	Spanish	desarrollo_productivo, legislacion	alta	ingesta CIL 2026-09-02; OCR pendiente; Ley N.° 29148; Citada por el PL de delegación de facultades 2026 (Oficio 245-2026-PR). Localizado automáticamente el 2026-09-02 (Congre
9920	Congreso de la República	Ley N.° 30852. Exoneracion requisitos damnificados bfh	Statute	Normativa	Diario Oficial El Peruano	2018	norma:ley_30852	Spanish	desarrollo_productivo, legislacion	alta	ingesta CIL 2026-09-02; OCR pendiente; Ley N.° 30852; Citada por el PL de delegación de facultades 2026 (Oficio 245-2026-PR). Localizado automáticamente el 2026-09-02 (Congre
9921	Congreso de la República	Ley N.° 31071. Compras estatales alimentos agricultura familiar	Statute	Normativa	Congreso de la República	2020	norma:ley_31071	Spanish	desarrollo_productivo, legislacion	alta	ingesta CIL 2026-09-02; Ley N.° 31071; Citada por el PL de delegación de facultades 2026 (Oficio 245-2026-PR). Localizado automáticamente el 2026-09-02 (Congre
9922	Congreso de la República	Ley N.° 31145. Saneamiento fisico legal predios rurales	Statute	Normativa	Congreso de la República	2021	norma:ley_31145	Spanish	desarrollo_productivo, legislacion	alta	ingesta CIL 2026-09-02; Ley N.° 31145; Citada por el PL de delegación de facultades 2026 (Oficio 245-2026-PR). Localizado automáticamente el 2026-09-02 (Congre
9923	Congreso de la República	Ley N.° 31335. Cooperativas agrarias	Statute	Normativa	Congreso de la República	2021	norma:ley_31335	Spanish	desarrollo_productivo, legislacion	alta	ingesta CIL 2026-09-02; Ley N.° 31335; Citada por el PL de delegación de facultades 2026 (Oficio 245-2026-PR). Localizado automáticamente el 2026-09-02 (Congre
9924	Congreso de la República	CONGRESO — Proyecto ley delegacion facultades oficio 245 2026 pr ocr	Document	Documento oficial	Congreso de la República	2026		Spanish	informe_tecnico, delegacion_facultades_2026	alta	ingesta CIL 2026-09-02; 
9925	Instituto Nacional de Estadística e Informática	INEI — Enapres 2024 principales resultados	Report	Informe técnico	Instituto Nacional de Estadística e Informática	2025		Spanish	informe_tecnico, delegacion_facultades_2026	alta	ingesta CIL 2026-09-02; 
9926	Instituto Nacional de Estadística e Informática	INEI — Estadisticas criminalidad seguridad ciudadana ii semestre 2025	Report	Informe técnico	Instituto Nacional de Estadística e Informática	2026		Spanish	informe_tecnico, delegacion_facultades_2026	alta	ingesta CIL 2026-09-02; 
9927	Instituto Nacional de Estadística e Informática	INEI — Estadisticas seguridad ciudadana nov2025 abr2026	Report	Informe técnico	Instituto Nacional de Estadística e Informática	2026		Spanish	informe_tecnico, delegacion_facultades_2026	alta	ingesta CIL 2026-09-02; 
9928	Instituto Nacional de Estadística e Informática	INEI — Evolucion tasa homicidios 2022 2025	Report	Informe técnico	Instituto Nacional de Estadística e Informática	2026		Spanish	informe_tecnico, delegacion_facultades_2026	alta	ingesta CIL 2026-09-02; 
9929	Instituto Nacional de Estadística e Informática	INEI — Indicadores mercado laboral nacional 2025	Report	Informe técnico	OIT	2025		Spanish	informe_tecnico, delegacion_facultades_2026	alta	ingesta CIL 2026-09-02; 
9930	Instituto Nacional Penitenciario	INPE — Informe estadistico febrero 2026	Report	Informe técnico	Instituto Nacional Penitenciario	2026	norma:decreto_supremo_007-80-	Spanish	informe_tecnico, delegacion_facultades_2026	media	ingesta CIL 2026-09-02; Decreto Supremo N°007-80-
9931	Autoridad Nacional del Servicio Civil	SERVIR — Caracteristicas servicio civil peruano 2025	Report	Informe	Autoridad Nacional del Servicio Civil	2026		Spanish	informe_tecnico, delegacion_facultades_2026	media	ingesta CIL 2026-09-02; 
9932	Julio Cotler & Romeo Grompone	El fujimorismo: ascenso y caída de un régimen autoritario	Book	Libro	Instituto de Estudios Peruanos	2000-12-01	isbn:9972-51-050-6	Spanish	ciencia_politica, fujimorismo, autoritarismo, peru, delegacion_facultades_2026	alta	ingesta CIL 2026-09-02; Serie Ideología y Política 15; descargado de repositorio.iep.org.pe (acceso abierto) el 2026-09-02; revisado a mano
9933	Comisión de la Verdad y Reconciliación	Informe Final. Tomo III	Report	Informe	Comisión de la Verdad y Reconciliación	2003-11-01	isbn:9972-9742-7-8	Spanish	documento_oficial, derechos_humanos, fujimorismo, historia_peru, delegacion_facultades_2026	alta	ingesta CIL 2026-09-02; Primera edición nov-2003; ISBN obra completa 9972-9742-4-3; descargado de idehpucp.pucp.edu.pe el 2026-09-02; revisado a mano
9934	Banco Central de Reserva del Perú	Reporte de Estabilidad Financiera, mayo 2024. Recuadro 1: Actualización de los efectos de la tasa máxima de interés para los créditos de consumo y MYPE	Report	Informe	Banco Central de Reserva del Perú	2024-05-01		Spanish	informe_tecnico, sistema_financiero, tasas_de_interes, delegacion_facultades_2026	alta	ingesta CIL 2026-09-02; Descargado de bcrp.gob.pe el 2026-09-02; revisado a mano (no es norma: cita la Ley 31143)
9935	Banco Central de Reserva del Perú	Reporte de Estabilidad Financiera, noviembre 2024. Recuadro 9: Mercado ois en soles los derivados de tasas de interés son contratos donde una de las partes se compromete a pagar una tasa de interés fija y a recibir de la contraparte una tasa de interés variable, ambas calculadas sobre un monto nominal. los derivados de tasas de interés son herramientas importantes para gestionar el riesgo de tasas de interés, es decir, para tomar o transferir el riesgo de subidas o bajadas de las tasas de interés en el mercado. por lo tanto, es importante para el desarrollo del mercado financiero contar con un mercado liquido de derivados de tasas de interés en moneda local. en el perú se intentó desarrollar un mercado de derivados de tasas de interés donde la tasa variable sea igual a la tasa limabor; que era similar a la tasa libor. sin embargo, las tasas limabor eran referenciales y rara vez los bancos negociaban a los plazos establecidos para el cálculo de la limabor. prácticamente todas las operaciones de préstamos interbancarios son overnight. por ese motivo, en el 2009 se planteó desarrollar un mercado de overnight index swap (ois), al igual que en chile y brasil. los ois son derivados de tasas de interés donde la tasa de interés variable es igual a la capitalización acumulada de una tasa de referencia al plazo overnight. en el caso del perú, la tasa de referencia es el índice acumulado de la capitalización de la tasa de interés promedio interbancaria overnight (ion). el bcrp comenzó a calcular y publicar el ion en enero del 2009, siguiendo las mejores prácticas internacionales. flujograma de un ois	Report	Informe	Banco Central de Reserva del Perú	2024-11-01		Spanish	informe_tecnico, sistema_financiero, delegacion_facultades_2026	alta	ingesta CIL 2026-09-02; Descargado de bcrp.gob.pe el 2026-09-02; revisado a mano
9936	Banco Central de Reserva del Perú	Reporte de Estabilidad Financiera. Noviembre 2024	Report	Informe	Banco Central de Reserva del Perú	2024-11-01		Spanish	informe_tecnico, sistema_financiero, delegacion_facultades_2026	alta	ingesta CIL 2026-09-02; Descargado de bcrp.gob.pe el 2026-09-02; revisado a mano
