02_leyes_organicas	ley_27867_organica_gobiernos_regionales.pdf	https://cdn.www.gob.pe/uploads/document/file/9972324/8133724-ley-organica-de-gobiernos-regionales-ley-n-27867.pdf	cdn.www.gob.pe (JNE)	Version consolidada SPIJ-MINJUS con notas de modificatorias; 1.88 MB con capa de texto
02_leyes_organicas	ley_27972_organica_municipalidades.pdf	https://cdn.www.gob.pe/uploads/document/file/9972022/8133550-ley-organica-de-municipalidades-ley-n-27972.pdf	cdn.www.gob.pe (JNE)	Version consolidada SPIJ-MINJUS con notas de modificatorias; 997 KB con capa de texto
02_leyes_organicas	ley_26859_organica_de_elecciones.pdf	https://cdn.www.gob.pe/uploads/document/file/9971939/8133513-ley-organica-de-elecciones-ley-n-26859.pdf	cdn.www.gob.pe (JNE)	Version consolidada SPIJ-MINJUS con notas hasta Res. JNE 2025; 1.34 MB con capa de texto
02_leyes_organicas	ley_29158_organica_poder_ejecutivo.pdf	https://www2.congreso.gob.pe/sicr/cendocbib/con5_uibd.nsf/1091BC75B6F34B26052586F30015E76E/$FILE/LOPE-LEY-29158.pdf	www2.congreso.gob.pe (cendocbib, texto SPIJ)	Texto consolidado tipo SPIJ con notas hasta 2021; 370 KB con capa de texto. Las versiones en cdn.www.gob.pe (files 1010781 y 10347612) son escaneos de 5-10 MB sin capa de texto. Revisar si falta incorporar Ley 31894 (2023)
02_leyes_organicas	tuo_ley_organica_poder_judicial_ds_017_93_jus.pdf	https://www2.congreso.gob.pe/sicr/cendocbib/con5_uibd.nsf/12401364ED47E583052586DB00186DE2/$FILE/TUO-LOPJ.pdf	www2.congreso.gob.pe (cendocbib)	TUO con concordancias y notas hasta 2020 (Ley 30943); 1.69 MB con capa de texto. Mas completo que la copia de pj.gob.pe (solo hasta 2012)
02_leyes_organicas	dleg_052_ley_organica_ministerio_publico.pdf	https://cdn.www.gob.pe/uploads/document/file/5122243/Decreto%20Legislativo%20052.pdf	cdn.www.gob.pe (MPFN)	Texto con sumillas y notas de modificatorias (hasta 2010); 442 KB con capa de texto. Copia identica en file/1115895
02_leyes_organicas	ley_31307_nuevo_codigo_procesal_constitucional.pdf	https://cdn.www.gob.pe/uploads/document/file/2256558/Nuevo-Codigo-Procesal-Constitucional.pdf.pdf	cdn.www.gob.pe (Tribunal Constitucional)	Texto integro del Nuevo Codigo Procesal Constitucional publicado por el propio TC; 607 KB con capa de texto
02_leyes_organicas	ley_28301_organica_tribunal_constitucional.pdf	https://www2.congreso.gob.pe/sicr/cendocbib/con5_uibd.nsf/331750993551C3DE052586E2006686B9/$FILE/LEY-28301-TC.pdf	www2.congreso.gob.pe (cendocbib, texto SPIJ)	Texto consolidado con concordancias y notas hasta 2021 (incluye Ley 31307); 331 KB con capa de texto
02_leyes_organicas	ley_30916_organica_junta_nacional_de_justicia.pdf	https://www2.congreso.gob.pe/sicr/cendocbib/con5_uibd.nsf/FAF102A216A9F8A2052586F30036803B/$FILE/LEY-30916.pdf	www2.congreso.gob.pe (cendocbib, texto SPIJ)	Texto consolidado con concordancias y notas hasta 2021; 399 KB con capa de texto. Alternativa oficial JNJ (edicion El Peruano 19-02-2019, sin consolidar): cdn.www.gob.pe/uploads/document/file/2149419
02_leyes_organicas	dleg_1267_ley_policia_nacional_del_peru.pdf	https://cdn.www.gob.pe/uploads/document/file/7708314/6523657-decreto-supremo-n-1267.pdf	cdn.www.gob.pe (PNP)	Texto publicado en El Peruano 18-12-2016, 10 pags, 738 KB con capa de texto. Es el texto original oficial (no consolidado): verificar modificatorias posteriores (D.Leg. 1318, Ley 31173) y su Reglamento D.S. 012-2025-IN
