03_congreso	reglamento_del_congreso.pdf	https://www.congreso.gob.pe/wp-content/uploads/2026/07/Reglamento-del-Congreso-de-la-Republica-1.pdf	congreso.gob.pe	Edicion Oficial Mayo 2026; texto vigente mas reciente publicado en el portal institucional (pagina Constitucion y Reglamentos). Reemplaza la edicion Setiembre 2025 (unicameral).
03_congreso	reglamento_camara_de_diputados.pdf	https://www.congreso.gob.pe/wp-content/uploads/2026/07/Reglamento-de-la-Camara-de-Diputados.pdf	congreso.gob.pe	Edicion Oficial 2026; norma clave del nuevo regimen bicameral, directamente aplicable al despacho de un diputado.
03_congreso	reglamento_del_senado.pdf	https://www.congreso.gob.pe/wp-content/uploads/2026/07/Reglamento-del-Senado-de-la-Republica.pdf	congreso.gob.pe	Edicion Oficial 2026; complemento bicameral, util para el tramite de leyes en segunda camara.
03_congreso	reglamento_del_congreso_edicion_setiembre_2025.pdf	https://www3.congreso.gob.pe/Docs/constitucion/reglamento/reglamento%20setiembre-2025.pdf	www3.congreso.gob.pe	Edicion Oficial Setiembre 2025 (241 pp). Incluye Codigo de Etica Parlamentaria y Reglamento de seleccion de magistrados del TC; historico/comparativo, texto unicameral.
03_congreso	manual_tecnica_legislativa_y_redaccion_parlamentaria_2013.pdf	https://www3.congreso.gob.pe/Docs/DGP/Comisiones/files/enlaces/libro_mtl_y_mrp2013.pdf	www3.congreso.gob.pe (DGP)	2a ed. 2013, 147 pp, ISBN 978-612-46459-0-7. Volumen unico que contiene EL MANUAL DE TECNICA LEGISLATIVA (Ac. Mesa Directiva 242-2012-2013/MESA-CR) Y EL MANUAL DE REDACCION PARLAMENTARIA -> cubre documentos 2 y 3. Nota: www.congreso.gob.pe/Docs/ da 404; usar www3.
03_congreso	manual_tecnica_legislativa_2011_dgp.pdf	https://www3.congreso.gob.pe/Docs/biblioteca/files/manuales_parlamentarios/mtl120713.pdf	www3.congreso.gob.pe (Biblioteca - manuales parlamentarios)	1a ed. 2011, 76 pp, Oficialia Mayor / Direccion General Parlamentaria, Ac. Mesa Directiva 095-2010-2011/MESA-CR. Version escaneada facsimilar.
03_congreso	manual_tecnica_legislativa_2011_texto.pdf	https://www3.congreso.gob.pe/Docs/sites/eventos/proyecto_ley/ManualTecnicaLegislativa.pdf	www3.congreso.gob.pe (Docs/sites/eventos/proyecto_ley)	Mismo MTL 2011 (Ac. 095-2010-2011/MESA-CR) en 43 pp con capa de texto nativa; version ligera y buscable, ideal para citar.
03_congreso	manual_tecnica_legislativa_congreso_3ra_ed_2021.pdf	https://www3.congreso.gob.pe/Docs/dgp/files/manual-tecnica-legislativa-3raedicion.pdf	www3.congreso.gob.pe (Direccion General Parlamentaria)	VERSION VIGENTE. 3a ed. 2021, 108 pp, ISBN 978-612-46459-4-5, aprobado por Ac. Mesa Directiva 106-2020-2021/MESA-CR. Ruta oficial de la DGP. Este es el documento 2 del encargo.
18_manuales	guia_tecnica_legislativa_minjus_4ta_ed.pdf	https://cdn.www.gob.pe/uploads/document/file/1560329/Gu%C3%ADa%20de%20T%C3%A9cnica%20Legislativa%20-%20Cuarta%20edici%C3%B3n.pdf	cdn.www.gob.pe (MINJUSDH)	Guia de Tecnica Legislativa para la elaboracion de Proyectos Normativos de las Entidades del Poder Ejecutivo, 4a ed. corregida y actualizada, 81 pp. Direccion General de Desarrollo Normativo y Calidad Regulatoria del MINJUSDH. Distinta del manual del Congreso.
18_manuales	guia_calidad_normativa_y_publicacion_proyectos_normativos_minjus.pdf	https://www2.congreso.gob.pe/sicr/cendocbib/con5_uibd.nsf/FFA5D4EB35E677BB052582EB006E0557/$FILE/MINJUS-DGDOJ-Guia-sobre-la-calidad-normativa-y-publicacion-de-proyectos-normativos.pdf	www2.congreso.gob.pe (CENDOC, copia de MINJUS-DGDOJ)	Guia sobre la calidad normativa y publicacion de proyectos normativos, MINJUSDH-DGDOJ, 52 pp, guia para asesores juridicos del Estado. Complementa la Guia de Tecnica Legislativa (documento 8 del encargo). Nota: la URL contiene un signo dolar que debe escaparse o entrecomillarse al descargar.
18_manuales	guia_tecnica_legislativa_minjus_4ta_ed_impresa.pdf	https://cdn.www.gob.pe/uploads/document/file/1560291/Gu%C3%ADa%20de%20T%C3%A9cnica%20Legislativa%20Cuarta%20edici%C3%B3n.pdf	cdn.www.gob.pe (MINJUSDH)	Misma 4a ed. (mayo 2018) en version maquetada de imprenta, 74 pp, 11 MB. Alternativa de mayor calidad grafica al archivo 1560329.
18_manuales	manual_analisis_calidad_regulatoria_acr_pcm.pdf	https://cdn.www.gob.pe/uploads/document/file/3165600/Manual%20para%20la%20aplicacio%CC%81n%20del%20Ana%CC%81lisis%20de%20Calidad%20Regulatoria.pdf.pdf	cdn.www.gob.pe (PCM - Secretaria de Gestion Publica)	Manual para la aplicacion del Analisis de Calidad Regulatoria (ACR) de procedimientos administrativos, 25 pp, aprobado por RM 196/197-2017-PCM (base: D.Leg. 1310). Version alojada en la ficha oficial de publicaciones de la PCM.
18_manuales	manual_analisis_calidad_regulatoria_acr_copia_congreso.pdf	https://www2.congreso.gob.pe/sicr/cendocbib/con5_uibd.nsf/2015AF1CB9AD36D8052582E800611A75/$FILE/Manual-Analisis-de-Calidad-Regulatoria.pdf	www2.congreso.gob.pe (CENDOC)	Copia espejo identica (25 pp, mismo tamano) del Manual ACR en el repositorio documental del Congreso; util como respaldo si cae cdn.www.gob.pe. URL con signo dolar: entrecomillar.
18_manuales	manual_analisis_impacto_regulatorio_air_ex_ante_pcm_2021.pdf	https://cdn.www.gob.pe/uploads/document/file/2018745/Manual%20operativo%20AIR%20versi%C3%B3n%20finla%20para%20publicaci%C3%B3n.pdf.pdf	cdn.www.gob.pe (PCM - Secretaria de Gestion Publica)	Manual para la aplicacion del Analisis de Impacto Regulatorio Ex Ante (AIR), SGP-PCM, Lima 2021, 77 pp; aprobado por RM 151-2021-PCM. Documento 10 del encargo.
FALLIDO	RM 151-2021-PCM (norma aprobatoria del Manual AIR) en cdn.www.gob.pe/uploads/document/file/2018744	el PDF descarga OK pero es una pagina suelta de El Peruano con contenido ajeno (estado de emergencia), no la resolucion; buscar la norma en busquedas.elperuano.pe		
03_congreso	manual_del_parlamento_delgado_guembes_oficialia_mayor_2012.pdf	https://www2.congreso.gob.pe/sicr/cendocbib/con5_uibd.nsf/B1D772FBB7559F81052586E50026A404/$FILE/manual_parlamento.pdf	www2.congreso.gob.pe (CENDOC / Oficialia Mayor)	SUSTITUTO del documento 6 (Manual del Congresista): no existe un Manual del Congresista oficial; esta es la obra institucional equivalente. Cesar Delgado-Guembes, Manual del Parlamento. Introduccion al estudio del Congreso peruano, Oficialia Mayor, 2012, 638 pp. URL con signo dolar: entrecomillar.
03_congreso	guia_gestion_representacion_politica_congreso.pdf	https://www2.congreso.gob.pe/sicr/cendocbib/con4_uibd.nsf/3062B3BAA7010A4005257A3F005390AF/$FILE/GUIA_REPRESENTACION.pdf	www2.congreso.gob.pe (CENDOC)	Guia de Gestion de la Representacion Politica (Congreso de la Republica, 2011), 105 pp. Manual operativo de despacho congresal: semana de representacion, relacion con la circunscripcion, oficinas descentralizadas. Muy pertinente para un despacho de diputado.
03_congreso	manual_del_proceso_legislativo_oficialia_mayor_2012.pdf	https://www2.congreso.gob.pe/sicr/cendocbib/con5_uibd.nsf/4C1C05CB6BC86D19052586E50026B16D/$FILE/manual_proceso_legislativo.pdf	www2.congreso.gob.pe (CENDOC / Oficialia Mayor)	SUSTITUTO del documento 4 (Guia para la elaboracion de proyectos de ley): Patricia Robinson Urtecho, Manual del Proceso Legislativo, 2a ed., Oficialia Mayor, 2012, 228 pp. Describe requisitos, tramite y dictamen de proposiciones de ley. URL con signo dolar: entrecomillar.
03_congreso	manual_usuario_sistema_proyectos_de_ley_spley_2022.pdf	https://www3.congreso.gob.pe/Docs/DGP/Comisiones/files/20220214_manual_de_usuario_-_spley_-_comisiones.pdf	www3.congreso.gob.pe (DGP - Area de Proyectos)	Manual de Usuario del Sistema Proyectos de Ley (SPLEY), v2.0.0 del 14/02/2022, 28 pp. Instructivo operativo para registrar y hacer seguimiento de proposiciones legislativas; lo mas cercano a una directiva de tramite documentario publicada.
03_congreso	manual_tecnica_legislativa_y_redaccion_parlamentaria_2013_escaneado.pdf	https://www3.congreso.gob.pe/Docs/biblioteca/files/manuales_parlamentarios/mt115939.pdf	www3.congreso.gob.pe (Biblioteca - manuales parlamentarios)	Mismo volumen 2013 (MTL + Manual de Redaccion Parlamentaria) en escaneo facsimilar de 152 pp, 8 MB. NO EXISTE una edicion suelta del Manual de Redaccion Parlamentaria: solo se publica dentro de este tomo de 2013 (documento 3 del encargo).
03_congreso	directiva_02_2023_dgp_cr_gestion_documental.pdf	https://www3.congreso.gob.pe/Docs/Directivas/files/pta_dgp/directiva__02-2023-dgp-cr__gestion_documental.pdf	www3.congreso.gob.pe (Directivas DGP)	Directiva 02-2023-DGP-CR: Lineamientos que regulan el modelo de Gestion Documental en el Congreso de la Republica. Norma interna vigente de tramite documentario (documento 5). PDF escaneado sin capa de texto (3.4 MB).
03_congreso	directiva_07_2022_dgp_cr_mesa_de_partes_digital.pdf	https://www3.congreso.gob.pe/Docs/Directivas/files/dgp/directiva_no._07-2022-dgp-cr_implementacion_mesa_partes_digital.pdf	www3.congreso.gob.pe (Directivas DGP)	Directiva 07-2022-DGP-CR: Lineamientos que regulan la implementacion y uso de la mesa de partes digital y notificaciones electronicas del Congreso. Escaneado, 2.7 MB.
03_congreso	directiva_07_2022_dgp_cr_modificacion_01.pdf	https://www3.congreso.gob.pe/Docs/Directivas/files/dgp/directiva_07-2022-dgp-cr-modificacion-01.pdf	www3.congreso.gob.pe (Directivas DGP)	Modificacion N.01 a la Directiva 07-2022-DGP-CR (mesa de partes digital). Debe leerse junto con el texto original.
03_congreso	directiva_010_2024_elaboracion_documentos_normativos_servicio_parlamentario.pdf	https://www3.congreso.gob.pe/Docs/Directivas/files/directiva/2024/directiva-10-y-resolucion01.pdf	www3.congreso.gob.pe (Directivas Oficialia Mayor)	Directiva 010-2024-AM-OPPM-OM-CR: Elaboracion de Documentos Normativos del Servicio Parlamentario del Congreso, 32 pp, primera version, con la resolucion aprobatoria. Tiene capa de texto.
03_congreso	directiva_10_2022_om_cr_lineamientos_elaboracion_documentos.pdf	https://www3.congreso.gob.pe/Docs/Directivas/files/generales/directiva_no._10-2022-om-cr_lineamientos_elaboracion_documentos.pdf	www3.congreso.gob.pe (Directivas Generales)	Directiva 10-2022-OM-CR: lineamientos para la elaboracion de documentos en el Congreso (formatos de oficios, memorandos, informes). Antecedente de la Directiva 010-2024. Ver tambien formatos N.1 y N.2 en la misma carpeta.
03_congreso	directiva_011_2023_dgp_cr_transferencia_documentos_archivisticos_comisiones.pdf	https://www3.congreso.gob.pe/Docs/Directivas/files/dgp/directiva_no_11-2023-dgp-cr.pdf	www3.congreso.gob.pe (Directivas DGP)	Directiva 011-2023-DGP-CR: procedimiento para la transferencia de documentos archivisticos fisicos y electronicos de comisiones y subcomisiones al Area de Archivo. Escaneado, 5.6 MB.
03_congreso	pta_01_2017_expediente_virtual_parlamentario_ley_resolucion_legislativa.pdf	https://www3.congreso.gob.pe/Docs/Directivas/files/dgp/pta_01_2017_asdi-01.pdf	www3.congreso.gob.pe (PTA - DGP)	PTA 01-2017-ASDI-DIDP-DGP/CR: Procedimiento para la elaboracion del Expediente Virtual Parlamentario de Ley y/o Resolucion Legislativa. Norma de tramite legislativo interno (documento 5). Escaneado.
03_congreso	pta_02_2017_tramitacion_pedidos_de_informacion_despacho_parlamentario.pdf	https://www3.congreso.gob.pe/Docs/Directivas/files/pta_dgp/pta-area-despachoparlamentario.pdf	www3.congreso.gob.pe (PTA - Area de Despacho Parlamentario)	PTA 02-2017-ADP-DRAA-DGP-CR: Procedimiento para la tramitacion interna y control de los pedidos de informacion y su reiteracion. Regula los pedidos de informacion que formula un congresista; operativo para el despacho.
03_congreso	pta_01_2013_recepcion_y_tramitacion_mociones_de_orden_del_dia.pdf	https://www3.congreso.gob.pe/Docs/Directivas/files/pta_dgp/pta-01-2013-atd-draa-dgp.pdf	www3.congreso.gob.pe (PTA - Area de Tramite Documentario)	PTA 01-2013-ATD-DRAA-DGP/CR: Procedimiento para la recepcion y tramitacion interna de mociones de Orden del Dia. Tramite documentario parlamentario propiamente dicho.
03_congreso	directiva_08_2022_dga_cr_apoyo_logistico_semana_de_representacion.pdf	https://www3.congreso.gob.pe/Docs/Directivas/files/generales/directiva_no._08-2022-dga-cr_apoyo_log%C3%8Dstico_semana_representacion.pdf	www3.congreso.gob.pe (Directivas Generales)	Directiva 08-2022-DGA-CR: Procedimientos para la atencion del Apoyo Logistico para la Semana de Representacion de Congresistas. Clave para la operacion territorial del despacho (Ayacucho). Nota: la I de Logistico va acentuada y codificada como %C3%8D en la URL.
03_congreso	directiva_10_2024_elaboracion_documentos_normativos_segunda_version.pdf	https://www3.congreso.gob.pe/Docs/Directivas/files/directiva/2025/directiva_10-2024-am-oppm-cr-(sv).pdf	www3.congreso.gob.pe (Directivas)	SEGUNDA VERSION (2025) de la Directiva 10-2024-AM-OPPM-OM-CR sobre elaboracion de documentos normativos del Servicio Parlamentario, 32 pp. PREFERIR ESTA sobre la primera version de 2024. Con capa de texto.
03_congreso	directiva_26_2025_gestion_sistema_institucional_archivos_2da_version.pdf	https://www3.congreso.gob.pe/Docs/Directivas/files/directiva/2025/directiva_sia-dgd-rev._jms_25.6.25-18.37rrr_(3)r.pdf	www3.congreso.gob.pe (Directivas 2025)	Directiva 26-2025-DGD-DGP-CR: Gestion del Sistema Institucional de Archivos del Congreso, Segunda Version (2025). Con capa de texto. Complementa las directivas de gestion documental.
18_manuales	manual_metodologias_evaluacion_impactos_air_ex_ante_2022.pdf	https://cdn.www.gob.pe/uploads/document/file/3160124/Manual%20de%20metodolog%C3%ADas%20para%20la%20evaluaci%C3%B3n%20de%20impactos%20del%20AIR%20Ex-Ante.pdf	cdn.www.gob.pe (PCM - Secretaria de Gestion Publica)	Manual de metodologias para la evaluacion de impactos del AIR Ex-Ante, 1a ed. mayo 2022, 88 pp; aprobado por RM 141-2022-PCM. Desarrolla los metodos economicos (ACB, costos de cumplimiento, DAP) del Manual AIR. Complemento del documento 10.
18_manuales	reglamento_dl_1565_ley_general_mejora_calidad_regulatoria_ds_023_2025_pcm.pdf	https://cdn.www.gob.pe/uploads/document/file/7731289/6539138-2-reglamento-dl-n-1565.pdf	cdn.www.gob.pe (PCM)	MARCO VIGENTE: Reglamento del D.Leg. 1565 (Ley General de Mejora de la Calidad Regulatoria), aprobado por D.S. 023-2025-PCM (25/02/2025), 41 pp. DEROGA el D.S. 063-2021-PCM citado en el encargo. Crea la Comision Multisectorial de Calidad Regulatoria y el sandbox regulatorio. PDF escaneado sin capa de texto.
18_manuales	ds_023_2025_pcm_parte_resolutiva.pdf	https://cdn.www.gob.pe/uploads/document/file/7731288/6539138-1-ds-n-023-2025-pcm.pdf	cdn.www.gob.pe (PCM)	Texto del Decreto Supremo 023-2025-PCM (2 pp) que aprueba el Reglamento anterior. Descargar junto con el reglamento.
18_manuales	ds_063_2021_pcm_air_ex_ante_derogado.pdf	https://cdn.www.gob.pe/uploads/document/file/1767485/DS-N-063-2021-PCM.pdf.pdf	cdn.www.gob.pe (PCM)	D.S. 063-2021-PCM (03/04/2021, 11 pp): Reglamento del marco institucional de mejora de la calidad regulatoria y lineamientos del AIR Ex Ante. DEROGADO por el D.S. 023-2025-PCM; se conserva por valor historico/comparativo (es el que menciona el encargo).
18_manuales	guia_practica_consulta_publica_calidad_regulatoria_2026.pdf	https://cdn.www.gob.pe/uploads/document/file/9882128/8069196-guia-practica-de-consulta-publica-f-f.pdf	cdn.www.gob.pe (PCM - Secretaria de Gestion Publica)	Guia practica de Consulta Publica en el marco de los instrumentos de mejora de la calidad regulatoria, 95 pp, aprobada por RSGP 002-2026-PCM-SGP (abril 2026). Documento MAS RECIENTE del sistema de calidad regulatoria.
18_manuales	lineamientos_evaluacion_ex_post_regulaciones_vigentes_2026.pdf	https://cdn.www.gob.pe/uploads/document/file/10351931/8409035-lineamientos-para-la-evaluacion-ex-post-de-las-regulaciones-vigentes.pdf	cdn.www.gob.pe (PCM - Secretaria de Gestion Publica)	Lineamientos para la evaluacion Ex Post de las regulaciones vigentes, 17 pp, RSGP 010-2026-PCM-SGP (julio 2026). Cierra el ciclo AIR ex ante / ex post bajo el nuevo D.S. 023-2025-PCM.
03_congreso	informe_tematico_147_sistema_bicameral_marco_constitucional_y_legal_2026.pdf	https://www3.congreso.gob.pe/Docs/DGP/DIDP/files/informe-bicameralidad-_2026-16marzo_(revisado).pdf	www3.congreso.gob.pe (DIDP - Area de Servicios de Investigacion)	Informe Tematico 147/2025-2026-ASISP/DIP, 16/03/2026, 70 pp: Sistema Bicameral, marco constitucional y legal. Explica el reparto de competencias Diputados/Senado vigente desde julio 2026. Muy util como contexto del nuevo Reglamento.
FALLIDO	Guia para la elaboracion de proyectos de ley del Congreso (documento 4)	NO EXISTE como publicacion autonoma. La materia esta cubierta por el Manual de Tecnica Legislativa 3a ed. 2021 y el Manual del Proceso Legislativo (2012), ambos ya registrados		
FALLIDO	Manual o Guia del Congresista (documento 6)	NO EXISTE con ese titulo. Equivalentes institucionales registrados: Manual del Parlamento (Delgado-Guembes, Oficialia Mayor 2012) y Guia de Gestion de la Representacion Politica (2011)		
FALLIDO	Manual de Redaccion Parlamentaria como publicacion suelta (documento 3)	NO EXISTE por separado; solo se publica dentro del tomo MTL+MRP 2013, ya registrado en dos URLs		
FALLIDO	Directiva especifica sobre tramite legislativo de proposiciones de ley	NO EXISTE una directiva unica publicada; el tramite lo fija el propio Reglamento del Congreso. Lo publicado son directivas y PTA de gestion documental, mesa de partes digital y expediente virtual, ya registrados		
FALLIDO	Nueva edicion del Manual de Tecnica Legislativa adaptada a la bicameralidad (2026)	NO PUBLICADA a la fecha (31/07/2026); la 3a ed. 2021 sigue siendo la vigente pese a que los Reglamentos son de 2026		
FALLIDO	sgp.pcm.gob.pe (biblioteca y seccion Analisis de Calidad Regulatoria)	el servidor no responde (timeout tras 45 s en dos intentos); los mismos documentos se obtuvieron via cdn.www.gob.pe		
