04_administracion_publica	tuo_ley_27444_ds_004_2019_jus_derogado.pdf	https://cdn.www.gob.pe/uploads/document/file/320709/DS_004-2019-JUS.pdf	cdn.www.gob.pe (MINJUS)	HISTORICO - DEROGADO. TUO de la Ley 27444 aprobado por D.S. 004-2019-JUS (Separata Especial El Peruano 25-01-2019). Derogado expresamente por el D.S. 006-2026-JUS (30-04-2026), que aprueba el nuevo TUO vigente. 526 KB, capa de texto
04_administracion_publica	ds_040_2014_pcm_reglamento_general_ley_servicio_civil.pdf	https://cdn.www.gob.pe/uploads/document/file/2147983/DECRETO%20SUPREMO%20N%C2%BA%20040-2014-PCM.pdf.pdf	cdn.www.gob.pe	Reglamento General de la Ley 30057 (Servicio Civil); version SPIJ con concordancias; 117 pp, capa de texto (670 KB); vigente
04_administracion_publica	ley_30057_ley_del_servicio_civil.pdf	https://cdn.www.gob.pe/uploads/document/file/7477034/6364512-l-n-30057-2013.pdf	cdn.www.gob.pe	Ley del Servicio Civil (04-07-2013); version SPIJ con notas y concordancias actualizadas; 64 pp, capa de texto (877 KB); vigente
04_administracion_publica	ley_28693_sistema_nacional_tesoreria_historica.pdf	https://cdn.www.gob.pe/uploads/document/file/5605584/4973779-ley_general_del_sistema_nacional_de_tesoreria_n_28693.pdf	cdn.www.gob.pe (MEF)	HISTORICA - DEROGADA. Ley General del Sistema Nacional de Tesoreria (22-03-2006). Sustituida por el Decreto Legislativo 1441, Sistema Nacional de Tesoreria (16-09-2018). 14 pp, capa de texto
04_administracion_publica	ley_28708_sistema_nacional_contabilidad_historica.pdf	https://cdn.www.gob.pe/uploads/document/file/255540/Ley%2028708.pdf.pdf	cdn.www.gob.pe (MEF)	HISTORICA - DEROGADA. Ley General del Sistema Nacional de Contabilidad (12-04-2006). Sustituida por el Decreto Legislativo 1438, Sistema Nacional de Contabilidad (16-09-2018). 15 pp, capa de texto
04_administracion_publica	ley_28411_sistema_nacional_presupuesto_historica.pdf	https://cdn.www.gob.pe/uploads/document/file/1389306/Ley%20General%20del%20Sistema%20Nacional%20de%20Presupuesto.pdf	cdn.www.gob.pe (MEF)	HISTORICA - DEROGADA. Ley General del Sistema Nacional de Presupuesto (08-12-2004), texto actualizado. Sustituida por el Decreto Legislativo 1440, Sistema Nacional de Presupuesto Publico (16-09-2018). 56 pp, capa de texto
04_administracion_publica	ley_28563_sistema_nacional_endeudamiento_historica.pdf	https://cdn.www.gob.pe/uploads/document/file/251638/Ley_General_SNE_Texto_actualizado_31_12_12.pdf	cdn.www.gob.pe (MEF)	HISTORICA - DEROGADA. Ley General del Sistema Nacional de Endeudamiento (01-07-2005), texto actualizado al 31-12-2012. Sustituida por el Decreto Legislativo 1437, Sistema Nacional de Endeudamiento Publico (16-09-2018). 26 pp, capa de texto
04_administracion_publica	ley_27815_codigo_etica_funcion_publica_y_reglamento.pdf	https://cdn.www.gob.pe/uploads/document/file/5458495/4872839-ley_codigo_etica_funcion_publica-dl-27815-y-su-reglamento.pdf	cdn.www.gob.pe	Ley 27815 (texto con modificaciones de la Ley 28496 y concordancias SPIJ) MAS el Reglamento aprobado por D.S. 033-2005-PCM en el mismo archivo; 13 pp, capa de texto
04_administracion_publica	tuo_ley_27806_transparencia_acceso_informacion_publica.pdf	https://cdn.www.gob.pe/uploads/document/file/1494560/Decreto%20Supremo%20N%C2%BA%20021-2019-JUS.pdf	cdn.www.gob.pe (MINJUS / El Peruano)	TUO de la Ley 27806 de Transparencia y Acceso a la Informacion Publica, aprobado por D.S. 021-2019-JUS (El Peruano 11-12-2019); texto integro hasta el art. 40; 9 pp, capa de texto
04_administracion_publica	ds_123_2018_pcm_reglamento_sistema_modernizacion_gestion_publica.pdf	https://spijweb.minjus.gob.pe/wp-content/uploads/2018/12/DS-123-2018-PCM.pdf	spijweb.minjus.gob.pe (SPIJ)	Reglamento del Sistema Administrativo de Modernizacion de la Gestion Publica, reglamento de la Ley 27658 (El Peruano 19-12-2018); 12 pp, capa de texto. La copia en cdn.www.gob.pe (file/265593) es un escaneo sin capa de texto. VIGENTE, pero MODIFICADO en sus arts. 7 y 14 por el D.S. 090-2026-PCM (10-06-2026)
04_administracion_publica	ley_27658_marco_modernizacion_gestion_del_estado.pdf	https://www.sat.gob.pe/TransparenciaV3/Portals/0/Docs/NormasOtrasEntidades/Ley_27658_modificada_por_D_Leg_1554_v1.pdf	sat.gob.pe (texto SPIJ actualizado)	Texto CONSOLIDADO de la Ley 27658 con las modificaciones del D.Leg. 1446 (16-09-2018, crea el Sistema Administrativo de Modernizacion) y del D.Leg. 1554 (11-05-2023); 23 pp, capa de texto. Alternativa en cdn.www.gob.pe/uploads/document/file/861199/-455746778136619647320200617-18907-1xj6tyx.pdf pero es el texto ORIGINAL 2002 sin esas modificaciones. AVISO DE VIGENCIA: no incorpora la modificacion del art. 5-A.1 hecha por el D.Leg. 1694 (20-01-2026)
04_administracion_publica	tuo_ley_27444_procedimiento_administrativo_general_vigente.pdf	https://cdn.www.gob.pe/uploads/document/file/9947105/8115839-decreto-supremo-006-2026-jus-lpderecho-27444.pdf	cdn.www.gob.pe (El Peruano, Separata Especial)	VIGENTE. Nuevo TUO de la Ley 27444 aprobado por D.S. 006-2026-JUS, publicado el 30-04-2026; deroga el D.S. 004-2019-JUS. Separata Especial de 48 pp con capa de texto. Espejo en El Peruano: https://busquedas.elperuano.pe/api/archivo/file/EyLy0vjF4BaA0o0iZSAN5x/*/2511263-1.pdf
04_administracion_publica	dleg_1694_modifica_ley_27658_innovacion_publica.pdf	https://cdn.www.gob.pe/uploads/document/file/9369756/7679671-dl-1694.pdf	cdn.www.gob.pe (PCM / El Peruano)	COMPLEMENTO al doc. 2. D.Leg. 1694 (20-01-2026) modifica el numeral 5-A.1 del art. 5-A de la Ley 27658 e incorpora la Innovacion Publica como fin del Sistema Administrativo de Modernizacion. NO esta recogido en el texto consolidado de la Ley 27658 registrado arriba (actualizado solo hasta el D.Leg. 1554). 2 pp, capa de texto
04_administracion_publica	ds_090_2026_pcm_modifica_reglamento_modernizacion.pdf	https://cdn.www.gob.pe/uploads/document/file/10133045/8250389-1-ds-n-090-2026-pcm.pdf	cdn.www.gob.pe (PCM / El Peruano)	COMPLEMENTO al doc. 2. D.S. 090-2026-PCM (10-06-2026) MODIFICA los arts. 7 y 14 del Reglamento D.S. 123-2018-PCM para incorporar la Innovacion Publica (D.Leg. 1694). NO deroga el D.S. 123-2018-PCM, que sigue vigente. Pagina de El Peruano con capa de texto
