05_contrataciones	ley_32069_contrataciones_publicas.pdf	https://cdn.www.gob.pe/uploads/document/file/7594705/6444155-ley-general-de-contrataciones-publicas-con-modificaciones-al-5-12-2025.pdf	OECE/gob.pe (cdn)	VIGENTE desde 22-04-2025. Texto con modificaciones al 05-12-2025. Reemplaza a Ley 30225. OSCE -> OECE. 630 KB
05_contrataciones	reglamento_ley_32069_ds_009_2025_ef.pdf	https://cdn.www.gob.pe/uploads/document/file/9295551/6444155-ref-reglamento-de-la-ley-de-contrataciones-del-estado-con-modificaciones-posteriores-hasta-08-ene-2026-2-v2.pdf	OECE/gob.pe (cdn)	VIGENTE. D.S. 009-2025-EF con modificaciones hasta 08-01-2026 (incluye D.S. 001-2026-EF). 2.8 MB
06_presupuesto	ley_presupuesto_2026.pdf	https://www.mef.gob.pe/contenidos/presu_publ/anexos/ppto2026/Ley_N_32513-LeydePpto2026.pdf	MEF	Ley 32513, publicada 04-12-2025 en El Peruano. 93 paginas, 16.6 MB. Presupuesto S/ 257,561,619,143
06_presupuesto	ley_equilibrio_financiero_2026.pdf	https://www.mef.gob.pe/contenidos/presu_publ/anexos/ppto2026/Ley_N_32514-LeydeEquilibrio2026.pdf	MEF	Ley 32514 de Equilibrio Financiero 2026, publicada 04-12-2025. 5 paginas
05_contrataciones	tuo_ley_30225_contrataciones_estado_historico.pdf	https://cdn.www.gob.pe/uploads/document/file/298343/DS082_2019EF.pdf	MEF/gob.pe (cdn)	HISTORICO. TUO de la Ley 30225 aprobado por D.S. 082-2019-EF (13-03-2019). 21 pags. Derogado por Ley 32069 desde 22-04-2025
05_contrataciones	reglamento_ley_30225_ds_344_2018_ef_historico.pdf	https://cdn.www.gob.pe/uploads/document/file/264496/DS344_2018EF.pdf	MEF/gob.pe (cdn)	HISTORICO. D.S. 344-2018-EF, Reglamento de la Ley 30225. 64 pags. Texto de publicacion original (31-12-2018)
06_presupuesto	ley_endeudamiento_2026.pdf	https://www.mef.gob.pe/contenidos/presu_publ/anexos/ppto2026/Ley_N_32515-LeydeEndeudamiento2026.pdf	MEF	Ley 32515 de Endeudamiento del Sector Publico 2026, publicada 04-12-2025. 10 paginas
06_presupuesto	ley_presupuesto_2025.pdf	https://www.mef.gob.pe/contenidos/presu_publ/anexos/ppto2025/Ley_N_32185-LeydePpto2025.pdf	MEF	Ley 32185 de Presupuesto 2025 (ano fiscal cerrado). 95 pags, 20 MB. Presupuesto S/ 251,801,045,185
06_presupuesto	ley_equilibrio_financiero_2025.pdf	https://www.mef.gob.pe/contenidos/presu_publ/anexos/ppto2025/Ley_N_32186-LeydeEquilibrio2025.pdf	MEF	Ley 32186 de Equilibrio Financiero 2025. 5 pags (incluye inicio de Ley 32187)
06_presupuesto	ley_endeudamiento_2025.pdf	https://www.mef.gob.pe/contenidos/presu_publ/anexos/ppto2025/Ley_N_32187-LeydeEndeudamiento2025.pdf	MEF	Ley 32187 de Endeudamiento 2025. 12 paginas
06_presupuesto	dleg_1440_sistema_nacional_presupuesto_publico.pdf	https://cdn.www.gob.pe/uploads/document/file/206025/DL_1440.pdf	MEF/gob.pe (cdn)	VIGENTE. D.Leg. 1440 publicado 16-09-2018 en El Peruano. 16 paginas. Texto de publicacion original
05_contrataciones	directiva_0002_2025_ef_plan_anual_contrataciones.pdf	https://cdn.www.gob.pe/uploads/document/file/7884061/6641094-directiva0002_2025ef5401.pdf?v=1743962805	DGA-MEF/gob.pe (cdn)	VIGENTE. Directiva 0002-2025-EF/54.01 sobre elaboracion del Plan Anual de Contrataciones (PAC), bajo Ley 32069. 9 pags
05_contrataciones	directiva_0005_2025_ef_bases_estandar_procedimientos_seleccion.pdf	https://cdn.www.gob.pe/uploads/document/file/7948028/6683111-directiva0005_2025ef5401.pdf	DGA-MEF/gob.pe (cdn)	VIGENTE. Directiva 0005-2025-EF/54.01, bases estandar para procedimientos de seleccion bajo Ley 32069 (aprob. R.D. 0015-2025-EF/54.01, modif. R.D. 001-2026-EF/54.01). 6 pags
05_contrataciones	directiva_006_2019_osce_subasta_inversa_electronica_historico.pdf	https://cdn.www.gob.pe/uploads/document/file/3798145/Directiva%20N%C2%B0%20006-2019-OSCE%2FCD%20%28Modificada%20mediante%20Resoluci%C3%B3n%20N%C2%BA%20213-2022-OSCE%2FPRE%29.pdf	OECE-OSCE/gob.pe (cdn)	HISTORICO. Directiva 006-2019-OSCE/CD Subasta Inversa Electronica (v.02, modif. Res. 213-2022-OSCE/PRE). Vigente hasta 21-04-2025 bajo Ley 30225. 6 pags
