07_economia	dleg_1436_marco_administracion_financiera_sector_publico.pdf	https://cdn.www.gob.pe/uploads/document/file/536042/DL_1436.pdf	gob.pe CDN	Marco de la Administracion Financiera del Sector Publico (16/09/2018). NO es Tesoreria: es la norma paraguas. Modificado por D.Leg. 1630 (2024), no incorporado.
07_economia	dleg_1441_sistema_nacional_tesoreria.pdf	https://cdn.www.gob.pe/uploads/document/file/206026/DL_1441.pdf	gob.pe CDN (MEF)	Sistema Nacional de Tesoreria. Este es el D.Leg. correcto para Tesoreria.
07_economia	dleg_1438_sistema_nacional_contabilidad.pdf	https://cdn.www.gob.pe/uploads/document/file/206023/DL_1438.pdf	gob.pe CDN (MEF)	Sistema Nacional de Contabilidad. El Peruano 16/09/2018, con capa de texto.
07_economia	dleg_1439_sistema_nacional_abastecimiento.pdf	https://cdn.www.gob.pe/uploads/document/file/206024/DL_1439.pdf	gob.pe CDN (MEF)	Sistema Nacional de Abastecimiento. El Peruano 16/09/2018, con capa de texto.
07_economia	dleg_1437_sistema_nacional_endeudamiento_publico.pdf	https://cdn.www.gob.pe/uploads/document/file/206021/DL_1437.pdf	gob.pe CDN (MEF)	Sistema Nacional de Endeudamiento Publico. El Peruano 16/09/2018, con capa de texto.
08_planeamiento	dleg_1088_sinaplan_ceplan.pdf	https://www.ceplan.gob.pe/wp-content/uploads/2018/01/Decreto-Legislativo-1088-final.pdf	ceplan.gob.pe	Sistema Nacional de Planeamiento Estrategico y CEPLAN (28/06/2008). Sitio oficial del ente rector.
08_planeamiento	guia_planeamiento_institucional_pei_poi_ceplan_2024.pdf	https://cdn.www.gob.pe/uploads/document/file/6483943/5661161-guia-para-el-planeamiento-institucional-ceplan.pdf	gob.pe CDN (CEPLAN)	CUBRE PEI Y POI EN UN SOLO ARCHIVO: CEPLAN fusiono ambas guias. Vigente por RPCD 0055-2024-CEPLAN/PCD.
08_planeamiento	guia_politicas_nacionales_ceplan_2024.pdf	https://cdn.www.gob.pe/uploads/document/file/7077561/6088033-ceplan-guia-de-politicas-nacionales-actualizada-2024.pdf	gob.pe CDN (CEPLAN)	Guia de Politicas Nacionales, actualizacion 2024 (reemplaza la 2023).
09_inversion_publica	dleg_1252_invierte_pe.pdf	https://cdn.www.gob.pe/uploads/document/file/204885/200981-dl1252.pdf	gob.pe CDN (MEF)	Crea Invierte.pe y deroga la Ley 27293 (SNIP).
09_inversion_publica	ds_284_2018_ef_reglamento_dleg_1252.pdf	https://www.mef.gob.pe/es/normatividad-inv-publica/instrumento/decretos-supremos/18647-decreto-supremo-n-284-2018-ef-1/file	mef.gob.pe	Reglamento del D.Leg. 1252 (09/12/2018). Modificado por D.S. 179-2020-EF, 231-2022-EF y 074-2023-EF.
09_inversion_publica	directiva_001_2019_ef_6301_directiva_general_invierte_pe.pdf	https://www.mef.gob.pe/es/normatividad-inv-publica/instrumento/directivas/19114-resolucion-directoral-n-001-2019-ef-63-01-2/file	mef.gob.pe	Directiva General de Invierte.pe. CONFIRMADO VIGENTE: no fue reemplazada, solo modificada.
09_inversion_publica	rd_0002_2025_ef_6301_modifica_directiva_general_invierte_pe.pdf	https://www.mef.gob.pe/es/normatividad-inv-publica/instrumento/resolucion-directoral/34072-resolucion-directoral-n-0002-2025-ef-63-01-1/file	mef.gob.pe	El Peruano 01/02/2025: modifica la Directiva 001-2019-EF/63.01 y aprueba Nota Tecnica de cierre de inversiones.
