11_seguridad	dleg_1267_ley_policia_nacional_del_peru.pdf	https://cdn.www.gob.pe/uploads/document/file/7708314/6523657-decreto-supremo-n-1267.pdf	cdn.www.gob.pe (PNP / gob.pe)	Publicacion El Peruano 18/12/2016; 738 KB con capa de texto. OJO: el nombre del archivo en el CDN dice 'decreto-supremo' pero el contenido es el D.Leg. 1267
10_control	ley_27785_sistema_nacional_de_control.pdf	https://doc.contraloria.gob.pe/transparencia/documentos/pte/entidad/LEY_27785_TILOC.pdf	doc.contraloria.gob.pe	TILOC = Texto Integrado de la Ley Organica de la Contraloria: version consolidada con notas de modificacion (incluye Ley 29622 y Ley 30742). Cubre los DOS puntos del encargo (Sistema Nacional de Control + Contraloria). Alterno: texto original de El Peruano 23/07/2002 en https://doc.contraloria.gob.pe/transparencia/documentos/pte/entidad/LEY_27785.pdf
10_control	normas_generales_de_control_gubernamental_version_integrada.pdf	https://cdn.www.gob.pe/uploads/document/file/4811158/Versi%C3%B3n%20Integrada%20%22Normas%20Generales%20de%20Control%20Gubernamental%22.PDF	cdn.www.gob.pe (Contraloria)	Version integrada NGCG: aprobadas por RC 295-2021-CG (24/12/2021), modificadas por RC 158-2023-CG, RC 223-2023-CG y RC 245-2023-CG. 456 KB con capa de texto
10_control	reglamento_pas_responsabilidad_administrativa_funcional_version_integrada.pdf	https://cdn.www.gob.pe/uploads/document/file/6267932/5513548-reglamento-del-procedimiento-administrativo-sancionador-por-responsabilidad-administrativa-funcional.PDF	cdn.www.gob.pe (Contraloria)	Reglamento de infracciones y sanciones VIGENTE: RC 166-2021-CG, modificada por RC 307-2022-CG, RC 407-2022-CG y RC 196-2024-CG. Version integrada abril 2024. Sustituye al D.S. 023-2011-PCM (reglamento original de la Ley 29622, derogado por RC 100-2018-CG)
10_control	ley_29622_amplia_facultades_sancionadoras_contraloria.pdf	https://cdn.www.gob.pe/uploads/document/file/969881/Ley_N__29622.pdf	cdn.www.gob.pe (Congreso de la Republica)	Texto de El Peruano 07/12/2010, 267 KB con capa de texto. Incorpora el Subcapitulo II (arts. 45-46) sobre potestad sancionadora de la CGR en la Ley 27785
11_seguridad	ley_30077_ley_contra_el_crimen_organizado.pdf	https://cdn.www.gob.pe/uploads/document/file/1671767/Ley%20N%C2%B0%2030077%20-%20Ley%20Contra%20el%20Crimen%20Organizado.pdf.pdf	cdn.www.gob.pe	Version con notas de concordancia y modificaciones, 24 pags con capa de texto. ADVERTENCIA: consolidada solo hasta ~2019-2020 (Ley 30963); NO incorpora Ley 32108 (2024) ni D.Leg. 1731 (12/02/2026), que modificaron el art. 2 y el catalogo de delitos. Alterno (texto original El Peruano 20/08/2013): https://cdn.www.gob.pe/uploads/document/file/225388/Ley_30077_Ley_contra_el_Crimen_Organizado.pdf
11_seguridad	ley_27693_unidad_de_inteligencia_financiera.pdf	https://www2.congreso.gob.pe/sicr/cendocbib/con3_uibd.nsf/D36132F0BF505D8805257990005053F3/$FILE/3_LEY_27693.pdf	www2.congreso.gob.pe/sicr/cendocbib (NO es leyes.congreso/Documentos)	53 pags CON capa de texto, con notas de concordancia; consolidada hasta Ley 29038 (2007). NO cubre modificaciones posteriores (D.Leg. 1249 de 2016). La version concordada de la SBS al 19/11/2018 (https://www.sbs.gob.pe/Portals/5/jer/NORM_GEN_LAFT/19112018_Version_Concordada_Ley%2027693.pdf) es mejor pero sbs.gob.pe bloquea descargas por WAF Incapsula: hay que bajarla desde navegador
11_seguridad	dleg_1106_lucha_eficaz_contra_el_lavado_de_activos.pdf	https://spij.minjus.gob.pe/Normas/textos/190412T.pdf	spij.minjus.gob.pe	PARCIAL: es el compendio SPIJ del dia 19/04/2012 (146 pags, CON capa de texto); el D.Leg. 1106 empieza en la pag. 20 aprox. Hay que recortarlo. Motivo: las versiones dedicadas oficiales (leyes.congreso .../DecretosLegislativos/01106.pdf y sunat.gob.pe) son escaneos SIN capa de texto, y sbs.gob.pe bloquea curl (Incapsula)
11_seguridad	ds_026_2017_in_reglamento_dleg_1267_pnp.pdf	https://cdn.www.gob.pe/uploads/document/file/571754/Decreto_Supremo_N%C2%BA_026-2017-IN.pdf	cdn.www.gob.pe (Presidencia)	Separata Especial El Peruano 15/10/2017, 112 pags con capa de texto. ATENCION: DEROGADO/SUSTITUIDO por el D.S. 012-2025-IN (05/11/2025), nuevo Reglamento del D.Leg. 1267 con 312 articulos. Se registra tambien la version vigente en linea aparte
11_seguridad	ds_012_2025_in_reglamento_dleg_1267_pnp_vigente.pdf	https://cdn.www.gob.pe/uploads/document/file/9009179/7408685-anexo-012-2025-in.pdf	cdn.www.gob.pe (MININTER)	REGLAMENTO VIGENTE del D.Leg. 1267 (D.S. 012-2025-IN, 05/11/2025): anexo con el texto integro, 321 pags, 18.9 MB, capa de texto por OCR (algunos errores tipograficos). La parte resolutiva del D.S. esta en https://cdn.www.gob.pe/uploads/document/file/9009177/7408685-012-2025-in.pdf (3 pags)
11_seguridad	ds_015_2003_jus_reglamento_codigo_ejecucion_penal.pdf	https://spij.minjus.gob.pe/Normas/textos/110903T.pdf	spij.minjus.gob.pe	PARCIAL: compendio SPIJ del dia 11/09/2003 (135 pags, CON capa de texto). El D.S. 015-2003-JUS y el TEXTO INTEGRO del Reglamento (269 articulos) empiezan en la pag. 27 y llegan hasta el final. Hay que recortarlo. Es el texto ORIGINAL 2003: no incorpora modificatorias posteriores (p.ej. D.S. 015-2021-JUS, D.S. 022-2025-JUS del 04/11/2025)
11_seguridad	ds_009_2007_jus_rof_inpe.pdf	https://spij.minjus.gob.pe/Normas/textos/101007T.pdf	spij.minjus.gob.pe	PARCIAL: compendio SPIJ del dia 10/10/2007 (91 pags, CON capa de texto). El D.S. 009-2007-JUS y el TEXTO INTEGRO del ROF-INPE (5 titulos, 74 articulos) empiezan en la pag. 29. Hay que recortarlo. Se prefirio a la copia oficial del INPE en gob.pe (https://cdn.www.gob.pe/uploads/document/file/937250/ROF_inpe_2007_DS_009.pdf, 33 pags) porque esa es un ESCANEO SIN capa de texto. Es el ROF vigente segun gob.pe/inpe
