19_informes_permanentes	bcrp_reporte_inflacion_2026_06.pdf	https://www.bcrp.gob.pe/docs/Publicaciones/Reporte-Inflacion/2026/junio/reporte-de-inflacion-junio-2026.pdf	BCRP	edicion junio 2026, verificada en portada: 'REPORTE DE INFLACION Junio 2026 - Panorama actual y proyecciones macroeconomicas 2026-2027'; 3.35 MB
19_informes_permanentes	inei_informe_tecnico_pbi_comportamiento_economia_2026_t1.pdf	https://www.inei.gob.pe/media/MenuRecursivo/boletines/pbi-trimestral-i-trim-2026.pdf	INEI	edicion N 02 - Mayo 2026, verificada en portada: 'Comportamiento de la Economia Peruana en el Primer Trimestre de 2026' (Cuentas Nacionales ano base 2007); PBI +3,5%; 8.48 MB
19_informes_permanentes	inei_informe_tecnico_empleo_nacional_2026_t1.pdf	https://www.inei.gob.pe/media/MenuRecursivo/boletines/empleo-nacional-i-trimestre-2026.pdf	INEI	edicion Primer trimestre 2026 (Mayo 2026), verificada en portada: 'Peru: Comportamiento de los indicadores del mercado laboral a Nivel Nacional y en 27 Ciudades', base EPEN; 2.85 MB
19_informes_permanentes	mef_marco_macroeconomico_multianual_2026_2029.pdf	https://cdn.www.gob.pe/uploads/document/file/8563935/7091414-marco-macroeconomico-multianual-2026-2029.pdf	MEF / cdn.www.gob.pe	edicion MMM 2026-2029, verificada en texto: 'Marco Macroeconomico Multianual 2026-2029', aprobado en sesion de Consejo de Ministros del 27 de agosto de 2025; es el MMM vigente al 31/07/2026 (el 2027-2030 se publica en agosto 2026); 11.9 MB
19_informes_permanentes	inei_evolucion_pobreza_monetaria_2016_2025.pdf	https://cdn.www.gob.pe/uploads/document/file/9911812/8088591-peru-evolucion-de-la-pobreza-monetaria-2016-2025.pdf	INEI / cdn.www.gob.pe	edicion Lima, mayo 2026, verificada en texto: 'Peru: Evolucion de la pobreza monetaria 2016-2025'; pobreza monetaria 25,7% en 2025; 7.09 MB
19_informes_permanentes	defensoria_vigesimo_noveno_informe_anual_2025.pdf	https://www.defensoria.gob.pe/wp-content/uploads/2026/05/InformeAnualFinal2025.pdf	Defensoria del Pueblo	edicion Vigesimo Noveno Informe Anual (enero-diciembre 2025), presentado al Congreso en mayo 2026, verificada en portada; 30.6 MB
19_informes_permanentes	servir_caracteristicas_servicio_civil_peruano_2024.pdf	https://cdn.www.gob.pe/uploads/document/file/9167778/7526064-caracteristicas-del-servicio-civil-peruano-2024.pdf	SERVIR / cdn.www.gob.pe	edicion 'Caracteristicas del Servicio Civil Peruano - 2024', verificada en creditos (Deposito Legal N 2025-15106, PDF creado 17/12/2025); es la ultima entrega de la serie anual de SERVIR; 7.45 MB
19_informes_permanentes	ceplan_peru_2050_escenarios_prospectivos_pedn_act_2025.pdf	https://cdn.www.gob.pe/uploads/document/file/9218857/7566878-peru-2050-escenarios-prospectivos-del-pedn-actualizacion-2025.pdf	CEPLAN / cdn.www.gob.pe	edicion 'Peru 2050: Escenarios prospectivos del PEDN - Actualizacion 2025', verificada en portada; Direccion Nacional de Prospectiva y Estudios Estrategicos del Ceplan; 3.83 MB
19_informes_permanentes	bcrp_reporte_estabilidad_financiera_2026_05.pdf	https://www.bcrp.gob.pe/docs/Publicaciones/Reporte-Estabilidad-Financiera/2026/mayo/ref-mayo-2026.pdf	BCRP	edicion Mayo 2026, verificada en portada: 'REPORTE DE ESTABILIDAD FINANCIERA Mayo 2026' (ISSN 2664-2328), 95 pags; 4.08 MB
19_informes_permanentes	bcrp_memoria_anual_2025.pdf	https://www.bcrp.gob.pe/docs/Publicaciones/Memoria/2025/memoria-bcrp-2025.pdf	BCRP	edicion Memoria 2025, verificada en portada: 'MEMORIA 2025 - Banco Central de Reserva del Peru', Directorio al 31/12/2025, 330 pags, PDF creado 07/05/2026; 9.35 MB
19_informes_permanentes	contraloria_informe_de_gestion_2024.pdf	https://cdn.www.gob.pe/uploads/document/file/9076258/7454028-informe-de-gestion-2024-comprimido.pdf	Contraloria General de la Republica / cdn.www.gob.pe	edicion 'INFORME DE GESTION 2024', verificada en portada (Contralor General Cesar Aguilar Surichaqui), 275 pags, publicado en gob.pe en nov-2025; es el ultimo informe anual de gestion disponible (no hay edicion 2025 al 31/07/2026); 6.79 MB
19_informes_permanentes	contraloria_informe_obras_paralizadas_2026_03.pdf	https://cdn.www.gob.pe/uploads/document/file/9989705/8147812-informe-de-obras-paralizadas-en-el-territorio-nacional-a-marzo-2026.PDF	Contraloria General de la Republica / cdn.www.gob.pe	COMPLEMENTARIO: edicion N 001-2026-CG/SESNC, Lima mayo 2026, datos a marzo 2026, verificada en portada; informe vigente mas reciente de la Contraloria sobre obras paralizadas; 0.97 MB
19_informes_permanentes	inei_informe_tecnico_condiciones_de_vida_2026_t1.pdf	https://www.inei.gob.pe/media/MenuRecursivo/boletines/informe_condiciones_vida_1t2026.pdf	INEI	COMPLEMENTARIO: edicion N 02 - Junio 2026, I Trimestre 2026, verificada en portada: 'Informe Tecnico de Condiciones de Vida en el Peru' (base ENAHO); 7.44 MB
