68	Julian, Ramajo Hernandez/Contarstacion modelo nonetario determinacion tipo cambio (68)	Julian, Ramajo Hernandez/Contraste empirico del modelo monetario de tipos de cambio_ cointegracion y ajuste no lineal (68)
481	Alexander, Galetovic/Microeconimia ii (481)	Alexander, Galetovic/Microeconomia II (481)
557	Luis Gabriel, Paredes Morales/Los sitemas administrativos y la modernizacion del estado (557)	Luis Gabriel, Paredes Morales/Los sistemas administrativos y la modernizacion de la gestion publica_ aproximaciones a partir (557)
608	Cesar, Perez Lopez/Estadistica aplicada conceptos y ejercicos atraves de excel (608)	Cesar, Perez Lopez/Estadistica aplicada_ conceptos y ejercicios a traves de Excel (608)
724	Cecilia, Garavito Masalias/Microeconomia consumidores, productores y estructures de mercado (724)	Cecilia, Garavito Masalias/Microeconomia_ consumidores, productores y estructuras de mercado (724)
768	Victoriano, Martin Martin/La equivocada distincin entre liberalismo econmico y liberalismo politico (768)	Victoriano, Martin Martin/La equivocada distincion entre liberalismo economico y liberalismo politico (768)
853	Jesus, Ferreyra/Tipo cambio real equlibrio en el peru (853)	Jesus, Ferreyra/Tipo de cambio real de equilibrio en el Peru_ modelos BEER y construccion de bandas de confianz (853)
1141	Felix, Jimenez/Me002 macroeconomia enfoques y modelos ejercicios solucions (1141)	Felix, Jimenez/Me002 macroeconomia_ enfoques y modelos. Ejercicios resueltos (1141)
1161	Erick, Lahura/Regemenes cambiarios y desempeno macroeconomico una evaluacion de la literatura (1161)	Erick, Lahura/Regimenes cambiarios y desempeno macroeconomico_ una evaluacion de la literatura (1161)
1564	Karl R., Popper/La filosofia de la cienca (1564)	Karl R., Popper/La filosofia de la ciencia de Popper (1564)
1972	Universidad de San Martin de Porres/Manual contabiliadad intermedia i (1972)	Universidad de San Martin de Porres/Manual_ contabilidad intermedia I (1972)
3295	Juan, Mascarenas/Opciones implicitas en los intrumentos de financiamiento de las empresas (3295)	Juan, Mascarenas/Opciones implicitas en instrumentos de financiacion de la empresa (3295)
3401	Richard, Roca/Las elasticidades de la demanada y oferta (3401)	Richard, Roca/Las elasticidades de la demanda y la oferta (3401)
3488	Javier, Gorgas/Contraste de hipostesis para varias muestras (3488)	Javier, Gorgas/Contrastes de hipotesis para varias muestras (3488)
3927	Janice, Seinfeld/Informacin asimtrica y diseno organizacional (3927)	Janice, Seinfeld/Informacion asimetrica y diseno organizacional (3927)
4379	Clara, Garcia Fernandez-Muro/El sistema monetario y financiero internaciona (4379)	Clara, Garcia Fernandez-Muro/El sistema monetario y financiero internacional (4379)
4406	Isaac, Martinez/Campo y metodo de la macroeconomia de_.niciones y conceptos basicos (4406)	Isaac, Martinez/Campo y metodo de la macroeconomia_ definiciones y conceptos basicos (4406)
4439	Renzo, Alvarez Carcheri/Microeconomics public good and asymetric informaction (4439)	Renzo, Alvarez Carcheri/Microeconomia_ bienes publicos y asimetria de la informacion (4439)
8539	Youel, Rojas Zea/Modelo estandar neo keynesiano para economia cerrada (8539)	Youel, Rojas Zea/Modelo estandar neokeynesiano para economia cerrada (8539)
8968	Efrain, Gonzales de Olarte/Ajuste estructural y rforma de la economia fiscal en el peru (8968)	Efrain, Gonzales de Olarte/Ajuste estructural y reforma de la economia fiscal en el Peru (8968)
8981	Organizacion Internacional del Trabajo/Politicas activas en el mercado laboral en america latina y el caribel (8981)	Organizacion Internacional del Trabajo/Soluciones eficaces_ politicas activas del mercado de trabajo en America Latina y el Caribe (8981)
9115	Doris, Alvarado/Aplicaciones siaf, en la gestion presupuestaria_ modulo administraivo (9115)	Doris, Alvarado/Aplicaciones SIAF en la gestion presupuestaria_ modulo administrativo (9115)
