carpeta	68		Julian, Ramajo Hernandez/Contarstacion modelo nonetario determinacion tipo cambio (68)
carpeta	481		Alexander, Galetovic/Microeconimia ii (481)
carpeta	557		Luis Gabriel, Paredes Morales/Los sitemas administrativos y la modernizacion del estado (557)
carpeta	608		Cesar, Perez Lopez/Estadistica aplicada conceptos y ejercicos atraves de excel (608)
carpeta	724		Cecilia, Garavito Masalias/Microeconomia consumidores, productores y estructures de mercado (724)
carpeta	768		Victoriano, Martin Martin/La equivocada distincin entre liberalismo econmico y liberalismo politico (768)
carpeta	853		Jesus, Ferreyra/Tipo cambio real equlibrio en el peru (853)
carpeta	1141		Felix, Jimenez/Me002 macroeconomia enfoques y modelos ejercicios solucions (1141)
carpeta	1161		Erick, Lahura/Regemenes cambiarios y desempeno macroeconomico una evaluacion de la literatura (1161)
carpeta	1492		Alex/La problematica nacional (1492)
carpeta	1564		Karl R., Popper/La filosofia de la cienca (1564)
carpeta	1972		Universidad de San Martin de Porres/Manual contabiliadad intermedia i (1972)
carpeta	3295		Juan, Mascarenas/Opciones implicitas en los intrumentos de financiamiento de las empresas (3295)
carpeta	3401		Richard, Roca/Las elasticidades de la demanada y oferta (3401)
carpeta	3488		Javier, Gorgas/Contraste de hipostesis para varias muestras (3488)
carpeta	3927		Janice, Seinfeld/Informacin asimtrica y diseno organizacional (3927)
carpeta	4379		Clara, Garcia Fernandez-Muro/El sistema monetario y financiero internaciona (4379)
carpeta	4406		Isaac, Martinez/Campo y metodo de la macroeconomia de_.niciones y conceptos basicos (4406)
carpeta	4439		Renzo, Alvarez Carcheri/Microeconomics public good and asymetric informaction (4439)
carpeta	8539		Youel, Rojas Zea/Modelo estandar neo keynesiano para economia cerrada (8539)
carpeta	8968		Efrain, Gonzales de Olarte/Ajuste estructural y rforma de la economia fiscal en el peru (8968)
carpeta	8981		Organizacion Internacional del Trabajo/Politicas activas en el mercado laboral en america latina y el caribel (8981)
carpeta	9115		Doris, Alvarado/Aplicaciones siaf, en la gestion presupuestaria_ modulo administraivo (9115)
formato	68	PDF	Julian, Ramajo Hernandez/Contarstacion modelo nonetario determinacion tipo cambio (68)/Contarstacion modelo nonetario determinaci - Julian, Ramajo Hernandez.pdf
formato	481	PDF	Alexander, Galetovic/Microeconimia ii (481)/Microeconimia ii - Alexander, Galetovic.pdf
formato	557	PDF	Luis Gabriel, Paredes Morales/Los sitemas administrativos y la modernizacion del estado (557)/Los sitemas administrativos y la moderniza - Luis Gabriel, Paredes Morales.pdf
formato	608	PDF	Cesar, Perez Lopez/Estadistica aplicada conceptos y ejercicos atraves de excel (608)/Estadistica aplicada conceptos y ejercicos - Cesar, Perez Lopez.pdf
formato	724	PDF	Cecilia, Garavito Masalias/Microeconomia consumidores, productores y estructures de mercado (724)/Microeconomia consumidores, productores y - Cecilia, Garavito Masalias.pdf
formato	768	PDF	Victoriano, Martin Martin/La equivocada distincin entre liberalismo econmico y liberalismo politico (768)/La equivocada distincin entre liberalismo - Victoriano, Martin Martin.pdf
formato	853	PDF	Jesus, Ferreyra/Tipo cambio real equlibrio en el peru (853)/Tipo cambio real equlibrio en el peru - Jesus, Ferreyra.pdf
formato	1141	PDF	Felix, Jimenez/Me002 macroeconomia enfoques y modelos ejercicios solucions (1141)/Me002 macroeconomia enfoques y modelos eje - Felix, Jimenez.pdf
formato	1161	PDF	Erick, Lahura/Regemenes cambiarios y desempeno macroeconomico una evaluacion de la literatura (1161)/Regemenes cambiarios y desempeno macroecon - Erick, Lahura.pdf
formato	1492	PDF	Alex/La problematica nacional (1492)/La problematica nacional - Alex.pdf
formato	1564	PDF	Karl R., Popper/La filosofia de la cienca (1564)/La filosofia de la cienca - Karl R., Popper.pdf
formato	1972	PDF	Universidad de San Martin de Porres/Manual contabiliadad intermedia i (1972)/Manual contabiliadad intermedia i - Universidad de San Martin de Porres.pdf
formato	3295	PDF	Juan, Mascarenas/Opciones implicitas en los intrumentos de financiamiento de las empresas (3295)/Opciones implicitas en los intrumentos de - Juan, Mascarenas.pdf
formato	3401	PDF	Richard, Roca/Las elasticidades de la demanada y oferta (3401)/Las elasticidades de la demanada y oferta - Richard, Roca.pdf
formato	3488	PDF	Javier, Gorgas/Contraste de hipostesis para varias muestras (3488)/Contraste de hipostesis para varias muestr - Javier, Gorgas.pdf
formato	3927	PDF	Janice, Seinfeld/Informacin asimtrica y diseno organizacional (3927)/Informacin asimtrica y diseno organizacion - Janice, Seinfeld.pdf
formato	4379	PDF	Clara, Garcia Fernandez-Muro/El sistema monetario y financiero internaciona (4379)/El sistema monetario y financiero internac - Clara, Garcia Fernandez-Muro.pdf
formato	4406	PDF	Isaac, Martinez/Campo y metodo de la macroeconomia de_.niciones y conceptos basicos (4406)/Campo y metodo de la macroeconomia de_.nic - Isaac, Martinez.pdf
formato	4439	PDF	Renzo, Alvarez Carcheri/Microeconomics public good and asymetric informaction (4439)/Microeconomics public good and asymetric i - Renzo, Alvarez Carcheri.pdf
formato	8539	PDF	Youel, Rojas Zea/Modelo estandar neo keynesiano para economia cerrada (8539)/Modelo estandar neo keynesiano para econom - Youel, Rojas Zea.pdf
formato	8968	PDF	Efrain, Gonzales de Olarte/Ajuste estructural y rforma de la economia fiscal en el peru (8968)/Ajuste estructural y rforma de la economia - Efrain, Gonzales de Olarte.pdf
formato	8981	PDF	Organizacion Internacional del Trabajo/Politicas activas en el mercado laboral en america latina y el caribel (8981)/Politicas activas en el mercado laboral en - Organizacion Internacional del Trabajo.pdf
formato	9115	PDF	Doris, Alvarado/Aplicaciones siaf, en la gestion presupuestaria_ modulo administraivo (9115)/Aplicaciones siaf, en la gestion presupues - Doris, Alvarado.pdf
