68	Julian, Ramajo Hernandez/Contarstacion modelo nonetario determinacion tipo cambio (68)/Contarstacion modelo nonetario determinaci - Julian, Ramajo Hernandez.pdf	Julian, Ramajo Hernandez/Contraste empirico del modelo monetario de tipos de cambio_ cointegracion y ajuste no lineal (68)/Contraste empirico del modelo monetario de - Julian, Ramajo Hernandez.pdf
481	Alexander, Galetovic/Microeconimia ii (481)/Microeconimia ii - Alexander, Galetovic.pdf	Alexander, Galetovic/Microeconomia II (481)/Microeconomia II - Alexander, Galetovic.pdf
557	Luis Gabriel, Paredes Morales/Los sitemas administrativos y la modernizacion del estado (557)/Los sitemas administrativos y la moderniza - Luis Gabriel, Paredes Morales.pdf	Luis Gabriel, Paredes Morales/Los sistemas administrativos y la modernizacion de la gestion publica_ aproximaciones a partir (557)/Los sistemas administrativos y la moderniz - Luis Gabriel, Paredes Morales.pdf
608	Cesar, Perez Lopez/Estadistica aplicada conceptos y ejercicos atraves de excel (608)/Estadistica aplicada conceptos y ejercicos - Cesar, Perez Lopez.pdf	Cesar, Perez Lopez/Estadistica aplicada_ conceptos y ejercicios a traves de Excel (608)/Estadistica aplicada_ conceptos y ejercici - Cesar, Perez Lopez.pdf
724	Cecilia, Garavito Masalias/Microeconomia consumidores, productores y estructures de mercado (724)/Microeconomia consumidores, productores y - Cecilia, Garavito Masalias.pdf	Cecilia, Garavito Masalias/Microeconomia_ consumidores, productores y estructuras de mercado (724)/Microeconomia_ consumidores, productores y - Cecilia, Garavito Masalias.pdf
768	Victoriano, Martin Martin/La equivocada distincin entre liberalismo econmico y liberalismo politico (768)/La equivocada distincin entre liberalismo - Victoriano, Martin Martin.pdf	Victoriano, Martin Martin/La equivocada distincion entre liberalismo economico y liberalismo politico (768)/La equivocada distincion entre liberalismo - Victoriano, Martin Martin.pdf
853	Jesus, Ferreyra/Tipo cambio real equlibrio en el peru (853)/Tipo cambio real equlibrio en el peru - Jesus, Ferreyra.pdf	Jesus, Ferreyra/Tipo de cambio real de equilibrio en el Peru_ modelos BEER y construccion de bandas de confianz (853)/Tipo de cambio real de equilibrio en el Pe - Jesus, Ferreyra.pdf
1141	Felix, Jimenez/Me002 macroeconomia enfoques y modelos ejercicios solucions (1141)/Me002 macroeconomia enfoques y modelos eje - Felix, Jimenez.pdf	Felix, Jimenez/Me002 macroeconomia_ enfoques y modelos. Ejercicios resueltos (1141)/Me002 macroeconomia_ enfoques y modelos. E - Felix, Jimenez.pdf
1161	Erick, Lahura/Regemenes cambiarios y desempeno macroeconomico una evaluacion de la literatura (1161)/Regemenes cambiarios y desempeno macroecon - Erick, Lahura.pdf	Erick, Lahura/Regimenes cambiarios y desempeno macroeconomico_ una evaluacion de la literatura (1161)/Regimenes cambiarios y desempeno macroecon - Erick, Lahura.pdf
1564	Karl R., Popper/La filosofia de la cienca (1564)/La filosofia de la cienca - Karl R., Popper.pdf	Karl R., Popper/La filosofia de la ciencia de Popper (1564)/La filosofia de la ciencia de Popper - Karl R., Popper.pdf
1972	Universidad de San Martin de Porres/Manual contabiliadad intermedia i (1972)/Manual contabiliadad intermedia i - Universidad de San Martin de Porres.pdf	Universidad de San Martin de Porres/Manual_ contabilidad intermedia I (1972)/Manual_ contabilidad intermedia I - Universidad de San Martin de Porres.pdf
3295	Juan, Mascarenas/Opciones implicitas en los intrumentos de financiamiento de las empresas (3295)/Opciones implicitas en los intrumentos de - Juan, Mascarenas.pdf	Juan, Mascarenas/Opciones implicitas en instrumentos de financiacion de la empresa (3295)/Opciones implicitas en instrumentos de fin - Juan, Mascarenas.pdf
3401	Richard, Roca/Las elasticidades de la demanada y oferta (3401)/Las elasticidades de la demanada y oferta - Richard, Roca.pdf	Richard, Roca/Las elasticidades de la demanda y la oferta (3401)/Las elasticidades de la demanda y la ofert - Richard, Roca.pdf
3488	Javier, Gorgas/Contraste de hipostesis para varias muestras (3488)/Contraste de hipostesis para varias muestr - Javier, Gorgas.pdf	Javier, Gorgas/Contrastes de hipotesis para varias muestras (3488)/Contrastes de hipotesis para varias muestr - Javier, Gorgas.pdf
3927	Janice, Seinfeld/Informacin asimtrica y diseno organizacional (3927)/Informacin asimtrica y diseno organizacion - Janice, Seinfeld.pdf	Janice, Seinfeld/Informacion asimetrica y diseno organizacional (3927)/Informacion asimetrica y diseno organizaci - Janice, Seinfeld.pdf
4379	Clara, Garcia Fernandez-Muro/El sistema monetario y financiero internaciona (4379)/El sistema monetario y financiero internac - Clara, Garcia Fernandez-Muro.pdf	Clara, Garcia Fernandez-Muro/El sistema monetario y financiero internacional (4379)/El sistema monetario y financiero internac - Clara, Garcia Fernandez-Muro.pdf
4406	Isaac, Martinez/Campo y metodo de la macroeconomia de_.niciones y conceptos basicos (4406)/Campo y metodo de la macroeconomia de_.nic - Isaac, Martinez.pdf	Isaac, Martinez/Campo y metodo de la macroeconomia_ definiciones y conceptos basicos (4406)/Campo y metodo de la macroeconomia_ defini - Isaac, Martinez.pdf
4439	Renzo, Alvarez Carcheri/Microeconomics public good and asymetric informaction (4439)/Microeconomics public good and asymetric i - Renzo, Alvarez Carcheri.pdf	Renzo, Alvarez Carcheri/Microeconomia_ bienes publicos y asimetria de la informacion (4439)/Microeconomia_ bienes publicos y asimetria - Renzo, Alvarez Carcheri.pdf
8539	Youel, Rojas Zea/Modelo estandar neo keynesiano para economia cerrada (8539)/Modelo estandar neo keynesiano para econom - Youel, Rojas Zea.pdf	Youel, Rojas Zea/Modelo estandar neokeynesiano para economia cerrada (8539)/Modelo estandar neokeynesiano para economi - Youel, Rojas Zea.pdf
8968	Efrain, Gonzales de Olarte/Ajuste estructural y rforma de la economia fiscal en el peru (8968)/Ajuste estructural y rforma de la economia - Efrain, Gonzales de Olarte.pdf	Efrain, Gonzales de Olarte/Ajuste estructural y reforma de la economia fiscal en el Peru (8968)/Ajuste estructural y reforma de la economi - Efrain, Gonzales de Olarte.pdf
8981	Organizacion Internacional del Trabajo/Politicas activas en el mercado laboral en america latina y el caribel (8981)/Politicas activas en el mercado laboral en - Organizacion Internacional del Trabajo.pdf	Organizacion Internacional del Trabajo/Soluciones eficaces_ politicas activas del mercado de trabajo en America Latina y el Caribe (8981)/Soluciones eficaces_ politicas activas del - Organizacion Internacional del Trabajo.pdf
9115	Doris, Alvarado/Aplicaciones siaf, en la gestion presupuestaria_ modulo administraivo (9115)/Aplicaciones siaf, en la gestion presupues - Doris, Alvarado.pdf	Doris, Alvarado/Aplicaciones SIAF en la gestion presupuestaria_ modulo administrativo (9115)/Aplicaciones SIAF en la gestion presupuest - Doris, Alvarado.pdf
