# libro	título viejo	título nuevo	motivo
68	Contarstacion modelo nonetario determinacion tipo cambio	Contraste empírico del modelo monetario de tipos de cambio: cointegración y ajuste no lineal	errata; verificado contra la portada del PDF (biblioteca.py texto --pagina 1)
481	Microeconimia ii	Microeconomía II	errata; verificado contra la portada del PDF (biblioteca.py texto --pagina 1)
557	Los sitemas administrativos y la modernizacion del estado	Los sistemas administrativos y la modernización de la gestión pública: aproximaciones a partir de la LOPE	errata; verificado contra la portada del PDF (biblioteca.py texto --pagina 1)
608	Estadistica aplicada conceptos y ejercicos atraves de excel	Estadística aplicada: conceptos y ejercicios a través de Excel	errata; verificado contra la portada del PDF (biblioteca.py texto --pagina 1)
724	Microeconomía consumidores, productores y estructures de mercado	Microeconomía: consumidores, productores y estructuras de mercado	errata; verificado contra la portada del PDF (biblioteca.py texto --pagina 1)
768	La equivocada distincin entre liberalismo econmico y liberalismo politico	La equivocada distinción entre liberalismo económico y liberalismo político	errata; verificado contra la portada del PDF (biblioteca.py texto --pagina 1)
853	Tipo cambio real equlibrio en el perú	Tipo de cambio real de equilibrio en el Perú: modelos BEER y construcción de bandas de confianza	errata; verificado contra la portada del PDF (biblioteca.py texto --pagina 1)
1141	Me002 macroeconomia enfoques y modelos ejercicios solucions	Me002 macroeconomía: enfoques y modelos. Ejercicios resueltos	errata; verificado contra la portada del PDF (biblioteca.py texto --pagina 1)
1161	Regemenes cambiarios y desempeno macroeconomico una evaluacion de la literatura	Regímenes cambiarios y desempeño macroeconómico: una evaluación de la literatura	errata; verificado contra la portada del PDF (biblioteca.py texto --pagina 1)
1492	La problemática naciónal	La problemática nacional	errata; verificado contra la portada del PDF (biblioteca.py texto --pagina 1)
1564	La filosofia de la cienca	La filosofía de la ciencia de Popper	errata; verificado contra la portada del PDF (biblioteca.py texto --pagina 1)
1972	Manual contabiliadad intermedia i	Manual: contabilidad intermedia I	errata; verificado contra la portada del PDF (biblioteca.py texto --pagina 1)
3295	Opciones implicitas en los intrumentos de financiamiento de las empresas	Opciones implícitas en instrumentos de financiación de la empresa	errata; verificado contra la portada del PDF (biblioteca.py texto --pagina 1)
3401	Las elasticidades de la demanada y oferta	Las elasticidades de la demanda y la oferta	errata; verificado contra la portada del PDF (biblioteca.py texto --pagina 1)
3488	Contraste de hipostesis para varias muestras	Contrastes de hipótesis para varias muestras	errata; verificado contra la portada del PDF (biblioteca.py texto --pagina 1)
3927	Informacin asimtrica y diseño organizacional	Información asimétrica y diseño organizacional	errata; verificado contra la portada del PDF (biblioteca.py texto --pagina 1)
4379	El sistema monetario y financiero internaciona	El sistema monetario y financiero internacional	errata; verificado contra la portada del PDF (biblioteca.py texto --pagina 1)
4406	Campo y método de la macroeconomía de...niciones y conceptos básicos	Campo y método de la macroeconomía: definiciones y conceptos básicos	errata; verificado contra la portada del PDF (biblioteca.py texto --pagina 1)
4439	Microeconomics public good and asymetric informaction	Microeconomía: bienes públicos y asimetría de la información	errata; verificado contra la portada del PDF (biblioteca.py texto --pagina 1)
8539	Modelo estandar neo keynesiano para economıa cerrada	Modelo estándar neokeynesiano para economía cerrada	errata; verificado contra la portada del PDF (biblioteca.py texto --pagina 1)
8968	Ajuste estructural y rforma de la economía fiscal en el perú	Ajuste estructural y reforma de la economía fiscal en el Perú	errata; verificado contra la portada del PDF (biblioteca.py texto --pagina 1)
8981	Politicas activas en el mercado laboral en america latina y el caribel	Soluciones eficaces: políticas activas del mercado de trabajo en América Latina y el Caribe	errata; verificado contra la portada del PDF (biblioteca.py texto --pagina 1)
9115	Aplicaciones siaf, en la gestión presupuestaria: módulo administraivo	Aplicaciones SIAF en la gestión presupuestaria: módulo administrativo	errata; verificado contra la portada del PDF (biblioteca.py texto --pagina 1)
