libro	título	antes	después	motivo
10361	Modelo para la presentación de proposiciones legislativas (formato)		Book	tipo de Zotero
10362	Exposición de motivos del Proyecto de Ley N.° 00098/2026-CD de delegación de facultades legislativas (Oficio N.° 245-2026-PR), 436 pp.		Book	tipo de Zotero
10407	Comisión de Economía aprueba informe que declara no viable delegación de facultades legislativas al Ejecutivo (nota de prensa, 16 de setiembre de 2026)		Book	tipo de Zotero
10408	Diputados piden mayor precisión al Ejecutivo en solicitud de facultades legislativas (nota de prensa, 9 de setiembre de 2026)		Book	tipo de Zotero
10409	Pleno aprueba reglamentos del Congreso, de Cámara de Diputados y del Senado (nota de prensa, 23 de octubre de 2025)		Book	tipo de Zotero
10410	Oficializan reglamentos del Congreso, de Cámara de Diputados y del Senado (nota de prensa, 13 de noviembre de 2025)		Book	tipo de Zotero
10411	Comisión Bicameral aprueba cronograma de presentaciones para sustentación del presupuesto público 2027 (nota de prensa, 1 de setiembre de 2026)		Book	tipo de Zotero
10412	OECD Style Guide, third edition (2015)		Book	tipo de Zotero
10413	World Bank Group Publications Editorial Style Guide 2020		Book	tipo de Zotero
10414	Manual editorial de la CEPAL		Book	tipo de Zotero
10415	Informe temático 40: Comisiones de investigación (Departamento de Investigación y Documentación Parlamentaria)		Book	tipo de Zotero
10438	RFC 3339. Date and Time on the Internet: Timestamps	Document	Standard	norma ISO, RFC o CCSDS
10444	Preserving Your Digital Memories: How to Preserve Your Own Digital Materials (Personal Archiving)	Pamphlet	Document	Zotero no tiene Pamphlet
10447	RFC 8259. The JavaScript Object Notation (JSON) Data Interchange Format (STD 90)	Document	Standard	norma ISO, RFC o CCSDS
10451	RFC 8174. Ambiguity of Uppercase vs Lowercase in RFC 2119 Key Words (BCP 14)	Document	Standard	norma ISO, RFC o CCSDS
10452	RFC 2119. Key words for use in RFCs to Indicate Requirement Levels (BCP 14)	Document	Standard	norma ISO, RFC o CCSDS
10513	ISO/IEC 25010 (ISO 25000 Portal, iso25000.com, web, consultado 2026-10-05)	Webpage	Standard	norma ISO, RFC o CCSDS
